{"type":"FeatureCollection","features":[{"type":"Feature","id":218,"properties":{"sectionCode":"0400","sectionName":"中山段一小段","districtName":"中山區","fullName":"中山區中山段一小段"},"geometry":{"type":"Polygon","coordinates":[[[121.5254343,25.060257],[121.5251947,25.0602445],[121.5249012,25.0602517],[121.5246088,25.0602593],[121.524556,25.0602607],[121.5245059,25.060262],[121.5244569,25.0602633],[121.5244057,25.0602647],[121.5242323,25.0602692],[121.5241783,25.0602706],[121.5231567,25.0602974],[121.5231631,25.060431],[121.523164,25.0604645],[121.5231681,25.0606077],[121.5231706,25.0607427],[121.5231694,25.0608386],[121.5231639,25.0609672],[121.5231599,25.061021],[121.5231524,25.0611192],[121.5231491,25.0611663],[121.5231412,25.0612682],[121.5231362,25.0613054],[121.5231331,25.061334],[121.523127,25.0613874],[121.5231218,25.061431],[121.5231113,25.0615001],[121.5231025,25.0615562],[121.5230926,25.0616074],[121.5230732,25.061708],[121.5230593,25.0617794],[121.523023,25.0619318],[121.5229844,25.0620963],[121.5229711,25.0621546],[121.5229569,25.062214],[121.5229428,25.062275],[121.5228876,25.0625117],[121.522846,25.0626894],[121.5228327,25.0627459],[121.5228155,25.0628193],[121.5228023,25.062876],[121.5227719,25.0630056],[121.5227628,25.0630436],[121.5227488,25.0631025],[121.5227368,25.0631542],[121.5227254,25.0632035],[121.5227071,25.0632808],[121.5226963,25.0633275],[121.5226848,25.0633752],[121.5226743,25.0634213],[121.5226627,25.0634688],[121.5226516,25.0635166],[121.5226407,25.0635636],[121.5226292,25.0636114],[121.5226171,25.063665],[121.522607,25.0637186],[121.5226014,25.0637474],[121.5225725,25.063886],[121.5225585,25.0639542],[121.5225509,25.064003],[121.5225429,25.0640523],[121.5225349,25.0641012],[121.5225273,25.0641491],[121.5225196,25.0641992],[121.5225108,25.0642529],[121.5225046,25.0643044],[121.5224962,25.0643691],[121.5224915,25.0644172],[121.5224859,25.0644664],[121.5224804,25.0645153],[121.5224754,25.0645636],[121.5224712,25.0646133],[121.5224661,25.0646615],[121.5224635,25.0647058],[121.5224605,25.0647553],[121.5224572,25.0648037],[121.5224558,25.0648252],[121.5224539,25.0648566],[121.5224509,25.0649924],[121.5224474,25.065122],[121.5224479,25.0651912],[121.5224495,25.0653858],[121.5224502,25.0654637],[121.5224518,25.0654943],[121.5224519,25.0654958],[121.5224552,25.0655622],[121.5224574,25.0656047],[121.5224604,25.0656667],[121.5224646,25.0657241],[121.5224696,25.0657835],[121.5224768,25.0658585],[121.5224806,25.0659001],[121.5224875,25.0659596],[121.5224927,25.066023],[121.5224942,25.0660268],[121.5225023,25.0660926],[121.5225109,25.0661515],[121.5225129,25.066166],[121.5225238,25.0662434],[121.5225346,25.0663204],[121.5225435,25.0663698],[121.5225478,25.066391],[121.522564,25.0664847],[121.5225696,25.066518],[121.5225841,25.0665867],[121.5226002,25.0666668],[121.5226081,25.0667068],[121.5226146,25.0667391],[121.5226425,25.0668733],[121.522699,25.0670857],[121.5227078,25.067119],[121.5227704,25.0673513],[121.5227992,25.0674585],[121.5228129,25.0675089],[121.5228258,25.0675561],[121.5228388,25.0676047],[121.5228511,25.0676518],[121.5228635,25.0676997],[121.5228782,25.0677543],[121.52289,25.0677981],[121.5229018,25.0678424],[121.5229251,25.0679293],[121.5229373,25.067974],[121.5229601,25.0680585],[121.5229745,25.0681112],[121.523009,25.0682361],[121.5230198,25.0682756],[121.5230202,25.068277],[121.5230647,25.0684417],[121.5230654,25.0684442],[121.5230656,25.0684442],[121.5242662,25.0684207],[121.5257567,25.0683903],[121.5257545,25.0682772],[121.5257545,25.0682758],[121.5257545,25.0682738],[121.5257542,25.0682606],[121.5257507,25.0681112],[121.525734,25.0673817],[121.525717,25.0666438],[121.525706,25.0661951],[121.5256961,25.0658123],[121.5256861,25.0653821],[121.5256755,25.0649286],[121.5256739,25.0648322],[121.5256671,25.0645328],[121.5256449,25.0636653],[121.5256386,25.0633588],[121.5256277,25.062873],[121.5256277,25.0628724],[121.5256252,25.0627736],[121.5256239,25.0627176],[121.5256226,25.062666],[121.5256213,25.0626144],[121.5256212,25.0626101],[121.5256188,25.0625132],[121.5256188,25.0625126],[121.525614,25.0622829],[121.5256138,25.0622753],[121.5256026,25.0617444],[121.525602,25.0617147],[121.5255937,25.0613159],[121.5255886,25.0610733],[121.5255716,25.0602641],[121.5255685,25.060264],[121.5254701,25.060259],[121.5254343,25.060257]]]}},{"type":"Feature","id":219,"properties":{"sectionCode":"0401","sectionName":"中山段二小段","districtName":"中山區","fullName":"中山區中山段二小段"},"geometry":{"type":"Polygon","coordinates":[[[121.5226963,25.0633275],[121.5227071,25.0632808],[121.5227254,25.0632035],[121.5227368,25.0631542],[121.5227488,25.0631025],[121.5227628,25.0630436],[121.5227719,25.0630056],[121.5228023,25.062876],[121.5228155,25.0628193],[121.5228327,25.0627459],[121.522846,25.0626894],[121.5228876,25.0625117],[121.5229428,25.062275],[121.5229569,25.062214],[121.5229711,25.0621546],[121.5229844,25.0620963],[121.523023,25.0619318],[121.5230593,25.0617794],[121.5230732,25.061708],[121.5230926,25.0616074],[121.5231025,25.0615562],[121.5231113,25.0615001],[121.5231218,25.061431],[121.523127,25.0613874],[121.5231331,25.061334],[121.5231362,25.0613054],[121.5231412,25.0612682],[121.5231491,25.0611663],[121.5231524,25.0611192],[121.5231599,25.061021],[121.5231639,25.0609672],[121.5231694,25.0608386],[121.5231706,25.0607427],[121.5231681,25.0606077],[121.523164,25.0604645],[121.5231631,25.060431],[121.5231567,25.0602974],[121.5227576,25.0602351],[121.5224111,25.0602438],[121.5219393,25.0602553],[121.5217871,25.0602591],[121.5211105,25.0602768],[121.5207418,25.0602853],[121.5206489,25.0602879],[121.5206481,25.0602879],[121.5204462,25.0602925],[121.5204449,25.0602926],[121.5203949,25.0604286],[121.5203961,25.0604286],[121.520585,25.0604235],[121.5205845,25.0604245],[121.5204371,25.0607079],[121.5204387,25.0607085],[121.520446,25.0607111],[121.5204453,25.0607124],[121.5203664,25.0608533],[121.5203633,25.0608609],[121.520195,25.0612642],[121.5199533,25.0618413],[121.5198009,25.0621477],[121.519777,25.0621955],[121.5197524,25.0622674],[121.5196135,25.062673],[121.5195583,25.0626746],[121.5195578,25.0626747],[121.5195567,25.062677],[121.5195563,25.0626779],[121.5194718,25.0629427],[121.5194434,25.0630319],[121.5194409,25.0630387],[121.5195062,25.0630371],[121.5193981,25.0633301],[121.5193441,25.0633215],[121.5193202,25.0634178],[121.5193207,25.0634179],[121.5193631,25.063425],[121.5192852,25.0641137],[121.5192678,25.064364],[121.5192868,25.0645731],[121.5194385,25.0654515],[121.5194412,25.0654582],[121.5194702,25.0655293],[121.5194988,25.0655995],[121.519499,25.0655999],[121.519512,25.0656318],[121.519495,25.065874],[121.5194953,25.0658761],[121.5194981,25.0658975],[121.5196115,25.0667589],[121.5198234,25.0683727],[121.5198263,25.068395],[121.5198265,25.0683966],[121.5198427,25.0685082],[121.5198434,25.0685082],[121.5207265,25.0684904],[121.5215351,25.068474],[121.5217127,25.0684704],[121.5217712,25.0684693],[121.5220743,25.0684631],[121.5220947,25.0684627],[121.5225496,25.0684535],[121.5226546,25.0684514],[121.5226606,25.0684513],[121.5230654,25.0684442],[121.5230647,25.0684417],[121.5230202,25.068277],[121.5230198,25.0682756],[121.523009,25.0682361],[121.5229745,25.0681112],[121.5229601,25.0680585],[121.5229373,25.067974],[121.5229251,25.0679293],[121.5229018,25.0678424],[121.52289,25.0677981],[121.5228782,25.0677543],[121.5228635,25.0676997],[121.5228511,25.0676518],[121.5228388,25.0676047],[121.5228258,25.0675561],[121.5228129,25.0675089],[121.5227992,25.0674585],[121.5227704,25.0673513],[121.5227078,25.067119],[121.522699,25.0670857],[121.5226425,25.0668733],[121.5226151,25.0667416],[121.5226146,25.0667391],[121.5226081,25.0667068],[121.5226002,25.0666668],[121.5225841,25.0665867],[121.5225696,25.066518],[121.522564,25.0664847],[121.5225478,25.066391],[121.5225435,25.0663698],[121.5225346,25.0663204],[121.5225238,25.0662434],[121.5225129,25.066166],[121.5225109,25.0661515],[121.5225023,25.0660926],[121.5224942,25.0660268],[121.5224927,25.066023],[121.5224875,25.0659596],[121.5224806,25.0659001],[121.5224768,25.0658585],[121.5224696,25.0657835],[121.5224646,25.0657241],[121.5224604,25.0656667],[121.5224574,25.0656047],[121.5224552,25.0655622],[121.5224519,25.0654958],[121.5224518,25.0654943],[121.5224502,25.0654637],[121.5224495,25.0653858],[121.5224479,25.0651912],[121.5224474,25.065122],[121.5224509,25.0649924],[121.5224539,25.0648566],[121.5224558,25.0648252],[121.5224572,25.0648037],[121.5224605,25.0647553],[121.5224635,25.0647058],[121.5224661,25.0646615],[121.5224712,25.0646133],[121.5224754,25.0645636],[121.5224804,25.0645153],[121.5224859,25.0644664],[121.5224915,25.0644172],[121.5224962,25.0643691],[121.5225046,25.0643044],[121.5225108,25.0642529],[121.5225196,25.0641992],[121.5225273,25.0641491],[121.5225349,25.0641012],[121.5225429,25.0640523],[121.5225509,25.064003],[121.5225585,25.0639542],[121.5225725,25.063886],[121.5226014,25.0637474],[121.522607,25.0637186],[121.5226171,25.063665],[121.5226292,25.0636114],[121.5226407,25.0635636],[121.5226516,25.0635166],[121.5226627,25.0634688],[121.5226743,25.0634213],[121.5226848,25.0633752],[121.5226963,25.0633275]]]}},{"type":"Feature","id":220,"properties":{"sectionCode":"0402","sectionName":"中山段三小段","districtName":"中山區","fullName":"中山區中山段三小段"},"geometry":{"type":"Polygon","coordinates":[[[121.5250588,25.0602478],[121.5251947,25.0602445],[121.5252379,25.0602468],[121.5254343,25.060257],[121.5254701,25.060259],[121.5255685,25.060264],[121.5255716,25.0602641],[121.5255487,25.0592871],[121.5255442,25.0590831],[121.525524,25.0581757],[121.5254915,25.0566014],[121.525463,25.0553561],[121.5254549,25.0550284],[121.5254504,25.0548475],[121.5254401,25.054398],[121.5254297,25.0539308],[121.5254277,25.0538559],[121.525426,25.0537581],[121.5253958,25.0522928],[121.5253958,25.052292],[121.525266,25.0522974],[121.5252659,25.0522974],[121.5251911,25.0523006],[121.525191,25.0523006],[121.5250702,25.0523059],[121.5249279,25.052312],[121.5249099,25.0523128],[121.5248277,25.0523162],[121.5245213,25.0523302],[121.5244421,25.0523337],[121.5243792,25.0523366],[121.5243208,25.0523394],[121.5242041,25.0523449],[121.5240977,25.0523495],[121.5240444,25.0523518],[121.5239821,25.0523547],[121.523928,25.0523573],[121.5238752,25.0523597],[121.5238204,25.0523622],[121.523767,25.0523646],[121.5236602,25.0523695],[121.5236577,25.0523696],[121.5235897,25.0523728],[121.5235883,25.0523728],[121.5235186,25.0523762],[121.5234618,25.0523787],[121.5234075,25.0523811],[121.5233543,25.0523835],[121.5232998,25.0523858],[121.5232459,25.0523882],[121.523185,25.0523911],[121.523126,25.0523938],[121.5230609,25.0523965],[121.5230227,25.0523985],[121.5228349,25.0524067],[121.5227683,25.0524726],[121.522773,25.0525497],[121.5227849,25.0527162],[121.5227887,25.0527722],[121.5227909,25.0528228],[121.5227995,25.0529962],[121.5228017,25.0530434],[121.522804,25.0530896],[121.5228064,25.0531389],[121.5228088,25.0531926],[121.5228126,25.0532556],[121.5228178,25.0533573],[121.5228253,25.0535026],[121.5228513,25.0539683],[121.5228552,25.0540415],[121.5228564,25.0540676],[121.5228581,25.0540978],[121.5228759,25.0544112],[121.5228773,25.0544366],[121.5228806,25.0545081],[121.5228846,25.0545763],[121.5228874,25.0546298],[121.5228899,25.0546788],[121.5228926,25.0547255],[121.522895,25.0547714],[121.5228975,25.0548182],[121.5228989,25.0548513],[121.5229044,25.0549468],[121.5229132,25.0550976],[121.5229404,25.0556346],[121.5229515,25.055851],[121.5229554,25.0559063],[121.5229577,25.0559576],[121.5229605,25.0560053],[121.522963,25.0560552],[121.5229808,25.0563899],[121.5229914,25.0565787],[121.5229965,25.0566715],[121.5230178,25.0570742],[121.5230213,25.0571402],[121.5230348,25.0574374],[121.5230368,25.0574853],[121.5230402,25.0575598],[121.5230415,25.0576074],[121.5230427,25.0576569],[121.5230438,25.0577061],[121.5230453,25.0577655],[121.5230482,25.0578333],[121.5230604,25.0581294],[121.5230685,25.0583036],[121.5230691,25.0583199],[121.5230721,25.05839],[121.5230744,25.0584442],[121.5230768,25.0584982],[121.5230789,25.0585517],[121.5230816,25.0586083],[121.5230879,25.0587652],[121.5230902,25.0588192],[121.5230922,25.058865],[121.5230941,25.0589121],[121.5230968,25.0589732],[121.5230988,25.0590189],[121.5231009,25.0590654],[121.5231048,25.0591574],[121.5231069,25.0592066],[121.5231091,25.0592556],[121.5231111,25.0592992],[121.5231133,25.0593467],[121.5231164,25.0594191],[121.5231187,25.0594677],[121.5231212,25.0595166],[121.5231303,25.0597152],[121.5231362,25.0598473],[121.5231398,25.0599302],[121.5231435,25.0600134],[121.5231567,25.0602974],[121.5233376,25.0602927],[121.5234512,25.0602897],[121.5235664,25.0602867],[121.523595,25.0602859],[121.5236449,25.0602846],[121.5237472,25.0602819],[121.5238564,25.0602791],[121.5239639,25.0602763],[121.5240715,25.0602734],[121.5241783,25.0602706],[121.5242323,25.0602692],[121.524289,25.0602677],[121.5244057,25.0602647],[121.5244569,25.0602633],[121.5245059,25.060262],[121.524556,25.0602607],[121.5246088,25.0602593],[121.5246777,25.0602575],[121.5249012,25.0602517],[121.5250588,25.0602478]]]}},{"type":"Feature","id":221,"properties":{"sectionCode":"0403","sectionName":"中山段四小段","districtName":"中山區","fullName":"中山區中山段四小段"},"geometry":{"type":"Polygon","coordinates":[[[121.5231567,25.0602974],[121.5231435,25.0600134],[121.5231398,25.0599302],[121.5231362,25.0598473],[121.5231303,25.0597152],[121.5231212,25.0595166],[121.5231187,25.0594677],[121.5231164,25.0594191],[121.5231133,25.0593467],[121.5231111,25.0592992],[121.5231091,25.0592556],[121.5231069,25.0592066],[121.5231048,25.0591574],[121.5231009,25.0590654],[121.5230988,25.0590189],[121.5230968,25.0589732],[121.5230941,25.0589121],[121.5230922,25.058865],[121.5230902,25.0588192],[121.5230879,25.0587652],[121.5230816,25.0586083],[121.5230789,25.0585517],[121.5230768,25.0584982],[121.5230744,25.0584442],[121.5230721,25.05839],[121.5230691,25.0583199],[121.5230685,25.0583036],[121.5230604,25.0581294],[121.5230482,25.0578333],[121.5230453,25.0577655],[121.5230438,25.0577061],[121.5230427,25.0576569],[121.5230415,25.0576074],[121.5230402,25.0575598],[121.5230368,25.0574853],[121.5230348,25.0574374],[121.5230213,25.0571402],[121.5230178,25.0570742],[121.5229965,25.0566715],[121.5229914,25.0565787],[121.5229808,25.0563899],[121.522963,25.0560552],[121.5229605,25.0560053],[121.5229577,25.0559576],[121.5229554,25.0559063],[121.5229515,25.055851],[121.5229404,25.0556346],[121.5229132,25.0550976],[121.5229044,25.0549468],[121.5228989,25.0548513],[121.5228975,25.0548182],[121.522895,25.0547714],[121.5228926,25.0547255],[121.5228899,25.0546788],[121.5228874,25.0546298],[121.5228846,25.0545763],[121.5228806,25.0545081],[121.5228773,25.0544366],[121.5228759,25.0544112],[121.5228581,25.0540978],[121.5228564,25.0540676],[121.5228552,25.0540415],[121.5228513,25.0539683],[121.5228253,25.0535026],[121.5228178,25.0533573],[121.5228126,25.0532556],[121.5228088,25.0531926],[121.5228064,25.0531389],[121.522804,25.0530896],[121.5228017,25.0530434],[121.5227995,25.0529962],[121.5227909,25.0528228],[121.5227887,25.0527722],[121.5227849,25.0527162],[121.522773,25.0525497],[121.5227683,25.0524726],[121.5228349,25.0524067],[121.5228134,25.0524078],[121.5223555,25.0524245],[121.5223123,25.0521375],[121.5222511,25.0521503],[121.5221265,25.0521764],[121.5219559,25.0522074],[121.52188,25.0522209],[121.5218193,25.0522321],[121.5216313,25.0522671],[121.5215061,25.0522905],[121.5214624,25.0522992],[121.5214619,25.0522993],[121.5214516,25.0523011],[121.5214485,25.0523013],[121.5208412,25.0524149],[121.5208285,25.0524173],[121.5204837,25.0524806],[121.5204678,25.0524835],[121.5204748,25.0526166],[121.5204836,25.0527476],[121.5204842,25.0527607],[121.5205505,25.0536335],[121.5205541,25.0536885],[121.5205946,25.054323],[121.5205947,25.0543231],[121.5206413,25.0550529],[121.520666,25.0554883],[121.520686,25.0557859],[121.5207203,25.056298],[121.5207299,25.0564469],[121.5207457,25.0566907],[121.5207487,25.0567432],[121.5207613,25.0569529],[121.5207761,25.0572283],[121.5207891,25.0575017],[121.52079,25.0575278],[121.5207915,25.0575614],[121.5207945,25.0576401],[121.5206944,25.0576291],[121.5207033,25.0577796],[121.5207998,25.057791],[121.520812,25.0580165],[121.5208497,25.058409],[121.5208786,25.0590321],[121.5208771,25.0590406],[121.5208696,25.0590846],[121.5208692,25.0590903],[121.5208454,25.0594809],[121.5208421,25.0594966],[121.5208297,25.0595553],[121.5208297,25.0595554],[121.520765,25.059862],[121.5206489,25.0602879],[121.5207418,25.0602853],[121.5207526,25.0602851],[121.5208213,25.0602835],[121.5208669,25.0602824],[121.5209149,25.0602813],[121.520964,25.0602802],[121.521013,25.060279],[121.5210198,25.0602789],[121.5210617,25.0602779],[121.5211105,25.0602768],[121.5211591,25.0602755],[121.5212246,25.0602738],[121.5212912,25.0602721],[121.5214102,25.060269],[121.5215175,25.0602662],[121.52163,25.0602632],[121.5217871,25.0602591],[121.5219393,25.0602553],[121.5220429,25.0602528],[121.5220955,25.0602515],[121.5221467,25.0602503],[121.5221947,25.0602491],[121.5222439,25.0602479],[121.5222929,25.0602467],[121.5223436,25.0602454],[121.5224111,25.0602438],[121.5227222,25.060236],[121.5227576,25.0602351],[121.5231567,25.0602974]]]}},{"type":"Feature","id":222,"properties":{"sectionCode":"0405","sectionName":"北安段一小段","districtName":"中山區","fullName":"中山區北安段一小段"},"geometry":{"type":"Polygon","coordinates":[[[121.5521834,25.0917764],[121.5522111,25.091659],[121.5523038,25.0915451],[121.5524135,25.0914297],[121.5525567,25.0913259],[121.5527654,25.0910367],[121.5528486,25.0908684],[121.5532668,25.0900222],[121.5532736,25.0900078],[121.5533709,25.0899616],[121.5536622,25.0898235],[121.5537363,25.0897804],[121.5538341,25.0897203],[121.5539553,25.0896156],[121.5540711,25.0893838],[121.5540715,25.0893821],[121.5541193,25.0892093],[121.5541213,25.0892076],[121.5544454,25.0889279],[121.5547303,25.0887554],[121.554785,25.0886711],[121.5549313,25.0885708],[121.555085,25.0884655],[121.555358,25.0884331],[121.5554466,25.0883979],[121.5557779,25.0882722],[121.5557779,25.0882722],[121.5557959,25.0882654],[121.5561152,25.0882053],[121.5563972,25.088154],[121.5565146,25.0881478],[121.556617,25.0880786],[121.556812,25.0880615],[121.5573137,25.0878836],[121.5573494,25.0878709],[121.5572382,25.08771],[121.5571074,25.0875168],[121.5569092,25.0872801],[121.5568943,25.0872207],[121.5568453,25.0870231],[121.5568346,25.0868235],[121.556855,25.0864779],[121.5568375,25.086279],[121.5568384,25.0862767],[121.5568666,25.0862094],[121.5570212,25.0858394],[121.5572431,25.085616],[121.5572904,25.0855746],[121.5575907,25.0853039],[121.5576567,25.0852832],[121.5576707,25.0852645],[121.5576638,25.0852139],[121.5576736,25.0851761],[121.5577099,25.0850357],[121.5577153,25.0849546],[121.5577073,25.0848641],[121.5577058,25.0848494],[121.557706,25.0848489],[121.5577437,25.0847364],[121.5577514,25.0847135],[121.5577686,25.0846643],[121.5577707,25.0846572],[121.5577718,25.0846569],[121.5578202,25.0846419],[121.5578203,25.0846418],[121.5578647,25.0845398],[121.5578703,25.0845073],[121.5578762,25.0844726],[121.5578769,25.0844683],[121.5578771,25.0844672],[121.5578143,25.0844498],[121.5577452,25.0844321],[121.5577312,25.0844294],[121.5575986,25.0844043],[121.5575024,25.0843898],[121.5573744,25.0843805],[121.5572972,25.0843783],[121.5572137,25.0843786],[121.5571676,25.0843803],[121.5570979,25.0843845],[121.5570299,25.084391],[121.5569764,25.0843982],[121.5569628,25.0844],[121.5569508,25.0844016],[121.5568915,25.0844094],[121.556808,25.0844243],[121.5567664,25.0844335],[121.5567537,25.0844367],[121.5567486,25.0844381],[121.5567304,25.0844435],[121.5567166,25.0844474],[121.5566571,25.0844647],[121.5566214,25.0844751],[121.5564933,25.0845123],[121.5564017,25.0845394],[121.5561873,25.0846027],[121.5558087,25.0847147],[121.5545574,25.0850849],[121.5542999,25.0851606],[121.5542599,25.0851729],[121.5537868,25.0853127],[121.5537505,25.0853236],[121.5536615,25.0853502],[121.5534253,25.0854179],[121.5532715,25.0854622],[121.5532651,25.085464],[121.55275,25.0856127],[121.5527385,25.085616],[121.5526001,25.0856569],[121.5524304,25.0857049],[121.5523478,25.0857278],[121.5522372,25.0857586],[121.5521936,25.085771],[121.5521325,25.085786],[121.5520802,25.085799],[121.5520721,25.0858011],[121.5520588,25.0858029],[121.5520341,25.0858056],[121.5519948,25.0858089],[121.5519713,25.0858111],[121.551926,25.085812],[121.5519145,25.0858122],[121.5518703,25.0858124],[121.5518483,25.0858122],[121.5517954,25.0858099],[121.5517433,25.0858061],[121.5516903,25.0858007],[121.5516276,25.0857915],[121.5515757,25.0857815],[121.5515105,25.0857667],[121.5514915,25.0857629],[121.5514068,25.085737],[121.5513612,25.0857222],[121.551308,25.0857022],[121.5512918,25.085696],[121.5512681,25.0856859],[121.5512575,25.0856817],[121.5512095,25.0856604],[121.5511007,25.0856104],[121.5510859,25.0856027],[121.5510106,25.085565],[121.5507277,25.085413],[121.550625,25.0853572],[121.5503897,25.0852294],[121.5502503,25.0851543],[121.5502289,25.0851427],[121.550207,25.0851308],[121.5501294,25.0850786],[121.5500732,25.0850396],[121.5500345,25.08501],[121.5500086,25.0849876],[121.5499782,25.0849614],[121.5499744,25.0849586],[121.5499248,25.084913],[121.5499206,25.0849084],[121.5498216,25.0848095],[121.5497619,25.0847397],[121.5497194,25.084688],[121.5496844,25.0846381],[121.5496553,25.0845958],[121.5496246,25.0845491],[121.5496044,25.0845169],[121.5495809,25.0844775],[121.5495472,25.0844181],[121.5495333,25.0843927],[121.5494972,25.0843265],[121.5494714,25.0842224],[121.5494262,25.0842157],[121.549359,25.084206],[121.5493582,25.084205],[121.5493578,25.0842045],[121.5493213,25.0841658],[121.5492121,25.084164],[121.5492071,25.0841802],[121.5492247,25.0842498],[121.5491942,25.0842307],[121.5491839,25.0842242],[121.5491799,25.0842247],[121.5489533,25.0842529],[121.5488538,25.0842659],[121.548799,25.0842729],[121.5487827,25.0842751],[121.5487266,25.0842729],[121.5483519,25.0842593],[121.5482849,25.0842561],[121.5476645,25.084233],[121.547484,25.0842271],[121.5474834,25.0842271],[121.547459,25.0842261],[121.5471695,25.0842151],[121.5471666,25.084215],[121.5468666,25.0842037],[121.5468449,25.0842028],[121.5467636,25.0841995],[121.5467229,25.0841979],[121.5466953,25.0841968],[121.5466842,25.0841964],[121.5465937,25.0841932],[121.5463799,25.0841855],[121.5463619,25.0841838],[121.5462374,25.0841805],[121.5462265,25.0841787],[121.5459725,25.0841694],[121.5459494,25.0841685],[121.5458175,25.0841638],[121.5457932,25.084164],[121.5454134,25.0841497],[121.544667,25.0841216],[121.5446554,25.0841315],[121.5446391,25.0841456],[121.5446091,25.0851879],[121.5446086,25.0852047],[121.544608,25.085237],[121.5446072,25.0852773],[121.544605,25.0853845],[121.5446039,25.0854115],[121.54464,25.0854824],[121.5444993,25.0854367],[121.5444862,25.0854296],[121.5444571,25.0854139],[121.5443378,25.0853497],[121.5442511,25.0853585],[121.5440714,25.0854769],[121.5440345,25.0855417],[121.5439869,25.085625],[121.5439424,25.0857483],[121.5438616,25.0859773],[121.5437507,25.0862424],[121.5436756,25.0865095],[121.5435664,25.0868282],[121.5435232,25.0870439],[121.5434354,25.0874823],[121.5431147,25.08814],[121.5430868,25.0881839],[121.5430473,25.0882429],[121.5429276,25.0884222],[121.54272,25.0885985],[121.5427972,25.0888179],[121.5428003,25.0891355],[121.5428356,25.0892453],[121.5428824,25.089295],[121.542916,25.0893656],[121.5430935,25.0895402],[121.543128,25.0895654],[121.5431772,25.089689],[121.5431005,25.0898946],[121.5430616,25.0899722],[121.5430855,25.0900144],[121.5430769,25.0900497],[121.5428389,25.0901388],[121.5427763,25.0901961],[121.5427994,25.0903655],[121.5427357,25.0905006],[121.5426826,25.0906004],[121.5426201,25.0905871],[121.5424999,25.090839],[121.5423445,25.0913286],[121.5422719,25.0914058],[121.5422067,25.0917188],[121.5421962,25.0917702],[121.5421847,25.0918266],[121.5421844,25.0918279],[121.5423918,25.0917107],[121.5423925,25.0917102],[121.5423978,25.0917069],[121.5424095,25.0917043],[121.5424209,25.0917016],[121.5425506,25.0916714],[121.5425703,25.0916667],[121.5427168,25.0916795],[121.5429199,25.0916486],[121.5430512,25.091685],[121.5431557,25.0916918],[121.5432025,25.091684],[121.5433058,25.0917014],[121.5434634,25.0917149],[121.5434832,25.0917119],[121.5435648,25.0916993],[121.5435749,25.0916977],[121.5437554,25.0917182],[121.5438066,25.091724],[121.5439651,25.0917159],[121.5440258,25.0916958],[121.5440473,25.0916751],[121.544105,25.0916195],[121.5441242,25.0916009],[121.5442366,25.0915238],[121.5443874,25.091271],[121.5444587,25.091202],[121.5444756,25.0911856],[121.5444877,25.0911739],[121.5445285,25.0911383],[121.5445844,25.0910566],[121.544587,25.0910528],[121.5446472,25.0909015],[121.5446558,25.0908554],[121.5446867,25.090691],[121.5448284,25.0904471],[121.5448315,25.0904471],[121.5448845,25.090447],[121.5448845,25.090447],[121.5449718,25.0904467],[121.545071,25.0904181],[121.5452473,25.09042],[121.5454191,25.0903994],[121.545475,25.0903874],[121.5455378,25.0903709],[121.5456365,25.0903438],[121.5458365,25.0903814],[121.5458691,25.0903878],[121.5463298,25.090603],[121.5464715,25.0905839],[121.5464922,25.0905852],[121.5466107,25.0905783],[121.5466774,25.0906116],[121.546887,25.0906415],[121.5471916,25.0906155],[121.5473391,25.0906461],[121.5474023,25.0906596],[121.5475188,25.0906804],[121.5477585,25.0906896],[121.54784,25.0907176],[121.5479967,25.0908742],[121.548446,25.0909116],[121.5485554,25.0909428],[121.5487642,25.0910023],[121.5490304,25.0909467],[121.5491981,25.0910777],[121.5493828,25.0912672],[121.5494034,25.0913339],[121.5494187,25.0913833],[121.5494448,25.0914705],[121.5495318,25.0916491],[121.5497258,25.0917767],[121.5498785,25.091779],[121.55014,25.0917826],[121.5502839,25.0918673],[121.5503659,25.0918537],[121.5506087,25.0918121],[121.5508092,25.0917263],[121.5509013,25.0917273],[121.5510709,25.0917282],[121.5512727,25.0917003],[121.5513037,25.0917086],[121.5514512,25.0917515],[121.5514747,25.0917627],[121.5516701,25.0918566],[121.5517018,25.0918719],[121.551847,25.091942],[121.5519194,25.0919784],[121.5520171,25.0920449],[121.5521834,25.0917764]]]}},{"type":"Feature","id":223,"properties":{"sectionCode":"0406","sectionName":"北安段二小段","districtName":"中山區","fullName":"中山區北安段二小段"},"geometry":{"type":"Polygon","coordinates":[[[121.5442511,25.0853585],[121.5443378,25.0853497],[121.5444571,25.0854139],[121.5444862,25.0854296],[121.5444993,25.0854367],[121.5446403,25.0854831],[121.54464,25.0854824],[121.5446039,25.0854115],[121.544605,25.0853845],[121.5446072,25.0852773],[121.544608,25.085237],[121.5446086,25.0852047],[121.5446091,25.0851879],[121.5446391,25.0841456],[121.5446554,25.0841315],[121.544667,25.0841216],[121.5454134,25.0841497],[121.5457932,25.084164],[121.5458175,25.0841638],[121.5459494,25.0841685],[121.5459725,25.0841694],[121.5462265,25.0841787],[121.5462374,25.0841805],[121.5463619,25.0841838],[121.5463799,25.0841855],[121.5465937,25.0841932],[121.5466842,25.0841964],[121.5466953,25.0841968],[121.5467229,25.0841979],[121.5467636,25.0841995],[121.5468449,25.0842028],[121.5468666,25.0842037],[121.5471666,25.084215],[121.5471695,25.0842151],[121.547459,25.0842261],[121.5474834,25.0842271],[121.547484,25.0842271],[121.5476645,25.084233],[121.5482849,25.0842561],[121.5483519,25.0842593],[121.5487266,25.0842729],[121.5487827,25.0842751],[121.548799,25.0842729],[121.5488538,25.0842659],[121.5489533,25.0842529],[121.5491799,25.0842247],[121.5491839,25.0842242],[121.5491942,25.0842307],[121.5492247,25.0842498],[121.5492071,25.0841802],[121.5492121,25.084164],[121.5493213,25.0841658],[121.5493578,25.0842045],[121.549359,25.084206],[121.5494262,25.0842157],[121.5494714,25.0842224],[121.5493918,25.0838977],[121.549384,25.0838659],[121.5493638,25.0837834],[121.5493418,25.0836937],[121.5493287,25.0836408],[121.5493161,25.0835893],[121.5493034,25.083538],[121.5492908,25.0834868],[121.5492782,25.0834354],[121.5492653,25.0833833],[121.5492524,25.0833309],[121.5492397,25.0832793],[121.549229,25.0832359],[121.5492271,25.0832281],[121.5492142,25.0831757],[121.5492013,25.0831235],[121.5491884,25.0830711],[121.5491877,25.0830682],[121.5491748,25.0830161],[121.5491616,25.0829623],[121.5491478,25.0829064],[121.5491346,25.0828531],[121.5491218,25.0828008],[121.5491218,25.0828008],[121.5491094,25.0827506],[121.5490975,25.0827024],[121.5490858,25.0826546],[121.5490738,25.0826065],[121.5490617,25.0825573],[121.5490548,25.082529],[121.5490482,25.0825024],[121.5489447,25.0820828],[121.5489361,25.0820474],[121.5489275,25.0820124],[121.5489161,25.081966],[121.5489053,25.0819221],[121.5488946,25.0818782],[121.5488838,25.0818344],[121.5488731,25.0817907],[121.5488624,25.0817469],[121.5488516,25.0817031],[121.5488407,25.0816587],[121.54883,25.0816148],[121.5488235,25.0815867],[121.5487443,25.0816061],[121.5485831,25.0816454],[121.5485809,25.0816365],[121.548552,25.0815179],[121.548537,25.0814563],[121.5485264,25.0814117],[121.548515,25.0813699],[121.5485028,25.0813274],[121.5484886,25.0812827],[121.5484641,25.0812146],[121.5484453,25.0811662],[121.5484384,25.0811501],[121.5484313,25.0811331],[121.548421,25.0811097],[121.548397,25.0810586],[121.5483751,25.0810148],[121.5483519,25.0809714],[121.5483288,25.0809301],[121.5483031,25.0808872],[121.5482797,25.0808501],[121.548255,25.080812],[121.5482294,25.0807753],[121.5482167,25.0807576],[121.5482069,25.0807444],[121.5481944,25.0807276],[121.5481741,25.080701],[121.548118,25.0806326],[121.5480969,25.0806087],[121.548068,25.080577],[121.5480568,25.0805646],[121.5480165,25.0805225],[121.5479876,25.0804943],[121.5480094,25.0804941],[121.5479871,25.0804726],[121.5479605,25.0804485],[121.547903,25.0803989],[121.5478606,25.0803641],[121.5478271,25.0803378],[121.5477965,25.080315],[121.5477108,25.0802541],[121.5477075,25.0802515],[121.5476877,25.0802365],[121.5476688,25.0802225],[121.5476525,25.0802105],[121.5476307,25.0801944],[121.5475937,25.0801669],[121.5475565,25.0801392],[121.5475188,25.0801116],[121.54748,25.0800825],[121.5474632,25.0800702],[121.5473905,25.0800156],[121.5472989,25.0799475],[121.5472675,25.0799497],[121.5472256,25.0799521],[121.5471896,25.0799924],[121.5471789,25.0800043],[121.547172,25.0800118],[121.5471207,25.0800679],[121.5471132,25.0799999],[121.5471112,25.0799881],[121.5470898,25.0799456],[121.5470277,25.0799085],[121.5470144,25.0799078],[121.54685,25.0798985],[121.5466466,25.0798858],[121.5463897,25.0798702],[121.5463271,25.0798665],[121.546071,25.0798529],[121.5458177,25.0798396],[121.5454727,25.0798197],[121.5448506,25.0797803],[121.5447934,25.079777],[121.5447173,25.0797721],[121.5446967,25.0797709],[121.5446887,25.0797702],[121.5446733,25.0797695],[121.5446394,25.0797677],[121.5437037,25.0797111],[121.5437033,25.0797167],[121.5428478,25.079671],[121.5424011,25.0796468],[121.5424029,25.0797127],[121.5424036,25.0797454],[121.5424065,25.0799103],[121.5424317,25.0807177],[121.5424321,25.0807336],[121.5424355,25.080835],[121.5424418,25.0810331],[121.5424507,25.0813467],[121.5424648,25.0813904],[121.542479,25.0814349],[121.5424948,25.081457],[121.5425395,25.081521],[121.5425042,25.0816975],[121.5423957,25.0817642],[121.5422154,25.0818748],[121.5421597,25.0819082],[121.5421513,25.0819134],[121.542019,25.0819707],[121.5417976,25.0821015],[121.5417368,25.0821172],[121.5416561,25.0821197],[121.5415989,25.0821279],[121.5415085,25.08215],[121.5414793,25.0821657],[121.5413366,25.0822304],[121.5413204,25.0822379],[121.5413027,25.0822497],[121.5412517,25.0822829],[121.5412074,25.0823204],[121.5411778,25.0823463],[121.5411059,25.082453],[121.5410922,25.0824851],[121.5410788,25.0825548],[121.5410766,25.0825576],[121.541045,25.082613],[121.5410185,25.0826596],[121.541003,25.0826829],[121.5409852,25.0828323],[121.5409515,25.0829275],[121.540927,25.083074],[121.54089,25.083332],[121.5408582,25.0835485],[121.5408115,25.0838932],[121.540802,25.0839694],[121.5407979,25.0840008],[121.5407843,25.0840802],[121.5407749,25.0841402],[121.5407741,25.0841444],[121.5407448,25.0843214],[121.5407388,25.084358],[121.5407196,25.0844801],[121.5407507,25.0844908],[121.5407777,25.0844995],[121.5411764,25.0846278],[121.541177,25.0846465],[121.5411444,25.0846582],[121.5411609,25.0846846],[121.5411672,25.0846971],[121.5411829,25.0847247],[121.5411611,25.0847724],[121.5411454,25.0847739],[121.5411138,25.0847771],[121.5411021,25.084879],[121.5410957,25.0849362],[121.5410915,25.0849739],[121.5410874,25.085008],[121.541086,25.0850201],[121.5410858,25.0850218],[121.5410773,25.0850946],[121.5410713,25.0851493],[121.5410735,25.085203],[121.541079,25.0853545],[121.5410835,25.0854671],[121.5411018,25.0857422],[121.5411069,25.0858289],[121.5411366,25.0862915],[121.5411713,25.0863108],[121.5412065,25.0864356],[121.5412547,25.0864859],[121.5412889,25.0865437],[121.5413896,25.0867213],[121.5413563,25.0867538],[121.5413387,25.0867709],[121.5413289,25.0868285],[121.5413519,25.086905],[121.5413356,25.0869436],[121.5413544,25.0870107],[121.5414095,25.0870121],[121.5413948,25.0870924],[121.5416383,25.0874267],[121.5417175,25.0875355],[121.5419321,25.0878256],[121.5420793,25.0880223],[121.5422121,25.0881998],[121.542363,25.0884015],[121.5424606,25.0885319],[121.5424774,25.0885393],[121.5426452,25.0886164],[121.5427068,25.0886102],[121.54272,25.0885985],[121.5429276,25.0884222],[121.5430472,25.0882429],[121.5430868,25.0881839],[121.5431147,25.08814],[121.5434354,25.0874823],[121.5435664,25.0868282],[121.5435948,25.0867453],[121.5436756,25.0865094],[121.5437507,25.0862424],[121.5438616,25.0859773],[121.5439424,25.0857483],[121.5439869,25.085625],[121.5440345,25.0855417],[121.5440714,25.0854769],[121.5442511,25.0853585]]]}},{"type":"Feature","id":224,"properties":{"sectionCode":"0407","sectionName":"北安段三小段","districtName":"中山區","fullName":"中山區北安段三小段"},"geometry":{"type":"Polygon","coordinates":[[[121.5532714,25.0854611],[121.5532653,25.085364],[121.5532643,25.0853494],[121.5532201,25.0853623],[121.5530155,25.0854223],[121.5529188,25.085435],[121.5528943,25.0854374],[121.5527723,25.0854447],[121.552738,25.0854485],[121.5526549,25.0854477],[121.5525629,25.0854418],[121.5524661,25.0854313],[121.5523786,25.0854167],[121.5523073,25.085402],[121.5522586,25.0853907],[121.5521789,25.0853709],[121.5520641,25.0853302],[121.551991,25.0853002],[121.5519738,25.0852923],[121.551925,25.0852701],[121.5519193,25.0852667],[121.5519003,25.0852567],[121.5518856,25.085249],[121.5518342,25.0852208],[121.5517927,25.0851982],[121.5517836,25.0851932],[121.5517052,25.0851456],[121.5516574,25.0851132],[121.5516372,25.0850994],[121.5516329,25.0850963],[121.551578,25.0850559],[121.5515072,25.084997],[121.5514738,25.0849643],[121.5514589,25.0849497],[121.5513795,25.084872],[121.5513267,25.084806],[121.5513097,25.0847846],[121.5512692,25.084734],[121.55123,25.0846695],[121.5511961,25.0846137],[121.551192,25.0846069],[121.5511118,25.0844489],[121.5510918,25.0843986],[121.5510632,25.0843269],[121.5510222,25.084181],[121.551011,25.0841152],[121.5509992,25.0840451],[121.550997,25.0840323],[121.5509879,25.083855],[121.5509894,25.083801],[121.5509895,25.0837995],[121.5509894,25.0837965],[121.5509992,25.083687],[121.5509994,25.0836847],[121.5510097,25.0836117],[121.5510192,25.0835623],[121.5510711,25.0833791],[121.5510781,25.0833595],[121.5511124,25.0832633],[121.5511282,25.0832185],[121.5512768,25.0827987],[121.5512768,25.0827987],[121.5513134,25.0826952],[121.5513432,25.0826108],[121.551352,25.0825859],[121.5513531,25.0825828],[121.5513621,25.0825573],[121.5513944,25.0824652],[121.5514099,25.0824214],[121.551414,25.0824097],[121.5514262,25.0823748],[121.5514419,25.0823304],[121.5514508,25.0823051],[121.5515318,25.0820753],[121.5515432,25.0820429],[121.5515568,25.0820044],[121.5515569,25.0820042],[121.5515951,25.0818962],[121.5515952,25.081896],[121.5516072,25.0818619],[121.5516214,25.0818209],[121.5516756,25.0816639],[121.5516775,25.0816586],[121.551849,25.0811717],[121.5519842,25.0807885],[121.5519981,25.0807487],[121.5521951,25.0801912],[121.5522039,25.0801651],[121.552226,25.0801039],[121.552321,25.0798348],[121.5523307,25.079803],[121.5523459,25.0797642],[121.5523862,25.0796372],[121.5523866,25.0796356],[121.5523869,25.0796347],[121.5524038,25.0795605],[121.5524238,25.0794723],[121.5524451,25.0793257],[121.5524478,25.0792964],[121.5524489,25.0792846],[121.5524531,25.0792132],[121.5524525,25.0791649],[121.5524506,25.0790272],[121.5524312,25.0788595],[121.5523957,25.0786839],[121.5523911,25.0786664],[121.5523896,25.0786606],[121.5523845,25.0786426],[121.5523777,25.0786196],[121.5523773,25.0786185],[121.5523247,25.0784687],[121.5522532,25.07831],[121.5521172,25.0780812],[121.5519538,25.0778754],[121.5519498,25.0778703],[121.5519442,25.0778646],[121.5518579,25.0777762],[121.5518559,25.0777741],[121.5518515,25.0777699],[121.5517596,25.0776882],[121.5517455,25.0776757],[121.5516563,25.0776045],[121.5516456,25.0775967],[121.5516184,25.0775768],[121.5515946,25.07756],[121.5515537,25.0775322],[121.5515323,25.0775184],[121.5515257,25.0775141],[121.5514733,25.0774815],[121.5512817,25.0773784],[121.5512245,25.0773516],[121.5511621,25.0773254],[121.5511262,25.0773103],[121.5510881,25.0772974],[121.5509384,25.0772465],[121.5509014,25.0772361],[121.5509,25.0772357],[121.5508945,25.0772344],[121.5507312,25.0771957],[121.5506004,25.0771735],[121.5504688,25.0771586],[121.550204,25.0771508],[121.5501669,25.0771516],[121.5501667,25.0771485],[121.5501416,25.0767335],[121.5501415,25.0767335],[121.5497748,25.0768169],[121.5497819,25.0768631],[121.549846,25.0768866],[121.5498604,25.0769735],[121.5498628,25.0770828],[121.5498273,25.0771404],[121.5498109,25.0769445],[121.5497253,25.0769146],[121.5497027,25.0768588],[121.549638,25.0768674],[121.5494348,25.0768937],[121.5490387,25.0769283],[121.5488388,25.0769556],[121.5486387,25.0769842],[121.5484446,25.0769901],[121.5482263,25.0770065],[121.5478892,25.0770365],[121.5476858,25.0770553],[121.5472507,25.0771058],[121.5472646,25.0771732],[121.5471682,25.0771828],[121.5470652,25.0771495],[121.5466592,25.0771758],[121.5461265,25.0772095],[121.5457682,25.0772331],[121.5453529,25.0772577],[121.5451889,25.0772631],[121.5445863,25.0772761],[121.5445503,25.0772797],[121.5445285,25.0772817],[121.5444762,25.0772917],[121.5444264,25.0772959],[121.5443028,25.0773374],[121.5442016,25.0772935],[121.5441888,25.0772936],[121.5440327,25.0772937],[121.5438032,25.0772984],[121.5428589,25.0773439],[121.5427755,25.0773272],[121.5427083,25.0773133],[121.5422699,25.0773089],[121.5418794,25.0773037],[121.5411822,25.0772911],[121.5408419,25.0772785],[121.5406696,25.0772985],[121.5403965,25.0772923],[121.5399083,25.0773402],[121.5398728,25.0773715],[121.5398052,25.077351],[121.5393916,25.0773372],[121.539342,25.0773393],[121.5392752,25.0773417],[121.5390598,25.0773497],[121.5387944,25.0773689],[121.5384553,25.0774046],[121.5384432,25.0774059],[121.5384139,25.0774093],[121.5383456,25.0774193],[121.5381855,25.0774579],[121.5381753,25.0774611],[121.5382079,25.0775016],[121.5382709,25.0775322],[121.5383149,25.0775318],[121.5383599,25.0775585],[121.5384003,25.0775818],[121.5384553,25.0775885],[121.5384588,25.0775909],[121.5384827,25.0776099],[121.53849,25.0776121],[121.5385497,25.0776282],[121.5385502,25.0776283],[121.5385654,25.0776326],[121.538667,25.0776368],[121.5386748,25.0776606],[121.5388335,25.0777348],[121.5388352,25.0778179],[121.5387552,25.077866],[121.5387491,25.0778853],[121.5387745,25.0778983],[121.538797,25.0779152],[121.538816,25.0779353],[121.5388309,25.0779581],[121.5388413,25.0779828],[121.5388468,25.0780089],[121.538857,25.0781773],[121.5388635,25.0782849],[121.5388849,25.0786312],[121.5388923,25.0787495],[121.5389206,25.079203],[121.5389287,25.0793223],[121.5389291,25.0793291],[121.5389344,25.0794068],[121.5389376,25.0794544],[121.5389541,25.0794554],[121.5391085,25.0794643],[121.5393332,25.0794771],[121.5396921,25.0794991],[121.5405921,25.0795489],[121.5408753,25.0795646],[121.5413345,25.0795898],[121.5416812,25.0796078],[121.5424011,25.0796468],[121.5428478,25.079671],[121.5437033,25.0797167],[121.5437037,25.0797111],[121.5446394,25.0797677],[121.5446733,25.0797695],[121.5446887,25.0797702],[121.5446967,25.0797709],[121.5447173,25.0797721],[121.5447934,25.079777],[121.5448506,25.0797803],[121.5454727,25.0798197],[121.5458177,25.0798396],[121.546071,25.0798529],[121.5463271,25.0798665],[121.5463897,25.0798702],[121.5466466,25.0798858],[121.54685,25.0798985],[121.5470144,25.0799078],[121.5470277,25.0799085],[121.5470898,25.0799456],[121.5471112,25.0799881],[121.5471132,25.0799999],[121.5471207,25.0800679],[121.547172,25.0800118],[121.5471789,25.0800043],[121.5471896,25.0799924],[121.5472256,25.0799521],[121.5472675,25.0799497],[121.5472989,25.0799475],[121.5473905,25.0800156],[121.5474632,25.0800702],[121.54748,25.0800825],[121.5475188,25.0801116],[121.5475565,25.0801392],[121.5475937,25.0801669],[121.5476307,25.0801944],[121.5476525,25.0802105],[121.5476688,25.0802225],[121.5476877,25.0802365],[121.5477075,25.0802515],[121.5477108,25.0802541],[121.5477965,25.080315],[121.5478271,25.0803378],[121.5478606,25.0803641],[121.547903,25.0803989],[121.5479605,25.0804485],[121.5479871,25.0804726],[121.5480094,25.0804941],[121.5479876,25.0804943],[121.5480165,25.0805225],[121.5480568,25.0805646],[121.548068,25.080577],[121.5480969,25.0806087],[121.548118,25.0806326],[121.5481741,25.080701],[121.5481944,25.0807276],[121.5482069,25.0807444],[121.5482167,25.0807576],[121.5482294,25.0807753],[121.548255,25.080812],[121.5482797,25.0808501],[121.5483031,25.0808872],[121.5483288,25.0809301],[121.5483519,25.0809714],[121.5483751,25.0810148],[121.548397,25.0810586],[121.548421,25.0811097],[121.5484313,25.0811331],[121.5484384,25.0811501],[121.5484453,25.0811662],[121.5484641,25.0812146],[121.548476,25.0812465],[121.5484886,25.0812827],[121.5485028,25.0813274],[121.548515,25.0813699],[121.5485264,25.0814117],[121.548537,25.0814563],[121.548552,25.0815179],[121.5485809,25.0816365],[121.5485831,25.0816454],[121.5487443,25.0816061],[121.5488235,25.0815867],[121.54883,25.0816148],[121.5488407,25.0816587],[121.5488516,25.0817031],[121.5488624,25.0817469],[121.5488731,25.0817907],[121.5488838,25.0818344],[121.5488946,25.0818782],[121.5489053,25.0819221],[121.5489161,25.081966],[121.5489275,25.0820124],[121.5489361,25.0820474],[121.5489447,25.0820828],[121.5490482,25.0825024],[121.5490548,25.082529],[121.5490617,25.0825573],[121.5490738,25.0826065],[121.5490858,25.0826546],[121.5490975,25.0827024],[121.5491094,25.0827506],[121.5491218,25.0828008],[121.5491218,25.0828008],[121.5491346,25.0828531],[121.5491478,25.0829064],[121.5491616,25.0829623],[121.5491748,25.0830161],[121.5491877,25.0830682],[121.5491884,25.0830711],[121.5492013,25.0831235],[121.5492142,25.0831757],[121.5492271,25.0832281],[121.549229,25.0832359],[121.5492397,25.0832793],[121.5492524,25.0833309],[121.5492653,25.0833833],[121.5492782,25.0834354],[121.5492908,25.0834868],[121.5493034,25.083538],[121.5493161,25.0835893],[121.5493287,25.0836408],[121.5493418,25.0836937],[121.5493638,25.0837834],[121.549384,25.0838659],[121.5493918,25.0838977],[121.5494165,25.0839983],[121.5494644,25.0841936],[121.5494714,25.0842224],[121.5494972,25.0843265],[121.5495333,25.0843927],[121.5495472,25.0844181],[121.5495809,25.0844775],[121.5496044,25.0845169],[121.5496246,25.0845491],[121.5496553,25.0845958],[121.5496844,25.0846381],[121.5497194,25.084688],[121.5497619,25.0847397],[121.5498216,25.0848095],[121.5499206,25.0849084],[121.5499248,25.084913],[121.5499744,25.0849586],[121.5500079,25.0849882],[121.5500345,25.08501],[121.5500732,25.0850396],[121.5501294,25.0850786],[121.550207,25.0851308],[121.5502289,25.0851427],[121.5502503,25.0851543],[121.550318,25.0851909],[121.5503897,25.0852294],[121.550625,25.0853572],[121.5507277,25.085413],[121.5510106,25.085565],[121.5510859,25.0856027],[121.5511007,25.0856104],[121.5512095,25.0856604],[121.5512575,25.0856817],[121.5512681,25.0856859],[121.5512918,25.085696],[121.551308,25.0857022],[121.5513612,25.0857222],[121.5514068,25.085737],[121.5514491,25.0857502],[121.5514915,25.0857629],[121.5515105,25.0857667],[121.5515757,25.0857815],[121.5516276,25.0857915],[121.5516903,25.0858007],[121.5517433,25.0858061],[121.5517954,25.0858099],[121.5518483,25.0858122],[121.5518703,25.0858124],[121.5519145,25.0858122],[121.551926,25.085812],[121.5519713,25.0858111],[121.5519948,25.0858089],[121.5520341,25.0858056],[121.5520588,25.0858029],[121.5520721,25.0858011],[121.5520802,25.085799],[121.5521325,25.085786],[121.5521936,25.085771],[121.5522372,25.0857586],[121.5523478,25.0857278],[121.5524304,25.0857049],[121.5526001,25.0856569],[121.5527385,25.085616],[121.55275,25.0856127],[121.5532651,25.085464],[121.5532715,25.0854622],[121.5532714,25.0854611]]]}},{"type":"Feature","id":225,"properties":{"sectionCode":"0408","sectionName":"北安段四小段","districtName":"中山區","fullName":"中山區北安段四小段"},"geometry":{"type":"Polygon","coordinates":[[[121.541734,25.091964],[121.5418939,25.0918941],[121.5420172,25.0918664],[121.5420173,25.0918664],[121.5421803,25.0918298],[121.5421814,25.0918296],[121.5421844,25.0918279],[121.5421847,25.0918266],[121.5421962,25.0917702],[121.5422067,25.0917188],[121.5422719,25.0914058],[121.5423445,25.0913286],[121.5424999,25.090839],[121.5426201,25.0905871],[121.5426826,25.0906004],[121.5427357,25.0905006],[121.5427994,25.0903655],[121.5427763,25.0901961],[121.5428389,25.0901388],[121.5430769,25.0900497],[121.5430855,25.0900144],[121.5430616,25.0899722],[121.5431005,25.0898946],[121.5431772,25.089689],[121.543128,25.0895654],[121.5430935,25.0895402],[121.542916,25.0893656],[121.5428824,25.089295],[121.5428356,25.0892453],[121.5428003,25.0891355],[121.5427972,25.0888179],[121.54272,25.0885985],[121.5427068,25.0886102],[121.5426452,25.0886164],[121.5424774,25.0885393],[121.5424606,25.0885319],[121.542363,25.0884015],[121.5422121,25.0881998],[121.5420793,25.0880223],[121.5419321,25.0878256],[121.5417175,25.0875355],[121.5416383,25.0874267],[121.5413948,25.0870924],[121.5414095,25.0870121],[121.5413544,25.0870107],[121.5413356,25.0869436],[121.5413519,25.086905],[121.5413289,25.0868285],[121.5413387,25.0867709],[121.5413563,25.0867538],[121.5413896,25.0867213],[121.5412889,25.0865437],[121.5412547,25.0864859],[121.5412065,25.0864356],[121.5411713,25.0863108],[121.5411366,25.0862915],[121.5411069,25.0858289],[121.5411018,25.0857422],[121.5410835,25.0854671],[121.541079,25.0853545],[121.5410735,25.085203],[121.5410713,25.0851493],[121.5410773,25.0850946],[121.5410858,25.0850218],[121.541086,25.0850201],[121.5410874,25.085008],[121.5410915,25.0849739],[121.5410957,25.0849362],[121.5411021,25.084879],[121.5411138,25.0847771],[121.5411454,25.0847739],[121.5411611,25.0847724],[121.5411829,25.0847247],[121.5411672,25.0846971],[121.5411609,25.0846846],[121.5411444,25.0846582],[121.541177,25.0846465],[121.5411764,25.0846278],[121.5407777,25.0844995],[121.5407507,25.0844908],[121.5407196,25.0844801],[121.5407388,25.084358],[121.5407448,25.0843214],[121.5407741,25.0841444],[121.5407749,25.0841402],[121.5407843,25.0840802],[121.5407979,25.0840008],[121.540802,25.0839694],[121.5408115,25.0838932],[121.5408582,25.0835485],[121.54089,25.083332],[121.540927,25.083074],[121.5409515,25.0829275],[121.5409852,25.0828323],[121.541003,25.0826829],[121.5410185,25.0826596],[121.541045,25.082613],[121.5410766,25.0825576],[121.5410788,25.0825548],[121.5410922,25.0824851],[121.5411059,25.082453],[121.5411778,25.0823463],[121.5412074,25.0823204],[121.5412517,25.0822829],[121.5413027,25.0822497],[121.5413204,25.0822379],[121.5413366,25.0822304],[121.5414793,25.0821657],[121.5415085,25.08215],[121.5415989,25.0821279],[121.5416561,25.0821197],[121.5417368,25.0821172],[121.5417976,25.0821015],[121.542019,25.0819707],[121.5421513,25.0819134],[121.5421597,25.0819082],[121.5422154,25.0818748],[121.5423957,25.0817642],[121.5425042,25.0816975],[121.5425395,25.081521],[121.5424948,25.081457],[121.542479,25.0814349],[121.5424648,25.0813904],[121.5424507,25.0813467],[121.5424418,25.0810331],[121.5424355,25.080835],[121.5424321,25.0807336],[121.5424317,25.0807177],[121.5424065,25.0799103],[121.5424036,25.0797454],[121.5424029,25.0797127],[121.5424011,25.0796468],[121.5416812,25.0796078],[121.5413345,25.0795898],[121.5408753,25.0795646],[121.5405921,25.0795489],[121.5396921,25.0794991],[121.5393332,25.0794771],[121.5391085,25.0794643],[121.5389541,25.0794554],[121.5389376,25.0794544],[121.5389344,25.0794068],[121.5389291,25.0793291],[121.5389287,25.0793223],[121.5389206,25.079203],[121.5388923,25.0787495],[121.5388849,25.0786312],[121.5388635,25.0782849],[121.538857,25.0781773],[121.5388468,25.0780089],[121.5388413,25.0779828],[121.5388309,25.0779581],[121.538816,25.0779353],[121.538797,25.0779152],[121.5387745,25.0778983],[121.5387491,25.0778853],[121.5387552,25.077866],[121.5388352,25.0778179],[121.5388335,25.0777348],[121.5386748,25.0776606],[121.538667,25.0776368],[121.5385654,25.0776326],[121.5385502,25.0776283],[121.5385497,25.0776282],[121.53849,25.0776121],[121.5384827,25.0776099],[121.5384588,25.0775909],[121.5384553,25.0775885],[121.5384003,25.0775818],[121.5383599,25.0775585],[121.5383149,25.0775318],[121.5382709,25.0775322],[121.5382079,25.0775016],[121.5381753,25.0774611],[121.5379661,25.0775187],[121.5376611,25.0775447],[121.5376585,25.0775204],[121.5372818,25.0775497],[121.53702,25.0775711],[121.5366016,25.0776059],[121.5366077,25.0776637],[121.536308,25.0776776],[121.5361663,25.0776806],[121.5360824,25.0776847],[121.5356842,25.0777165],[121.5356257,25.0777213],[121.535618,25.0777219],[121.5354686,25.0777165],[121.5349573,25.0777718],[121.5347718,25.0777994],[121.5346881,25.0778115],[121.5343261,25.0778179],[121.5342966,25.0778274],[121.534224,25.0778559],[121.5341063,25.0778587],[121.5338809,25.077864],[121.5337541,25.0778671],[121.533602,25.0778584],[121.533555,25.0778412],[121.5335509,25.0778375],[121.5334934,25.0777946],[121.5332418,25.0777227],[121.5331352,25.0777258],[121.5329773,25.0777662],[121.5329145,25.0778242],[121.5329026,25.0778352],[121.5327345,25.0779165],[121.5326788,25.0778878],[121.5323542,25.0779092],[121.5321134,25.0779188],[121.5319267,25.0779173],[121.5317681,25.077916],[121.5316679,25.0779248],[121.5315693,25.0779166],[121.5312161,25.0778861],[121.5308144,25.0778618],[121.5304097,25.0778102],[121.5300883,25.0777642],[121.5299837,25.0778045],[121.5299352,25.0777971],[121.5297832,25.0777571],[121.5296209,25.0777143],[121.529556,25.0776951],[121.5294443,25.0776194],[121.5293797,25.0776028],[121.5293659,25.0776193],[121.5292882,25.0776126],[121.529188,25.0775308],[121.5291072,25.0774745],[121.5290179,25.0774208],[121.5288469,25.0773309],[121.5287804,25.0773588],[121.5286902,25.0774286],[121.5285591,25.0773204],[121.5283553,25.0771599],[121.5279918,25.0768767],[121.5275727,25.0765526],[121.5273562,25.0761478],[121.5272744,25.0760457],[121.5271767,25.0760116],[121.5271673,25.0759],[121.5271962,25.0757088],[121.5273462,25.0753959],[121.5273484,25.0753166],[121.5273688,25.0752769],[121.5273738,25.0751948],[121.5273773,25.0751325],[121.5273731,25.0748251],[121.5274567,25.074618],[121.5274791,25.0745619],[121.5274788,25.0743681],[121.5275712,25.0743394],[121.5276087,25.0743678],[121.5276396,25.074382],[121.5276781,25.0743888],[121.5277188,25.0743865],[121.5277459,25.0743825],[121.5277867,25.0743596],[121.5278471,25.0743084],[121.5278612,25.074292],[121.5278703,25.0742208],[121.5278439,25.074175],[121.5278211,25.0741237],[121.527805,25.0740773],[121.5277778,25.0740393],[121.5276796,25.0739022],[121.5276242,25.0738527],[121.5275785,25.0737633],[121.5275456,25.0737214],[121.5274974,25.0736488],[121.5273235,25.0734763],[121.5270876,25.0733543],[121.5270044,25.0733368],[121.5268969,25.0733064],[121.5268384,25.0732959],[121.5268259,25.073294],[121.5266747,25.0733024],[121.5265825,25.0732863],[121.526315,25.0733651],[121.5262806,25.0733778],[121.5262425,25.0733917],[121.5262237,25.0733957],[121.5261663,25.0734219],[121.5260659,25.0734439],[121.5258419,25.0736004],[121.5257923,25.0736488],[121.5257003,25.0737777],[121.5256594,25.0738465],[121.5256199,25.0739365],[121.5256052,25.0740241],[121.5256053,25.0740438],[121.5254496,25.0742377],[121.5255537,25.0742849],[121.5255557,25.0743119],[121.5255901,25.0743291],[121.5255957,25.074332],[121.5257153,25.0744113],[121.525717,25.0744124],[121.5257172,25.0744126],[121.52573,25.0744644],[121.5257603,25.074587],[121.5257681,25.0746841],[121.5257529,25.0747732],[121.5257451,25.0748191],[121.5257448,25.074823],[121.5257632,25.0750711],[121.5257537,25.07526],[121.5257501,25.0753618],[121.5256836,25.0755319],[121.5255322,25.0759249],[121.5254209,25.0762044],[121.5251801,25.0768793],[121.5250502,25.0771045],[121.5249813,25.0772238],[121.5249689,25.0772462],[121.5249485,25.0772846],[121.5249188,25.0773455],[121.5247888,25.0778369],[121.5247618,25.0779363],[121.52473,25.078051],[121.5247039,25.0781419],[121.5246793,25.0782297],[121.5245977,25.0785047],[121.5245077,25.0787994],[121.5244076,25.0791313],[121.5242905,25.0795466],[121.5242762,25.0795985],[121.5242206,25.079696],[121.5241606,25.079893],[121.5241411,25.0799571],[121.5241671,25.080012],[121.524171,25.0800254],[121.5242852,25.0804169],[121.52433,25.0805735],[121.5243584,25.0807172],[121.5244762,25.0810424],[121.5245779,25.081223],[121.5249473,25.0817229],[121.5251303,25.0819713],[121.5252161,25.0821262],[121.5252448,25.0821135],[121.5252571,25.0820911],[121.5252621,25.082082],[121.5252766,25.0820556],[121.5252952,25.0820219],[121.5253298,25.0819596],[121.5253354,25.0819495],[121.5254359,25.0817849],[121.5254933,25.0816348],[121.5255119,25.0816181],[121.5256442,25.0814994],[121.5257148,25.0814108],[121.5258004,25.0813005],[121.5259341,25.081329],[121.526044,25.0814305],[121.5261021,25.0814739],[121.526103,25.0814745],[121.5261355,25.0814987],[121.5262432,25.0815499],[121.5263494,25.0816002],[121.5264779,25.0816369],[121.5266217,25.0817067],[121.5267222,25.0817096],[121.5268501,25.0818554],[121.5268506,25.0818561],[121.5269372,25.0820066],[121.5269378,25.0820077],[121.5269375,25.0820285],[121.5269366,25.0820873],[121.5269365,25.0820913],[121.5268869,25.0821712],[121.5268711,25.0821967],[121.5268683,25.0822026],[121.5268355,25.0822729],[121.5268336,25.0822911],[121.5268207,25.082415],[121.526822,25.0824166],[121.5268228,25.0824177],[121.5268529,25.0824576],[121.5268599,25.0824632],[121.5268689,25.0824702],[121.5269295,25.0825179],[121.5270233,25.0825919],[121.5275977,25.0831602],[121.5276187,25.083181],[121.52781,25.0833719],[121.52805,25.0836684],[121.528456,25.0839657],[121.5287135,25.0842822],[121.5288769,25.0844831],[121.5292598,25.0842543],[121.5292619,25.0842546],[121.5296173,25.084339],[121.529784,25.0844225],[121.5302022,25.0846892],[121.530484,25.0848688],[121.5304841,25.0848689],[121.5306015,25.0849447],[121.5306241,25.0849501],[121.5308928,25.0850145],[121.5309004,25.0850179],[121.531122,25.0851177],[121.5311232,25.0851183],[121.5311307,25.0851257],[121.5311408,25.085135],[121.5312218,25.0852105],[121.5312246,25.0852132],[121.5312392,25.0852339],[121.5312753,25.0852853],[121.5313375,25.0853936],[121.5313379,25.0853943],[121.5314039,25.0857228],[121.5313941,25.0857452],[121.5314867,25.0858925],[121.5315259,25.0859396],[121.5316866,25.0861373],[121.5318141,25.0862958],[121.5318363,25.0863235],[121.5318393,25.0863272],[121.5318626,25.0863902],[121.5318651,25.0863971],[121.5318654,25.0863973],[121.5321458,25.0866006],[121.5323407,25.086726],[121.5323432,25.0867276],[121.5323433,25.0867277],[121.532511,25.0867983],[121.5325708,25.086878],[121.5326499,25.087109],[121.5326904,25.0873335],[121.5329009,25.087594],[121.5329018,25.0875951],[121.5329149,25.0876075],[121.5329548,25.0876452],[121.5329967,25.0876662],[121.5330937,25.087694],[121.5331168,25.0877006],[121.5331184,25.0877011],[121.533194,25.0877417],[121.5332236,25.0877575],[121.5332239,25.0877575],[121.5332817,25.0877546],[121.5333329,25.0877521],[121.5334374,25.0877704],[121.5335276,25.0878353],[121.5336244,25.0879049],[121.5336565,25.0879277],[121.5337531,25.087987],[121.5337554,25.0879884],[121.5340059,25.0881975],[121.5340092,25.0882012],[121.5342507,25.0884781],[121.5342592,25.0884856],[121.5345436,25.0887375],[121.5346017,25.0887889],[121.5346344,25.0888244],[121.5349649,25.0891837],[121.5349738,25.0891933],[121.5350999,25.0893147],[121.5352713,25.0893619],[121.5353645,25.0894192],[121.5354564,25.0896109],[121.5354674,25.0896339],[121.535468,25.0896345],[121.5357532,25.0899217],[121.5358031,25.0899719],[121.5360429,25.0901713],[121.5360951,25.0902147],[121.5361148,25.0902243],[121.536191,25.0902612],[121.5361911,25.0902612],[121.5362423,25.090286],[121.5363154,25.09033],[121.5364392,25.0904047],[121.5370681,25.0907845],[121.5372514,25.0908918],[121.537254,25.0908924],[121.5373517,25.0909153],[121.5373528,25.0909155],[121.5374492,25.0909383],[121.53745,25.0909385],[121.537556,25.0909634],[121.5375641,25.0909653],[121.5375824,25.0909779],[121.5377732,25.0911093],[121.5378747,25.0911566],[121.5378747,25.0911566],[121.5379438,25.0911888],[121.5379518,25.0911921],[121.5379926,25.0912089],[121.5380822,25.0912534],[121.5380935,25.091259],[121.538102,25.0912632],[121.5381082,25.091267],[121.5381146,25.0912709],[121.5381147,25.0912709],[121.5382303,25.091341],[121.5382678,25.0913654],[121.5383296,25.0914057],[121.5383329,25.0914078],[121.5384048,25.0914552],[121.5384155,25.0914579],[121.538553,25.0914937],[121.5386133,25.0915257],[121.5387536,25.0915962],[121.5389116,25.0916695],[121.5389116,25.0916695],[121.5390636,25.0917401],[121.5390899,25.0917523],[121.5391031,25.0917578],[121.5393935,25.0918778],[121.5393935,25.0918778],[121.5395883,25.0919583],[121.5395889,25.0919586],[121.539665,25.0919561],[121.5396652,25.0919561],[121.5397426,25.091958],[121.5398779,25.0919753],[121.5399289,25.0919818],[121.5399492,25.0919886],[121.5399864,25.0920011],[121.5399879,25.0920016],[121.540123,25.0920462],[121.540126,25.0920468],[121.5404395,25.0921063],[121.5406915,25.0921546],[121.5409404,25.0922068],[121.5410948,25.0922394],[121.5411464,25.0922172],[121.5414113,25.0921028],[121.5414612,25.0920812],[121.541734,25.091964]]]}},{"type":"Feature","id":226,"properties":{"sectionCode":"0410","sectionName":"正義段一小段","districtName":"中山區","fullName":"中山區正義段一小段"},"geometry":{"type":"Polygon","coordinates":[[[121.5278424,25.0520168],[121.527874,25.0518833],[121.5279124,25.0517214],[121.5279197,25.0516912],[121.5279484,25.051572],[121.5279569,25.0515398],[121.5279569,25.0515397],[121.5279777,25.0514611],[121.5280513,25.0512327],[121.5280804,25.0511481],[121.5281259,25.0510219],[121.5281259,25.0510218],[121.5281703,25.0508865],[121.528215,25.0507828],[121.5282278,25.0507531],[121.5282286,25.0507512],[121.5282311,25.0507452],[121.5282885,25.0506038],[121.5283073,25.0505649],[121.5283149,25.0505492],[121.5283766,25.0504108],[121.5284843,25.0501831],[121.5284935,25.0501637],[121.5286246,25.0499024],[121.5287229,25.0497309],[121.5289107,25.0493986],[121.5291582,25.0490353],[121.5292825,25.0488619],[121.5293533,25.0487704],[121.5294761,25.0486106],[121.5296094,25.0484501],[121.5298093,25.0482121],[121.5299194,25.0480808],[121.5300211,25.0479594],[121.5300215,25.0479589],[121.5302237,25.0477595],[121.5302394,25.0477446],[121.5302937,25.0476933],[121.5304459,25.0475588],[121.5304843,25.047527],[121.5307501,25.0473092],[121.5307692,25.0472941],[121.5309316,25.0471671],[121.5310107,25.0471069],[121.5310496,25.0470778],[121.5311912,25.0469729],[121.5313553,25.0468508],[121.5315628,25.0467038],[121.531733,25.0465872],[121.531825,25.0465259],[121.5320219,25.046396],[121.5321581,25.046312],[121.532254,25.0462529],[121.5323997,25.0461727],[121.5327193,25.0459917],[121.5328257,25.0459237],[121.5328606,25.0458902],[121.5328888,25.0458516],[121.5329078,25.0458218],[121.5329341,25.0457568],[121.5329458,25.0457109],[121.5329533,25.0456626],[121.5329574,25.0456312],[121.5329611,25.0456029],[121.5329612,25.0456018],[121.5329602,25.045602],[121.5329308,25.0456085],[121.5327295,25.045653],[121.532675,25.0456698],[121.5326015,25.0456927],[121.532588,25.0456965],[121.5325176,25.0457159],[121.5322777,25.0457887],[121.5321685,25.0458218],[121.5318625,25.0459146],[121.5317325,25.045954],[121.5316971,25.0459647],[121.531697,25.0459648],[121.5316063,25.0459923],[121.5312163,25.0461132],[121.5310024,25.0461795],[121.5309724,25.0461881],[121.530925,25.0462016],[121.5308325,25.0462291],[121.530642,25.0462857],[121.5306112,25.046295],[121.5306052,25.0462968],[121.5305948,25.0462999],[121.5305391,25.0463164],[121.5304515,25.0463424],[121.5304167,25.0463527],[121.5303499,25.0463707],[121.5303462,25.0463717],[121.5302906,25.0463873],[121.5302718,25.0463926],[121.530209,25.0464102],[121.5301675,25.0464219],[121.5301294,25.0464326],[121.5301064,25.0464391],[121.5300602,25.0464521],[121.529891,25.0464996],[121.5297546,25.0465196],[121.5293879,25.0466288],[121.529341,25.0466425],[121.5292488,25.0466694],[121.5291846,25.0466882],[121.5291699,25.0466925],[121.5291062,25.0467111],[121.5290318,25.0467328],[121.5289261,25.0467637],[121.5288412,25.0467885],[121.5288214,25.0467943],[121.5286436,25.0468462],[121.5286042,25.0468577],[121.5284232,25.0469106],[121.528008,25.0470318],[121.5277947,25.047104],[121.5277268,25.0471226],[121.5272418,25.0472617],[121.5271339,25.0472927],[121.5271337,25.0472927],[121.5268712,25.0473778],[121.5265352,25.0474814],[121.5265298,25.047483],[121.5260785,25.0476118],[121.5260786,25.0476118],[121.5260853,25.0476368],[121.5260867,25.0476425],[121.5260949,25.0476717],[121.5261335,25.0478111],[121.5261394,25.0478326],[121.5261699,25.0478779],[121.5261779,25.0479058],[121.5262176,25.048044],[121.5262244,25.0480678],[121.5262606,25.048194],[121.5262635,25.0482043],[121.5262698,25.0482251],[121.5262889,25.0483017],[121.5263359,25.0484657],[121.5263774,25.0486099],[121.5264018,25.0486919],[121.5264259,25.0487696],[121.5264476,25.0488437],[121.5264894,25.0489875],[121.5265015,25.0490288],[121.5265142,25.0490731],[121.5266004,25.04937],[121.5266073,25.0493918],[121.5266213,25.0494406],[121.5266214,25.0494411],[121.5266288,25.0494666],[121.526629,25.0494672],[121.5266975,25.0497057],[121.5267085,25.0497436],[121.5267502,25.04989],[121.526771,25.0499643],[121.5267758,25.0499813],[121.5267783,25.0499896],[121.5268249,25.050151],[121.526848,25.0502309],[121.5268679,25.0502996],[121.5268808,25.0503454],[121.5269276,25.0505035],[121.5269659,25.0506363],[121.5269743,25.0506647],[121.5269746,25.0506656],[121.5269854,25.0507086],[121.5269935,25.050736],[121.5270116,25.0507983],[121.5270142,25.0508082],[121.527017,25.050818],[121.5270418,25.0509039],[121.5270546,25.0509486],[121.5270568,25.0509567],[121.5270668,25.0509917],[121.527079,25.0510348],[121.5270794,25.0510365],[121.5271004,25.0511097],[121.5271091,25.0511401],[121.5271131,25.0511541],[121.5271396,25.0512481],[121.5271545,25.0513004],[121.52716,25.0513193],[121.5271817,25.0513944],[121.5272024,25.0514658],[121.5272124,25.0515016],[121.5272284,25.0515568],[121.5272297,25.0515616],[121.5272434,25.0516097],[121.527262,25.051675],[121.5272773,25.0517289],[121.5273287,25.0519091],[121.5273303,25.0519136],[121.5273681,25.0519132],[121.5273903,25.0519129],[121.5274526,25.0519125],[121.527415,25.0521564],[121.5273912,25.0522692],[121.5273911,25.0522696],[121.5274366,25.0522693],[121.5276037,25.0522678],[121.5277833,25.0522663],[121.5278259,25.0520865],[121.5278314,25.0520631],[121.5278424,25.0520168]]]}},{"type":"Feature","id":227,"properties":{"sectionCode":"0411","sectionName":"正義段二小段","districtName":"中山區","fullName":"中山區正義段二小段"},"geometry":{"type":"MultiPolygon","coordinates":[[[[121.527415,25.0521564],[121.5274526,25.0519125],[121.5273903,25.0519129],[121.5273681,25.0519132],[121.5273303,25.0519136],[121.5273287,25.0519091],[121.5272773,25.0517289],[121.527262,25.051675],[121.5272434,25.0516097],[121.5272297,25.0515616],[121.5272284,25.0515568],[121.5272124,25.0515016],[121.5272024,25.0514658],[121.5271817,25.0513944],[121.52716,25.0513193],[121.5271545,25.0513004],[121.5271396,25.0512481],[121.5271131,25.0511541],[121.5271091,25.0511401],[121.5271004,25.0511097],[121.5270794,25.0510365],[121.527079,25.0510348],[121.5270668,25.0509917],[121.5270568,25.0509567],[121.5270546,25.0509486],[121.5270418,25.0509039],[121.527017,25.050818],[121.5270142,25.0508082],[121.5270116,25.0507983],[121.5269935,25.050736],[121.5269854,25.0507086],[121.5269746,25.0506656],[121.5269744,25.0506647],[121.5269659,25.0506363],[121.5269276,25.0505035],[121.5268808,25.0503454],[121.5268679,25.0502996],[121.526848,25.0502309],[121.5268249,25.050151],[121.5267783,25.0499896],[121.5267758,25.0499813],[121.526771,25.0499643],[121.5267502,25.04989],[121.5267085,25.0497436],[121.5266975,25.0497057],[121.526629,25.0494672],[121.5266214,25.0494411],[121.5266213,25.0494406],[121.5266073,25.0493918],[121.526607,25.0493908],[121.5266004,25.04937],[121.5265142,25.0490731],[121.5265015,25.0490288],[121.5264894,25.0489875],[121.5264476,25.0488437],[121.5264259,25.0487696],[121.5264018,25.0486919],[121.5263774,25.0486099],[121.5263359,25.0484657],[121.5262889,25.0483017],[121.5262698,25.0482251],[121.5262635,25.0482043],[121.5262606,25.048194],[121.5262244,25.0480678],[121.5262176,25.048044],[121.5261779,25.0479058],[121.5261699,25.0478779],[121.5261394,25.0478326],[121.5261335,25.0478111],[121.5260949,25.0476717],[121.5260867,25.0476425],[121.5260853,25.0476368],[121.5260786,25.0476118],[121.5260785,25.0476118],[121.5260303,25.0476253],[121.5257808,25.0476953],[121.5254803,25.0477602],[121.525284,25.0478008],[121.5251643,25.047826],[121.525147,25.0478292],[121.5249467,25.0478662],[121.5246525,25.0479158],[121.5243657,25.0479411],[121.5243656,25.0479411],[121.5243417,25.0479425],[121.5243544,25.0479881],[121.5243582,25.0480004],[121.5244186,25.048215],[121.5244383,25.0482846],[121.5244453,25.0483098],[121.5245336,25.0486252],[121.5245593,25.0486199],[121.5245749,25.0486817],[121.5245492,25.0486887],[121.5246358,25.0489972],[121.5246636,25.0490943],[121.5246834,25.049171],[121.5246963,25.0492178],[121.5247058,25.0492523],[121.5248044,25.0496056],[121.5248575,25.0497974],[121.5248673,25.0498368],[121.5248722,25.0498513],[121.524879,25.049876],[121.524885,25.0498974],[121.5248967,25.0499391],[121.5249082,25.0499808],[121.5249198,25.0500228],[121.5249314,25.0500649],[121.5249427,25.0501059],[121.524956,25.0501536],[121.5249691,25.0502014],[121.5249822,25.0502487],[121.524996,25.0502993],[121.5250188,25.0503723],[121.5250161,25.050373],[121.5250229,25.0503977],[121.5250452,25.0504786],[121.525068,25.0505615],[121.5251032,25.0506894],[121.5251101,25.0507146],[121.5251123,25.0507141],[121.5251233,25.0507589],[121.5251302,25.0507838],[121.5251503,25.0508579],[121.5251766,25.0509545],[121.5252126,25.0510836],[121.5252234,25.0511271],[121.5252621,25.0512652],[121.5253037,25.0514134],[121.5253034,25.0514184],[121.525317,25.0514614],[121.5253563,25.0516029],[121.5253972,25.0517478],[121.525409,25.0517897],[121.5254188,25.0518252],[121.52543,25.0518662],[121.5254381,25.0518947],[121.5254475,25.0519274],[121.5254275,25.0519286],[121.5252825,25.0519366],[121.5251438,25.0521176],[121.5250184,25.052176],[121.525191,25.0523006],[121.5251911,25.0523006],[121.5252659,25.0522974],[121.525266,25.0522974],[121.5253958,25.0522928],[121.5253961,25.0522928],[121.5254586,25.0522899],[121.5255354,25.0522864],[121.5260169,25.0522825],[121.5264893,25.0522782],[121.5265371,25.0522776],[121.5267809,25.0522753],[121.5268072,25.052275],[121.5268248,25.0522748],[121.5268595,25.0522745],[121.5269098,25.0522741],[121.526927,25.0522739],[121.5269615,25.0522736],[121.5270113,25.0522731],[121.527061,25.0522727],[121.5271444,25.0522719],[121.5272272,25.0522711],[121.5273094,25.0522704],[121.5273759,25.0522698],[121.5273911,25.0522696],[121.5273912,25.0522692],[121.527415,25.0521564]]],[[[121.5249352,25.0481484],[121.5250393,25.0481202],[121.5250111,25.0481278],[121.5249352,25.0481484]]]]}},{"type":"Feature","id":228,"properties":{"sectionCode":"0412","sectionName":"正義段三小段","districtName":"中山區","fullName":"中山區正義段三小段"},"geometry":{"type":"MultiPolygon","coordinates":[[[[121.5250184,25.052176],[121.5251438,25.0521176],[121.5252825,25.0519366],[121.5254275,25.0519286],[121.5254475,25.0519274],[121.5254381,25.0518947],[121.5254299,25.0518713],[121.52543,25.0518662],[121.5254212,25.0518397],[121.5254188,25.0518252],[121.525409,25.0517897],[121.5253972,25.0517478],[121.5253563,25.0516029],[121.525317,25.0514614],[121.5253034,25.0514184],[121.5253037,25.0514134],[121.5252621,25.0512652],[121.5252234,25.0511271],[121.5252126,25.0510836],[121.5251766,25.0509545],[121.5251503,25.0508579],[121.5251302,25.0507838],[121.5251233,25.0507589],[121.5251123,25.0507141],[121.5251101,25.0507146],[121.5251032,25.0506894],[121.525068,25.0505615],[121.5250452,25.0504786],[121.5250229,25.0503977],[121.5250161,25.050373],[121.5250188,25.0503723],[121.524996,25.0502993],[121.5249822,25.0502487],[121.5249691,25.0502014],[121.524956,25.0501536],[121.5249427,25.0501059],[121.5249314,25.0500649],[121.5249198,25.0500228],[121.5249082,25.0499808],[121.5248967,25.0499391],[121.524885,25.0498974],[121.524879,25.049876],[121.5248722,25.0498513],[121.5248673,25.0498368],[121.5248575,25.0497974],[121.5248044,25.0496056],[121.5247058,25.0492523],[121.5246963,25.0492178],[121.5246834,25.049171],[121.5246636,25.0490943],[121.5246358,25.0489972],[121.5245492,25.0486887],[121.5245749,25.0486817],[121.5245593,25.0486199],[121.5245336,25.0486252],[121.5244453,25.0483098],[121.5244383,25.0482846],[121.5244186,25.048215],[121.5243582,25.0480004],[121.5243544,25.0479881],[121.5243417,25.0479425],[121.5241192,25.0479551],[121.5241149,25.0479554],[121.5225258,25.0480457],[121.5224697,25.0480489],[121.5223992,25.0480529],[121.5215438,25.0481016],[121.5209839,25.0481334],[121.5209837,25.0481334],[121.5205474,25.0481356],[121.5205474,25.0481356],[121.5205472,25.0481356],[121.5205472,25.0481357],[121.5206592,25.0483549],[121.5206759,25.0483892],[121.520691,25.0484188],[121.5207008,25.0484386],[121.5207112,25.0484588],[121.5207168,25.0484689],[121.5208262,25.048689],[121.5209132,25.0488639],[121.5209318,25.0489002],[121.520966,25.0489711],[121.5210128,25.049061],[121.5210599,25.0491538],[121.5210788,25.0491903],[121.5210954,25.0492244],[121.5211129,25.0492585],[121.5211305,25.0492936],[121.5211904,25.0494118],[121.5211971,25.0494252],[121.5212186,25.0494676],[121.5212372,25.0495051],[121.521256,25.0495418],[121.5212752,25.0495794],[121.5212958,25.0496203],[121.5213357,25.0496997],[121.52136,25.0497484],[121.5213736,25.0497751],[121.5214724,25.0499818],[121.5215815,25.0502175],[121.521679,25.0504237],[121.5217016,25.0504734],[121.5217207,25.0505155],[121.5217377,25.0505521],[121.5217624,25.0506064],[121.5217824,25.0506504],[121.5218031,25.0506956],[121.5218189,25.0507303],[121.5218413,25.0507779],[121.5218797,25.0508604],[121.5218952,25.0508937],[121.521912,25.0509296],[121.5219273,25.0509625],[121.5219319,25.0509719],[121.5219508,25.0510127],[121.52198,25.0510769],[121.5219966,25.0511141],[121.5220136,25.0511528],[121.5220345,25.0512009],[121.5220564,25.0512525],[121.5220743,25.0512993],[121.5220924,25.0513462],[121.5221114,25.0513975],[121.5221153,25.0514085],[121.52213,25.051449],[121.5221453,25.0514942],[121.5221599,25.0515395],[121.5221746,25.051585],[121.52219,25.0516333],[121.522203,25.0516749],[121.5222156,25.051715],[121.5222285,25.0517561],[121.5222356,25.051784],[121.5222641,25.051895],[121.5223034,25.0520773],[121.5222511,25.0521503],[121.5223123,25.0521375],[121.5223555,25.0524245],[121.5228134,25.0524078],[121.5228349,25.0524067],[121.5230227,25.0523985],[121.5230609,25.0523965],[121.523126,25.0523938],[121.523185,25.0523911],[121.5232459,25.0523882],[121.5232998,25.0523858],[121.5233543,25.0523835],[121.5234075,25.0523811],[121.5234618,25.0523787],[121.5235186,25.0523762],[121.5235883,25.0523728],[121.5235897,25.0523728],[121.5236577,25.0523696],[121.5236602,25.0523695],[121.523767,25.0523646],[121.5238204,25.0523622],[121.5238752,25.0523597],[121.523928,25.0523573],[121.5239821,25.0523547],[121.5240444,25.0523518],[121.5240977,25.0523495],[121.5242041,25.0523449],[121.5243208,25.0523394],[121.5243792,25.0523366],[121.5244421,25.0523337],[121.5245213,25.0523302],[121.5248277,25.0523162],[121.5249099,25.0523128],[121.5249279,25.052312],[121.5250702,25.0523059],[121.525191,25.0523006],[121.5250184,25.052176]],[[121.52349,25.0519884],[121.5234897,25.0519862],[121.5234898,25.0519867],[121.52349,25.0519884]],[[121.5234899,25.0519927],[121.5234901,25.0519904],[121.5234901,25.0519909],[121.5234899,25.0519927]]],[[[121.5234891,25.0519969],[121.5234897,25.0519947],[121.5234896,25.0519951],[121.5234891,25.0519969]],[[121.5234875,25.0520009],[121.5234885,25.0519988],[121.5234884,25.0519991],[121.5234875,25.0520009]],[[121.5234852,25.0520046],[121.5234866,25.0520027],[121.5234865,25.0520029],[121.5234852,25.0520046]],[[121.5234822,25.052008],[121.523484,25.0520062],[121.5234839,25.0520064],[121.5234822,25.052008]],[[121.5234787,25.0520108],[121.5234808,25.0520093],[121.5234807,25.0520095],[121.5234787,25.0520108]],[[121.5234745,25.0520131],[121.5234771,25.0520119],[121.5234769,25.052012],[121.5234745,25.0520131]],[[121.52347,25.0520148],[121.5234729,25.0520139],[121.5234728,25.0520139],[121.52347,25.0520148]]]]}},{"type":"Feature","id":229,"properties":{"sectionCode":"0413","sectionName":"正義段四小段","districtName":"中山區","fullName":"中山區正義段四小段"},"geometry":{"type":"Polygon","coordinates":[[[121.5222156,25.051715],[121.522203,25.0516749],[121.52219,25.0516333],[121.5221746,25.051585],[121.5221599,25.0515395],[121.52213,25.051449],[121.5221153,25.0514085],[121.5221114,25.0513975],[121.5220924,25.0513462],[121.5220743,25.0512993],[121.5220564,25.0512525],[121.5220345,25.0512009],[121.5220136,25.0511528],[121.5219966,25.0511141],[121.52198,25.0510769],[121.5219508,25.0510127],[121.5219319,25.0509719],[121.5219273,25.0509625],[121.521912,25.0509296],[121.5218952,25.0508937],[121.5218797,25.0508604],[121.5218413,25.0507779],[121.5218189,25.0507303],[121.5218031,25.0506956],[121.5217824,25.0506504],[121.5217624,25.0506064],[121.5217377,25.0505521],[121.5217207,25.0505155],[121.5217016,25.0504734],[121.521679,25.0504237],[121.5215815,25.0502175],[121.5214724,25.0499818],[121.5213736,25.0497751],[121.52136,25.0497484],[121.5213357,25.0496997],[121.5212958,25.0496203],[121.5212752,25.0495794],[121.521256,25.0495418],[121.5212372,25.0495051],[121.5212186,25.0494676],[121.5211971,25.0494252],[121.5211904,25.0494118],[121.5211305,25.0492936],[121.5211129,25.0492585],[121.5210954,25.0492244],[121.5210788,25.0491903],[121.5210599,25.0491538],[121.5210128,25.049061],[121.520966,25.0489711],[121.5209321,25.0489008],[121.5209132,25.0488639],[121.5208262,25.048689],[121.5207168,25.0484689],[121.5207112,25.0484588],[121.5207008,25.0484386],[121.520691,25.0484188],[121.5206759,25.0483892],[121.5206592,25.0483549],[121.5205472,25.0481357],[121.5205472,25.0481356],[121.5194362,25.0482131],[121.5194289,25.0482136],[121.5191833,25.0482307],[121.5191829,25.0482308],[121.518991,25.0484526],[121.5189908,25.0484529],[121.5188975,25.0485607],[121.5188901,25.0485694],[121.5188584,25.0485936],[121.5188565,25.048595],[121.518835,25.0486104],[121.518836,25.048611],[121.51898,25.0486986],[121.5190375,25.0487352],[121.5191808,25.0488225],[121.519195,25.0488312],[121.5192376,25.0488573],[121.5192724,25.0488785],[121.5193392,25.0489297],[121.5194086,25.0489829],[121.5194109,25.0489846],[121.5195032,25.0490777],[121.5195059,25.0490804],[121.5196343,25.0492142],[121.519647,25.0492325],[121.519656,25.0492455],[121.5196796,25.0492794],[121.5196809,25.0492814],[121.5196241,25.0492952],[121.5196216,25.0492958],[121.5196637,25.049345],[121.5196861,25.0493714],[121.5197127,25.0494033],[121.5197605,25.0494633],[121.5198146,25.049528],[121.5198509,25.0495728],[121.5198844,25.0496184],[121.519906,25.0496547],[121.5199448,25.0497176],[121.5199705,25.0497589],[121.519989,25.0497913],[121.5200277,25.0498606],[121.5200389,25.0498831],[121.5200465,25.0498989],[121.5200651,25.0499342],[121.5200798,25.0499673],[121.5200942,25.0499988],[121.5201168,25.0500451],[121.5201188,25.0500492],[121.5201212,25.0500545],[121.520142,25.0500993],[121.5201426,25.0501007],[121.5202083,25.0500858],[121.520229,25.0501461],[121.5202565,25.0502263],[121.5202207,25.0502342],[121.52022,25.0502343],[121.5202853,25.0506578],[121.5203251,25.0509127],[121.5203307,25.0509489],[121.5203308,25.0509498],[121.5203766,25.0516996],[121.5203778,25.0516993],[121.5204072,25.0516923],[121.5204072,25.0516927],[121.5204157,25.0518032],[121.5204678,25.0524835],[121.5204837,25.0524806],[121.5208285,25.0524173],[121.5208412,25.0524149],[121.5214485,25.0523013],[121.5214516,25.0523011],[121.5214619,25.0522993],[121.5214624,25.0522992],[121.5215062,25.0522905],[121.5216313,25.0522671],[121.5218193,25.0522321],[121.52188,25.0522209],[121.5219559,25.0522074],[121.5221266,25.0521764],[121.5222511,25.0521503],[121.5223034,25.0520773],[121.5222641,25.051895],[121.5222356,25.051784],[121.5222285,25.0517561],[121.5222156,25.051715]]]}},{"type":"Feature","id":230,"properties":{"sectionCode":"0414","sectionName":"吉林段一小段","districtName":"中山區","fullName":"中山區吉林段一小段"},"geometry":{"type":"Polygon","coordinates":[[[121.5333267,25.0581716],[121.5333242,25.058053],[121.533241,25.0580543],[121.5331795,25.0580552],[121.5331266,25.058056],[121.5330652,25.058057],[121.5329274,25.0580591],[121.5328582,25.0580602],[121.5325685,25.0580643],[121.532516,25.0580649],[121.5324651,25.0580658],[121.5324135,25.0580664],[121.5323593,25.0580674],[121.5323055,25.0580681],[121.5322427,25.0580691],[121.5321819,25.0580702],[121.5316667,25.0580782],[121.531624,25.0580791],[121.5315885,25.0580802],[121.5315328,25.0580815],[121.5314803,25.0580822],[121.5314284,25.058083],[121.5313764,25.0580834],[121.5313243,25.0580842],[121.531273,25.0580849],[121.5312214,25.0580859],[121.5311697,25.0580865],[121.5311181,25.058087],[121.5310635,25.0580877],[121.5310384,25.0580882],[121.5309582,25.0580893],[121.5305403,25.0580953],[121.5305255,25.0580955],[121.5304621,25.0580962],[121.5304038,25.0580973],[121.5303417,25.0580979],[121.5303073,25.0581293],[121.5303105,25.0582922],[121.5303111,25.0583428],[121.5303121,25.0583933],[121.5303131,25.0584426],[121.5303137,25.05849],[121.5303138,25.0584936],[121.5303144,25.058537],[121.5303153,25.0585809],[121.5303162,25.058625],[121.5303167,25.0586688],[121.5303173,25.0587122],[121.5303184,25.0587561],[121.5303191,25.0587998],[121.5303201,25.0588532],[121.5303207,25.0588834],[121.5303218,25.0589293],[121.5303218,25.0589302],[121.5303237,25.0590067],[121.5303247,25.059036],[121.5303258,25.0590895],[121.530327,25.0591408],[121.5303279,25.0591935],[121.5303291,25.059247],[121.5303302,25.0592985],[121.5303315,25.0593513],[121.5303323,25.0593995],[121.5303336,25.0594483],[121.5303348,25.0594966],[121.5303357,25.0595452],[121.5303369,25.0595928],[121.5303379,25.0596412],[121.5303391,25.0596856],[121.53034,25.0597294],[121.530341,25.0597731],[121.530342,25.0598169],[121.5303432,25.0598604],[121.5303436,25.0598827],[121.5303445,25.0599078],[121.5303467,25.0599874],[121.5303477,25.0600242],[121.5303491,25.0600836],[121.5303503,25.0601442],[121.5303518,25.0602054],[121.530353,25.0602731],[121.5303538,25.0603155],[121.5303542,25.0603411],[121.530355,25.0603875],[121.5303553,25.0603979],[121.5303556,25.0604119],[121.5303561,25.060439],[121.5303584,25.0605625],[121.5303595,25.0606084],[121.5303598,25.0606191],[121.5303603,25.0606688],[121.5303614,25.0607192],[121.5303624,25.0607696],[121.5303634,25.0608189],[121.530364,25.0608695],[121.5303651,25.0609195],[121.5303662,25.0609695],[121.530367,25.0610197],[121.5303693,25.0611449],[121.5303704,25.061202],[121.5303722,25.0612682],[121.5303726,25.0612816],[121.5303742,25.0613693],[121.5303752,25.0614116],[121.5303765,25.0614926],[121.5303777,25.0615534],[121.5303789,25.0616119],[121.5303798,25.0616706],[121.530381,25.0617298],[121.5303821,25.0617882],[121.530383,25.0618466],[121.5303842,25.0619058],[121.5303846,25.0619387],[121.530385,25.0619495],[121.5303855,25.061971],[121.5303872,25.0620437],[121.5303878,25.062067],[121.5303904,25.062208],[121.530391,25.0622383],[121.5303931,25.0623571],[121.530428,25.0623877],[121.5304266,25.0627465],[121.5305277,25.062744],[121.5305786,25.0627426],[121.5306296,25.0627414],[121.5306811,25.0627401],[121.5307322,25.0627386],[121.5307829,25.0627375],[121.530834,25.0627363],[121.5309031,25.0627345],[121.5309715,25.0627329],[121.5310404,25.062731],[121.5311422,25.0627285],[121.5312187,25.0627267],[121.5312958,25.0627245],[121.5315055,25.0627195],[121.5316231,25.0627162],[121.5317084,25.0627145],[121.5317184,25.0627144],[121.5317416,25.0627139],[121.5318363,25.0627115],[121.531885,25.0627103],[121.5319323,25.0627092],[121.5319803,25.0627079],[121.5320288,25.0627062],[121.5320763,25.0627049],[121.5321231,25.0627037],[121.5321707,25.0627026],[121.5322188,25.0627011],[121.532267,25.0627001],[121.5323141,25.0626989],[121.5323617,25.0626978],[121.5324093,25.062696],[121.5324566,25.062695],[121.5325043,25.0626936],[121.5325523,25.0626926],[121.5326022,25.0626912],[121.5329434,25.0626816],[121.5330928,25.0626769],[121.5331179,25.0626767],[121.5333064,25.0626705],[121.5334088,25.062667],[121.5333984,25.0622427],[121.5333921,25.061959],[121.5333833,25.0613483],[121.533379,25.0610922],[121.5333787,25.0610735],[121.5333783,25.0610587],[121.5333776,25.0610299],[121.533375,25.0609284],[121.533374,25.0608857],[121.5333685,25.0605667],[121.5333667,25.0604291],[121.5333667,25.0604235],[121.5333662,25.0603951],[121.5333643,25.0602868],[121.533359,25.0599759],[121.5333562,25.0598182],[121.5333527,25.0596111],[121.5333517,25.0595564],[121.5333473,25.0592976],[121.5333437,25.0590911],[121.5333424,25.0590128],[121.5333399,25.0588886],[121.5333396,25.0588752],[121.5333385,25.0588167],[121.5333326,25.0584559],[121.5333314,25.0583923],[121.5333267,25.0581716]]]}},{"type":"Feature","id":231,"properties":{"sectionCode":"0415","sectionName":"吉林段二小段","districtName":"中山區","fullName":"中山區吉林段二小段"},"geometry":{"type":"Polygon","coordinates":[[[121.5332173,25.0520371],[121.5332173,25.0520368],[121.5327818,25.0520398],[121.5327562,25.05204],[121.5322714,25.0520447],[121.5319877,25.0520471],[121.5315857,25.0520508],[121.5309721,25.0520577],[121.5309666,25.0520578],[121.53018,25.0520658],[121.5301834,25.0521594],[121.5301837,25.0521666],[121.5301872,25.0522766],[121.5301932,25.0525727],[121.5301946,25.0526514],[121.5301995,25.0528995],[121.5302016,25.0530058],[121.5302064,25.0532499],[121.5302084,25.0533561],[121.530211,25.0534793],[121.5302136,25.0535887],[121.5302161,25.0537198],[121.5302167,25.0537518],[121.5302188,25.0538707],[121.5302204,25.0539636],[121.5302213,25.0539916],[121.5302219,25.0540081],[121.5302217,25.0540175],[121.5302229,25.0540714],[121.5302233,25.054097],[121.5302253,25.0542169],[121.5302279,25.0543436],[121.5302284,25.054369],[121.5302293,25.0544229],[121.5302299,25.0544486],[121.5302304,25.0544716],[121.530231,25.0545157],[121.5302319,25.0545598],[121.5302329,25.0546043],[121.5302358,25.0547348],[121.5302381,25.0548519],[121.5302382,25.0548567],[121.5302397,25.0549465],[121.5302402,25.054978],[121.5302442,25.0551321],[121.5302478,25.0552788],[121.5302467,25.0553334],[121.5302471,25.0553822],[121.5302476,25.0554291],[121.5302481,25.0554763],[121.5302493,25.0555209],[121.5302516,25.0556034],[121.5302538,25.0556558],[121.5302549,25.0556739],[121.5302553,25.055708],[121.5302567,25.055775],[121.5302609,25.0559798],[121.5302618,25.0560142],[121.5302624,25.0560387],[121.5302642,25.0561506],[121.5302692,25.0563488],[121.5302693,25.0563622],[121.5302697,25.0563766],[121.5302706,25.0564118],[121.5302715,25.0564692],[121.5302723,25.0565219],[121.5302729,25.0565443],[121.5302736,25.056593],[121.5302746,25.0566407],[121.5302757,25.05669],[121.5302768,25.0567401],[121.5302769,25.0567621],[121.5302774,25.0568162],[121.5302777,25.056877],[121.5302838,25.0571717],[121.5302859,25.0572082],[121.530289,25.0573809],[121.5302905,25.0574643],[121.5302907,25.0574804],[121.5302914,25.0575322],[121.5302923,25.0575812],[121.5302932,25.0576298],[121.5302941,25.0576799],[121.5302972,25.0578359],[121.5303379,25.0578733],[121.5303407,25.058038],[121.5303417,25.0580979],[121.5304038,25.0580973],[121.5304621,25.0580962],[121.5305255,25.0580955],[121.5305403,25.0580953],[121.5309582,25.0580893],[121.5310384,25.0580882],[121.5310635,25.0580877],[121.5311181,25.058087],[121.5311697,25.0580865],[121.5312214,25.0580859],[121.531273,25.0580849],[121.5313243,25.0580842],[121.5313764,25.0580834],[121.5314284,25.058083],[121.5314803,25.0580822],[121.5315328,25.0580815],[121.5315885,25.0580802],[121.531624,25.0580791],[121.5316667,25.0580782],[121.5321819,25.0580702],[121.5322427,25.0580691],[121.5322488,25.0580689],[121.5323055,25.0580681],[121.5323593,25.0580674],[121.5324135,25.0580664],[121.5324651,25.0580658],[121.532516,25.0580649],[121.5325685,25.0580643],[121.5328582,25.0580602],[121.5329274,25.0580591],[121.5330652,25.058057],[121.5331266,25.058056],[121.5331795,25.0580552],[121.533241,25.0580543],[121.5333242,25.058053],[121.5333213,25.0578494],[121.5333194,25.0577096],[121.5333111,25.0571147],[121.5333088,25.0570043],[121.5333083,25.0569837],[121.5333036,25.0567273],[121.5333013,25.0566012],[121.5332966,25.0563608],[121.5332927,25.0561574],[121.5332908,25.05606],[121.5332903,25.0560301],[121.5332895,25.055977],[121.5332886,25.0559186],[121.5332877,25.0558644],[121.5332869,25.0558106],[121.533286,25.055756],[121.5332852,25.0557023],[121.5332843,25.0556486],[121.5332835,25.0555938],[121.5332826,25.055539],[121.5332818,25.0554842],[121.5332809,25.0554294],[121.53328,25.0553747],[121.5332798,25.0553621],[121.5332711,25.0548046],[121.5332697,25.054725],[121.5332697,25.0547249],[121.5332691,25.0546895],[121.5332682,25.0546418],[121.5332599,25.0541683],[121.5332597,25.0541395],[121.5332447,25.0533335],[121.5332444,25.0533169],[121.5332419,25.0532121],[121.5332336,25.0527588],[121.5332331,25.0527322],[121.5332173,25.0520371]]]}},{"type":"Feature","id":232,"properties":{"sectionCode":"0416","sectionName":"吉林段三小段","districtName":"中山區","fullName":"中山區吉林段三小段"},"geometry":{"type":"Polygon","coordinates":[[[121.5303742,25.0613693],[121.5303726,25.0612816],[121.5303722,25.0612682],[121.5303704,25.061202],[121.5303693,25.0611449],[121.530367,25.0610197],[121.5303662,25.0609695],[121.5303651,25.0609195],[121.530364,25.0608695],[121.5303634,25.0608189],[121.5303624,25.0607696],[121.5303614,25.0607192],[121.5303603,25.0606688],[121.5303598,25.0606191],[121.5303595,25.0606084],[121.5303584,25.0605625],[121.5303561,25.060439],[121.5303556,25.0604119],[121.5303553,25.0603979],[121.530355,25.0603875],[121.5303542,25.0603411],[121.5303538,25.0603155],[121.530353,25.0602731],[121.5303518,25.0602054],[121.5303503,25.0601442],[121.5303491,25.0600836],[121.5303477,25.0600242],[121.5303467,25.0599874],[121.5303445,25.0599078],[121.5303436,25.0598827],[121.5303432,25.0598604],[121.530342,25.0598169],[121.530341,25.0597731],[121.53034,25.0597294],[121.5303391,25.0596856],[121.5303379,25.0596412],[121.5303369,25.0595928],[121.5303357,25.0595452],[121.5303348,25.0594966],[121.5303336,25.0594483],[121.5303323,25.0593995],[121.5303315,25.0593513],[121.5303302,25.0592985],[121.5303291,25.059247],[121.5303279,25.0591935],[121.530327,25.0591408],[121.5303258,25.0590895],[121.5303247,25.059036],[121.5303237,25.0590067],[121.5303218,25.0589302],[121.5303218,25.0589293],[121.5303207,25.0588834],[121.5303201,25.0588532],[121.5303191,25.0587998],[121.5303184,25.0587561],[121.5303173,25.0587122],[121.5303167,25.0586688],[121.5303162,25.058625],[121.5303153,25.0585809],[121.5303144,25.058537],[121.5303138,25.0584936],[121.5303137,25.05849],[121.5303131,25.0584426],[121.5303121,25.0583933],[121.5303111,25.0583428],[121.5303105,25.0582922],[121.5303073,25.0581293],[121.5303417,25.0580979],[121.5300766,25.0581012],[121.5300108,25.0581023],[121.5299572,25.0581032],[121.5299514,25.0581033],[121.5299034,25.0581041],[121.5298495,25.0581051],[121.5297951,25.058106],[121.5297408,25.0581071],[121.5296872,25.0581082],[121.5296314,25.058109],[121.5295867,25.05811],[121.5295549,25.0581106],[121.5294995,25.0581118],[121.5294455,25.0581129],[121.5293905,25.058114],[121.529337,25.058115],[121.5292827,25.0581161],[121.529229,25.0581165],[121.5291751,25.0581171],[121.5291214,25.0581179],[121.5290669,25.0581187],[121.5290128,25.0581196],[121.5289952,25.05812],[121.528988,25.0581202],[121.5288114,25.058123],[121.5287676,25.0581231],[121.5287156,25.0581238],[121.5286645,25.0581246],[121.5286144,25.0581255],[121.5285627,25.0581263],[121.5285113,25.0581271],[121.5284598,25.0581279],[121.5284081,25.0581286],[121.5283566,25.0581296],[121.5283055,25.0581304],[121.528254,25.0581313],[121.5282029,25.0581321],[121.5281514,25.0581329],[121.5281502,25.0581329],[121.5280979,25.0581338],[121.5280444,25.0581346],[121.5279917,25.0581354],[121.527939,25.0581361],[121.5279085,25.0581369],[121.5277387,25.05814],[121.5277426,25.0582815],[121.5277215,25.0582675],[121.5277099,25.0582936],[121.527698,25.0582991],[121.5276502,25.0583443],[121.5276,25.0583432],[121.5275599,25.058298],[121.5273911,25.0582985],[121.5273228,25.0582987],[121.5272936,25.058287],[121.527279,25.0582812],[121.5272342,25.0582643],[121.5272126,25.0582724],[121.5271958,25.0582686],[121.5271546,25.0582592],[121.5271139,25.0582504],[121.5270691,25.0582403],[121.527015,25.0582285],[121.5268539,25.0581938],[121.5268154,25.0581852],[121.5268149,25.0581851],[121.5267773,25.0581771],[121.5267763,25.0581769],[121.5267219,25.058165],[121.5266732,25.0581655],[121.5266251,25.0581661],[121.5265774,25.0581667],[121.5265284,25.0581672],[121.5264777,25.058168],[121.5264169,25.0581681],[121.5263736,25.0581685],[121.5263302,25.0581689],[121.5262891,25.0581689],[121.5262466,25.0581694],[121.5262054,25.0581696],[121.5261549,25.0581698],[121.5261185,25.0581703],[121.5260697,25.0581709],[121.5259507,25.0581716],[121.5258433,25.0581725],[121.5257688,25.0581732],[121.5256647,25.0581744],[121.525524,25.0581757],[121.5255442,25.0590831],[121.5255487,25.0592871],[121.5255642,25.0600768],[121.5255685,25.060264],[121.5255871,25.0610734],[121.5255927,25.0613161],[121.5255937,25.0613159],[121.5255937,25.0613159],[121.525602,25.0617147],[121.5256026,25.0617444],[121.5256137,25.0622753],[121.5256138,25.0622829],[121.5256184,25.0625127],[121.5256203,25.0626101],[121.5256204,25.0626147],[121.5256216,25.0626661],[121.5256228,25.0627177],[121.5256241,25.0627736],[121.5256264,25.0628724],[121.5256277,25.0628724],[121.5257617,25.0628692],[121.5266173,25.0628464],[121.5266517,25.0628455],[121.5270334,25.0628353],[121.5270751,25.0628343],[121.5271346,25.0628325],[121.5271902,25.0628314],[121.527244,25.0628299],[121.5272986,25.0628286],[121.5273527,25.0628275],[121.5274139,25.0628258],[121.5274406,25.0628251],[121.5274745,25.0628243],[121.5274872,25.062824],[121.5274896,25.062824],[121.5279479,25.062814],[121.5279562,25.0628138],[121.5280253,25.0628118],[121.5283415,25.0628034],[121.528391,25.0628019],[121.5287313,25.0627931],[121.5288517,25.0627899],[121.5289249,25.062788],[121.5290466,25.0627836],[121.529122,25.0627817],[121.5291421,25.0627812],[121.5291931,25.0627798],[121.5292426,25.0627787],[121.5292891,25.0627776],[121.5293784,25.0627753],[121.5293943,25.0627749],[121.5295006,25.0627723],[121.5295553,25.0627709],[121.5296095,25.0627697],[121.5296644,25.0627684],[121.5297183,25.0627673],[121.5298083,25.062765],[121.529992,25.0627604],[121.5301596,25.0627562],[121.5301937,25.062755],[121.5304266,25.0627465],[121.530428,25.0623877],[121.5303931,25.0623571],[121.530391,25.0622383],[121.5303904,25.062208],[121.5303878,25.062067],[121.5303872,25.0620437],[121.5303855,25.061971],[121.530385,25.0619495],[121.5303846,25.0619387],[121.5303842,25.0619058],[121.530383,25.0618466],[121.5303821,25.0617882],[121.530381,25.0617298],[121.5303798,25.0616706],[121.5303789,25.0616119],[121.5303777,25.0615534],[121.5303765,25.0614926],[121.5303752,25.0614116],[121.5303742,25.0613693]]]}},{"type":"Feature","id":233,"properties":{"sectionCode":"0417","sectionName":"吉林段四小段","districtName":"中山區","fullName":"中山區吉林段四小段"},"geometry":{"type":"Polygon","coordinates":[[[121.5277099,25.0582936],[121.5277215,25.0582675],[121.5277426,25.0582815],[121.5277387,25.05814],[121.5279025,25.058137],[121.5279085,25.0581369],[121.527939,25.0581361],[121.5279917,25.0581354],[121.5280444,25.0581346],[121.5280979,25.0581338],[121.5281502,25.0581329],[121.5281514,25.0581329],[121.5282029,25.0581321],[121.528254,25.0581313],[121.5283055,25.0581304],[121.5283566,25.0581296],[121.5284081,25.0581286],[121.5284598,25.0581279],[121.5285113,25.0581271],[121.5285627,25.0581263],[121.5286144,25.0581255],[121.5286645,25.0581246],[121.5287156,25.0581238],[121.5287676,25.0581231],[121.5288114,25.058123],[121.528988,25.0581202],[121.5289952,25.05812],[121.5290128,25.0581196],[121.5290669,25.0581187],[121.5291214,25.0581179],[121.5291751,25.0581171],[121.529229,25.0581165],[121.5292827,25.0581161],[121.529337,25.058115],[121.5293905,25.058114],[121.5294455,25.0581129],[121.5294995,25.0581118],[121.5295549,25.0581106],[121.5295867,25.05811],[121.5296314,25.058109],[121.5296872,25.0581082],[121.5297408,25.0581071],[121.5297951,25.058106],[121.5298495,25.0581051],[121.5299034,25.0581041],[121.5299514,25.0581033],[121.5299572,25.0581032],[121.5300108,25.0581023],[121.5300766,25.0581012],[121.5303417,25.0580979],[121.5303407,25.058038],[121.5303379,25.0578733],[121.5302972,25.0578359],[121.5302941,25.0576799],[121.5302932,25.0576298],[121.5302923,25.0575812],[121.5302914,25.0575322],[121.5302907,25.0574804],[121.5302905,25.0574643],[121.530289,25.0573809],[121.5302859,25.0572082],[121.5302838,25.0571717],[121.5302777,25.056877],[121.5302774,25.0568162],[121.5302769,25.0567621],[121.5302768,25.0567401],[121.5302757,25.05669],[121.5302746,25.0566407],[121.5302736,25.056593],[121.5302729,25.0565443],[121.5302723,25.0565219],[121.5302715,25.0564692],[121.5302706,25.0564118],[121.5302697,25.0563766],[121.5302693,25.0563622],[121.5302692,25.0563488],[121.5302642,25.0561506],[121.5302624,25.0560387],[121.5302618,25.0560142],[121.5302609,25.0559798],[121.5302567,25.055775],[121.5302553,25.055708],[121.5302549,25.0556739],[121.5302538,25.0556558],[121.5302516,25.0556034],[121.5302493,25.0555209],[121.5302481,25.0554763],[121.5302476,25.0554291],[121.5302471,25.0553822],[121.5302467,25.0553334],[121.5302478,25.0552788],[121.5302442,25.0551321],[121.5302402,25.054978],[121.5302397,25.0549465],[121.5302295,25.0549464],[121.530195,25.0548897],[121.5300898,25.054938],[121.5300198,25.0549768],[121.5299993,25.0549581],[121.5297926,25.0549609],[121.5297898,25.0549609],[121.5297758,25.0549613],[121.529768,25.0549614],[121.5297224,25.0549618],[121.5296712,25.0549627],[121.5296201,25.0549633],[121.5295698,25.0549641],[121.5295183,25.054965],[121.5294674,25.0549657],[121.5294162,25.0549664],[121.5293651,25.054967],[121.5293082,25.054968],[121.5292517,25.054969],[121.5291941,25.0549701],[121.5291365,25.0549709],[121.5291243,25.0549711],[121.5290779,25.0549717],[121.5290337,25.0549723],[121.5289248,25.0549738],[121.5289237,25.0549738],[121.5287466,25.054977],[121.5287211,25.0549775],[121.5286677,25.0549782],[121.5286134,25.0549787],[121.5285598,25.0549797],[121.5285063,25.0549802],[121.5284529,25.0549809],[121.5283997,25.0549819],[121.5283461,25.0549825],[121.5282919,25.0549834],[121.5282376,25.054984],[121.5281837,25.054985],[121.5281303,25.0549856],[121.5280766,25.0549863],[121.5280219,25.0549868],[121.5279679,25.0549876],[121.5278245,25.0549897],[121.5277072,25.0549919],[121.5277029,25.054992],[121.5273234,25.0550005],[121.5272186,25.0550021],[121.5271964,25.0550024],[121.5271561,25.0550031],[121.5270831,25.0550042],[121.5269426,25.0550059],[121.5268748,25.055007],[121.5266477,25.0550105],[121.5264334,25.0550137],[121.5263904,25.0550144],[121.5263619,25.0550149],[121.5263018,25.0550161],[121.5262743,25.0550165],[121.5262673,25.0550166],[121.5262334,25.0550171],[121.5261955,25.0550175],[121.5261612,25.055018],[121.5261262,25.0550185],[121.5260186,25.0550202],[121.5259467,25.0550209],[121.5258751,25.055022],[121.5258011,25.0550231],[121.5257278,25.0550243],[121.5256991,25.0550246],[121.52566,25.0550252],[121.5256005,25.055026],[121.5255919,25.0550261],[121.5255524,25.0550271],[121.5254549,25.0550284],[121.525463,25.0553561],[121.5254915,25.0566014],[121.525522,25.0579481],[121.525524,25.058175],[121.5256647,25.0581735],[121.5257688,25.0581732],[121.5258433,25.0581725],[121.5259507,25.0581716],[121.5260697,25.0581709],[121.5261185,25.0581703],[121.5261549,25.0581698],[121.5262054,25.0581696],[121.5262466,25.0581694],[121.5262891,25.0581689],[121.5263302,25.0581689],[121.5263736,25.0581685],[121.5264169,25.0581681],[121.5264777,25.058168],[121.5265284,25.0581672],[121.5265774,25.0581667],[121.5266251,25.0581661],[121.5266732,25.0581655],[121.5267219,25.058165],[121.5267763,25.0581769],[121.5267773,25.0581771],[121.5268149,25.0581851],[121.5268154,25.0581852],[121.5268539,25.0581938],[121.527015,25.0582285],[121.5270691,25.0582403],[121.5271139,25.0582504],[121.5271546,25.0582592],[121.5271958,25.0582686],[121.5272126,25.0582724],[121.5272342,25.0582643],[121.527279,25.0582812],[121.5272936,25.058287],[121.5273228,25.0582987],[121.5273911,25.0582985],[121.5275599,25.058298],[121.5276,25.0583432],[121.5276502,25.0583443],[121.527698,25.0582991],[121.5277099,25.0582936]]]}},{"type":"Feature","id":234,"properties":{"sectionCode":"0418","sectionName":"吉林段五小段","districtName":"中山區","fullName":"中山區吉林段五小段"},"geometry":{"type":"Polygon","coordinates":[[[121.5297926,25.0549609],[121.5299993,25.0549581],[121.5300198,25.0549768],[121.5300898,25.054938],[121.530195,25.0548897],[121.5302295,25.0549464],[121.5302397,25.0549465],[121.5302382,25.0548567],[121.5302381,25.0548519],[121.5302358,25.0547348],[121.5302329,25.0546043],[121.5302319,25.0545598],[121.530231,25.0545157],[121.5302304,25.0544716],[121.5302299,25.0544486],[121.5302293,25.0544229],[121.5302284,25.054369],[121.5302279,25.0543436],[121.5302253,25.0542169],[121.5302233,25.054097],[121.5302229,25.0540714],[121.5302217,25.0540175],[121.5302219,25.0540081],[121.5302213,25.0539916],[121.5302204,25.0539636],[121.5302188,25.0538707],[121.5302167,25.0537518],[121.5302161,25.0537198],[121.5302136,25.0535887],[121.530211,25.0534793],[121.5302084,25.0533561],[121.5302064,25.0532499],[121.5302016,25.0530058],[121.5301995,25.0528995],[121.5301946,25.0526514],[121.5301932,25.0525727],[121.5301872,25.0522766],[121.5301837,25.0521666],[121.5301834,25.0521594],[121.53018,25.0520658],[121.5300937,25.0520664],[121.5299705,25.0520672],[121.5299478,25.0520673],[121.5297042,25.0520698],[121.529704,25.0520698],[121.5295628,25.0520713],[121.5294358,25.0520728],[121.5285384,25.0520812],[121.5283878,25.0520825],[121.5283323,25.0520828],[121.528314,25.0520831],[121.5278262,25.0520868],[121.5277832,25.052267],[121.5277598,25.052267],[121.5276037,25.0522678],[121.5274367,25.0522687],[121.5273912,25.0522692],[121.5273755,25.0522694],[121.5273671,25.0522695],[121.5273095,25.0522701],[121.5272272,25.0522709],[121.5271444,25.0522718],[121.527061,25.0522727],[121.5270049,25.0522733],[121.5267679,25.0522757],[121.5265134,25.0522782],[121.5264654,25.0522786],[121.5259906,25.052284],[121.5255373,25.0522873],[121.5254586,25.0522899],[121.5253958,25.052292],[121.5253958,25.0522928],[121.525426,25.0537581],[121.5254277,25.0538559],[121.5254297,25.0539308],[121.5254401,25.054398],[121.5254504,25.0548475],[121.5254549,25.0550284],[121.5255524,25.0550271],[121.5255919,25.0550261],[121.5256005,25.055026],[121.52566,25.0550252],[121.5256991,25.0550246],[121.5257278,25.0550243],[121.5258011,25.0550231],[121.5258751,25.055022],[121.5259467,25.0550209],[121.5260186,25.0550202],[121.5261262,25.0550185],[121.5261612,25.055018],[121.5261955,25.0550175],[121.5262334,25.0550171],[121.5262673,25.0550166],[121.5262743,25.0550165],[121.5263018,25.0550161],[121.5263619,25.0550149],[121.5263904,25.0550144],[121.5264334,25.0550137],[121.5266477,25.0550105],[121.5268748,25.055007],[121.5269426,25.0550059],[121.5270831,25.0550042],[121.5271561,25.0550031],[121.5271964,25.0550024],[121.5272186,25.0550021],[121.5273234,25.0550005],[121.5277029,25.054992],[121.5277072,25.0549919],[121.5278245,25.0549897],[121.5279679,25.0549876],[121.5280219,25.0549868],[121.5280766,25.0549863],[121.5281303,25.0549856],[121.5281837,25.054985],[121.5282376,25.054984],[121.5282919,25.0549834],[121.5283461,25.0549825],[121.5283997,25.0549819],[121.5284529,25.0549809],[121.5285063,25.0549802],[121.5285598,25.0549797],[121.5286134,25.0549787],[121.5286677,25.0549782],[121.5287211,25.0549775],[121.5287466,25.054977],[121.5289237,25.0549738],[121.5289248,25.0549738],[121.5290337,25.0549723],[121.5290779,25.0549717],[121.5291243,25.0549711],[121.5291365,25.0549709],[121.5291941,25.0549701],[121.5292517,25.054969],[121.5293082,25.054968],[121.5293651,25.054967],[121.5294162,25.0549664],[121.5294674,25.0549657],[121.5295183,25.054965],[121.5295698,25.0549641],[121.5296201,25.0549633],[121.5296712,25.0549627],[121.5297224,25.0549618],[121.529768,25.0549614],[121.5297758,25.0549613],[121.5297898,25.0549609],[121.5297926,25.0549609]],[[121.5266231,25.0548309],[121.5267325,25.0548294],[121.5266775,25.0548654],[121.5266231,25.0548309]]]}},{"type":"Feature","id":235,"properties":{"sectionCode":"0419","sectionName":"長安段一小段","districtName":"中山區","fullName":"中山區長安段一小段"},"geometry":{"type":"Polygon","coordinates":[[[121.5439462,25.0482994],[121.5439427,25.0481699],[121.5439417,25.0481699],[121.5437448,25.0481735],[121.5437015,25.0481743],[121.5433405,25.048181],[121.5430793,25.0481857],[121.5425423,25.0481956],[121.5424881,25.0481966],[121.5424335,25.0481976],[121.542244,25.048201],[121.542016,25.0482045],[121.5405385,25.0482359],[121.540263,25.0482369],[121.5391142,25.0482576],[121.5390339,25.04826],[121.5380388,25.0482768],[121.5379312,25.0482792],[121.5363621,25.0483104],[121.536366,25.0484888],[121.5363228,25.0484896],[121.5363663,25.0485284],[121.536391,25.0496631],[121.5363922,25.0497173],[121.5363954,25.0498624],[121.5363994,25.0500477],[121.5364001,25.0500806],[121.5364382,25.0518265],[121.5364394,25.0518808],[121.5364406,25.0519362],[121.5364421,25.0520052],[121.5364421,25.0520053],[121.5364421,25.0520053],[121.536448,25.0520052],[121.5378483,25.0519774],[121.540367,25.0519275],[121.5403673,25.0519275],[121.5405503,25.0519238],[121.5405615,25.0519236],[121.542102,25.0518917],[121.5423975,25.0518856],[121.543451,25.0518617],[121.5440383,25.0518483],[121.5440383,25.0518481],[121.5440373,25.0517214],[121.5440369,25.0516773],[121.5440369,25.0516691],[121.5440367,25.0516646],[121.5440323,25.0514997],[121.5439912,25.0499824],[121.543967,25.0490845],[121.5439462,25.0482994]]]}},{"type":"Feature","id":236,"properties":{"sectionCode":"0420","sectionName":"長安段二小段","districtName":"中山區","fullName":"中山區長安段二小段"},"geometry":{"type":"Polygon","coordinates":[[[121.5401985,25.048238],[121.540263,25.0482369],[121.5405385,25.0482359],[121.54081,25.0482301],[121.5408613,25.0482291],[121.5410648,25.0482247],[121.5411643,25.0482226],[121.5412197,25.0482214],[121.5412757,25.0482202],[121.5413325,25.048219],[121.5415736,25.0482139],[121.5416217,25.0482129],[121.54167,25.0482118],[121.5417184,25.0482108],[121.541767,25.0482098],[121.5418149,25.0482087],[121.5418627,25.0482077],[121.5419119,25.0482067],[121.5419616,25.0482056],[121.542016,25.0482045],[121.542244,25.048201],[121.5422897,25.0482002],[121.5423809,25.0481985],[121.5424335,25.0481976],[121.5424881,25.0481966],[121.5425423,25.0481956],[121.5430793,25.0481857],[121.5433405,25.048181],[121.5434,25.0481799],[121.5437015,25.0481743],[121.5437448,25.0481735],[121.5439417,25.0481699],[121.5439427,25.0481699],[121.5439426,25.0481652],[121.5439391,25.0480203],[121.5439389,25.0480134],[121.5439388,25.0480074],[121.5439305,25.0476699],[121.5439255,25.0474656],[121.5439255,25.0474633],[121.5438716,25.045584],[121.5438647,25.0453892],[121.5438526,25.0450466],[121.5438484,25.0449337],[121.5438478,25.0449138],[121.5437603,25.0449022],[121.5436549,25.0448881],[121.5436493,25.0448874],[121.5425601,25.0447418],[121.5424836,25.0447316],[121.5417594,25.0446779],[121.5410974,25.0446287],[121.5410511,25.0446253],[121.5405672,25.0446437],[121.5402157,25.0446571],[121.5398116,25.0446724],[121.539797,25.044673],[121.5397511,25.0446754],[121.53961,25.0446831],[121.5394306,25.0446931],[121.5391392,25.0447102],[121.5388208,25.0447288],[121.5388206,25.0447288],[121.5383092,25.0447588],[121.5381248,25.0447693],[121.5380767,25.0447721],[121.5380045,25.0447763],[121.5378394,25.044786],[121.5369842,25.0448362],[121.5362903,25.0448836],[121.5362913,25.0449427],[121.5363081,25.0459155],[121.5363141,25.0461072],[121.5363142,25.0461109],[121.5363147,25.0461337],[121.5363148,25.0461395],[121.5363167,25.046229],[121.5363187,25.046329],[121.5363192,25.0463508],[121.5363218,25.0464772],[121.5363245,25.0466095],[121.5363249,25.046631],[121.5363269,25.0467253],[121.5363274,25.0467539],[121.5363302,25.0468811],[121.5363306,25.0469007],[121.5363324,25.0469804],[121.5363334,25.0470251],[121.5363352,25.0471048],[121.5363367,25.047175],[121.5363376,25.0472116],[121.5363386,25.0472546],[121.5363389,25.0472681],[121.5363414,25.0473822],[121.5363451,25.0475431],[121.5363459,25.0475804],[121.5363485,25.0476953],[121.5363498,25.0477498],[121.5363534,25.0479117],[121.5363543,25.0479483],[121.5363562,25.0480373],[121.5363586,25.0481486],[121.5363613,25.0482699],[121.5363621,25.0483104],[121.5370547,25.0482966],[121.5370857,25.048296],[121.5370897,25.0482959],[121.537209,25.0482935],[121.5373313,25.0482911],[121.537631,25.0482852],[121.5378956,25.0482799],[121.5379312,25.0482792],[121.5380388,25.0482768],[121.5380738,25.0482762],[121.5383333,25.0482718],[121.5390047,25.0482605],[121.5390339,25.04826],[121.5391142,25.0482576],[121.5391422,25.0482571],[121.5392877,25.0482545],[121.5394644,25.0482513],[121.5396418,25.0482481],[121.5398182,25.0482449],[121.5399007,25.0482434],[121.5399749,25.0482421],[121.5400492,25.0482407],[121.5401202,25.0482395],[121.5401985,25.048238]]]}},{"type":"Feature","id":237,"properties":{"sectionCode":"0421","sectionName":"長安段三小段","districtName":"中山區","fullName":"中山區長安段三小段"},"geometry":{"type":"Polygon","coordinates":[[[121.529704,25.0520698],[121.5297042,25.0520698],[121.5297043,25.0520698],[121.5299478,25.0520677],[121.5299784,25.0520674],[121.5300937,25.0520664],[121.5301802,25.0520656],[121.5301828,25.0520649],[121.5309666,25.0520578],[121.5309721,25.0520577],[121.5315859,25.0520521],[121.5319878,25.0520484],[121.5322715,25.0520458],[121.5327566,25.0520413],[121.5327818,25.0520411],[121.5332173,25.0520371],[121.5332192,25.0520371],[121.5332204,25.0520371],[121.5333505,25.0520357],[121.5337957,25.0520311],[121.5344355,25.0520244],[121.5346924,25.0520217],[121.5347137,25.0520215],[121.5352249,25.052017],[121.5352255,25.052017],[121.5358216,25.0520117],[121.5358576,25.0520114],[121.5363646,25.0520069],[121.5364421,25.0520062],[121.5364421,25.0520053],[121.5364421,25.0520053],[121.5364421,25.0520052],[121.5364402,25.0519362],[121.5364394,25.0518808],[121.5364382,25.0518265],[121.5364368,25.051763],[121.5364345,25.0516589],[121.536431,25.0514975],[121.5364275,25.0513347],[121.536424,25.0511768],[121.5364201,25.0509986],[121.536419,25.0509448],[121.5364179,25.0508973],[121.5364169,25.0508518],[121.5364156,25.0507904],[121.5364122,25.0506354],[121.536411,25.0505807],[121.5364078,25.050435],[121.5364038,25.0502479],[121.5364031,25.0502152],[121.5364001,25.0500806],[121.5363994,25.0500477],[121.5363954,25.0498624],[121.5363922,25.0497173],[121.536391,25.0496631],[121.5363839,25.0493361],[121.5363817,25.0492641],[121.5363802,25.0491958],[121.5363788,25.0491302],[121.5363774,25.0490652],[121.536376,25.0490003],[121.5363746,25.0489351],[121.5363731,25.0488698],[121.5363717,25.0488041],[121.5363707,25.0487601],[121.5363703,25.0487383],[121.536369,25.0486824],[121.5363663,25.0485284],[121.5363233,25.0484901],[121.5362753,25.0484909],[121.536221,25.0484918],[121.5361678,25.0484928],[121.5361154,25.0484937],[121.5360619,25.0484946],[121.5360069,25.0484956],[121.5359468,25.0484962],[121.5355692,25.0485031],[121.53551,25.0485041],[121.5353407,25.0485072],[121.5352869,25.0485082],[121.5352336,25.0485092],[121.5348319,25.0485165],[121.5346144,25.0485206],[121.5344316,25.0485238],[121.5343151,25.0485258],[121.5342534,25.0485269],[121.5342011,25.0485278],[121.534149,25.0485287],[121.5340971,25.0485296],[121.5340445,25.0485305],[121.5338479,25.048534],[121.5337747,25.0485352],[121.5335968,25.0485383],[121.5335175,25.0485397],[121.533432,25.0485412],[121.5332049,25.0485452],[121.5331196,25.0485471],[121.5330581,25.0485486],[121.5328702,25.0485529],[121.5328088,25.0485544],[121.532729,25.0485562],[121.5325551,25.0485587],[121.5324851,25.0485597],[121.5324705,25.0485599],[121.5324156,25.0485607],[121.5322659,25.0485628],[121.5322113,25.0485636],[121.53216,25.0485643],[121.5321107,25.048565],[121.5320607,25.0485657],[121.5320106,25.0485665],[121.5319607,25.0485672],[121.5319063,25.0485679],[121.5318515,25.0485687],[121.5317979,25.0485695],[121.5317365,25.0485704],[121.5316819,25.0485711],[121.5316282,25.0485719],[121.5315739,25.0485727],[121.5315544,25.048573],[121.53133,25.0485783],[121.5312286,25.0485799],[121.5311156,25.0485817],[121.5310602,25.0485826],[121.531007,25.0485834],[121.5309562,25.0485843],[121.530905,25.048585],[121.5308537,25.0485859],[121.5308086,25.0485866],[121.5307634,25.0485873],[121.5307195,25.0485879],[121.5306741,25.0485887],[121.5306263,25.0485894],[121.5304681,25.048592],[121.5304096,25.0485928],[121.5301592,25.0485969],[121.5298792,25.048601],[121.5296205,25.0486062],[121.5294789,25.048609],[121.5292749,25.0488735],[121.5291361,25.0490678],[121.528989,25.0492887],[121.5288123,25.0495746],[121.5287382,25.0497098],[121.5286068,25.0499418],[121.5284843,25.0501831],[121.5284705,25.0502103],[121.5284047,25.0503474],[121.5283763,25.0504108],[121.5283143,25.0505493],[121.5283073,25.0505649],[121.528282,25.0506215],[121.5282311,25.0507452],[121.5282278,25.0507531],[121.5282275,25.0507539],[121.528215,25.0507828],[121.5281703,25.0508864],[121.5281244,25.0510218],[121.5280768,25.051156],[121.5280528,25.0512265],[121.5280173,25.0513364],[121.5279776,25.0514608],[121.5279569,25.0515397],[121.5279569,25.0515398],[121.5279496,25.0515675],[121.5279197,25.0516912],[121.52789,25.0518138],[121.527874,25.0518833],[121.5278682,25.0519087],[121.5278445,25.0520079],[121.5278424,25.0520168],[121.5278314,25.0520631],[121.5278258,25.0520865],[121.5278259,25.0520865],[121.529704,25.0520698]]]}},{"type":"Feature","id":238,"properties":{"sectionCode":"0422","sectionName":"長安段四小段","districtName":"中山區","fullName":"中山區長安段四小段"},"geometry":{"type":"Polygon","coordinates":[[[121.5362913,25.0449427],[121.5362903,25.0448836],[121.5362138,25.0448869],[121.5361317,25.0448909],[121.5360689,25.0448949],[121.536016,25.0448961],[121.5359591,25.0448945],[121.535877,25.0449013],[121.5357615,25.0449106],[121.5357486,25.0449054],[121.5357165,25.0449085],[121.535299,25.0449532],[121.5351105,25.0449866],[121.5350702,25.0449938],[121.5349655,25.0450116],[121.5349159,25.04502],[121.5349067,25.0450224],[121.5346882,25.0450812],[121.5346827,25.045083],[121.5346717,25.0450865],[121.5346693,25.0450874],[121.5344702,25.0451559],[121.5341553,25.0452394],[121.5338191,25.0453467],[121.5337785,25.0453595],[121.5337333,25.0453741],[121.5336228,25.0454081],[121.5334795,25.0454499],[121.5334649,25.045454],[121.5332945,25.0455039],[121.5332549,25.0455151],[121.5331727,25.0455379],[121.5331445,25.0455458],[121.5331354,25.0455484],[121.5331073,25.0455567],[121.5331073,25.0455573],[121.5331074,25.0455586],[121.5329611,25.0456029],[121.5329597,25.0456033],[121.5329574,25.0456312],[121.532955,25.04566],[121.5329518,25.0456799],[121.5329457,25.0457154],[121.532938,25.0457491],[121.5329091,25.0458222],[121.5328837,25.0458605],[121.532861,25.0458903],[121.5328324,25.0459191],[121.5328253,25.045925],[121.5327188,25.0459938],[121.5323247,25.0462163],[121.5321581,25.046312],[121.531902,25.0464591],[121.5313287,25.0468582],[121.5313255,25.046871],[121.5311202,25.0470217],[121.5310264,25.047093],[121.5307624,25.0472991],[121.5304449,25.0475586],[121.5302991,25.047686],[121.5302394,25.0477446],[121.5300211,25.0479594],[121.5300134,25.047967],[121.5299194,25.0480808],[121.5298239,25.0481963],[121.52963,25.0484256],[121.5294789,25.048609],[121.5296205,25.0486062],[121.5298792,25.048601],[121.5301592,25.0485969],[121.5304096,25.0485928],[121.5304681,25.048592],[121.5306263,25.0485894],[121.5306741,25.0485887],[121.5307195,25.0485879],[121.5307634,25.0485873],[121.5308086,25.0485866],[121.5308537,25.0485859],[121.530905,25.048585],[121.5309562,25.0485843],[121.531007,25.0485834],[121.5310602,25.0485826],[121.5311156,25.0485817],[121.5312286,25.0485799],[121.53133,25.0485783],[121.5315544,25.048573],[121.5315739,25.0485727],[121.5316282,25.0485719],[121.5316819,25.0485711],[121.5317365,25.0485704],[121.5317979,25.0485695],[121.5318515,25.0485687],[121.5319063,25.0485679],[121.5319607,25.0485672],[121.5320106,25.0485665],[121.5320607,25.0485657],[121.5321107,25.048565],[121.53216,25.0485643],[121.5322113,25.0485636],[121.5322659,25.0485628],[121.5324156,25.0485607],[121.5324705,25.0485599],[121.5324851,25.0485597],[121.5325551,25.0485587],[121.532729,25.0485562],[121.5328088,25.0485544],[121.5328702,25.0485529],[121.5330581,25.0485486],[121.5331196,25.0485471],[121.5332049,25.0485452],[121.533432,25.0485412],[121.5335175,25.0485397],[121.5335968,25.0485383],[121.5337747,25.0485352],[121.5338479,25.048534],[121.5340445,25.0485305],[121.5340971,25.0485296],[121.534149,25.0485287],[121.5342011,25.0485278],[121.5342534,25.0485269],[121.5343151,25.0485258],[121.5344316,25.0485238],[121.5346144,25.0485206],[121.5348319,25.0485165],[121.5352336,25.0485092],[121.5352869,25.0485082],[121.5353407,25.0485072],[121.53551,25.0485041],[121.5355692,25.0485031],[121.5359468,25.0484962],[121.5360069,25.0484952],[121.5363228,25.0484896],[121.536366,25.0484888],[121.5363621,25.0483104],[121.5363613,25.0482699],[121.5363586,25.0481486],[121.5363562,25.0480373],[121.5363543,25.0479483],[121.5363535,25.0479117],[121.5363499,25.0477498],[121.5363488,25.0476953],[121.5363463,25.0475805],[121.5363454,25.0475432],[121.5363419,25.0473823],[121.5363394,25.0472653],[121.5363391,25.0472547],[121.5363382,25.0472117],[121.5363374,25.0471751],[121.5363359,25.0471049],[121.5363334,25.0470251],[121.5363324,25.0469804],[121.5363306,25.0469007],[121.5363302,25.0468811],[121.5363274,25.0467539],[121.5363275,25.046721],[121.5363256,25.0466311],[121.5363251,25.0466096],[121.5363222,25.0464773],[121.5363195,25.0463509],[121.536319,25.046329],[121.5363168,25.046229],[121.5363149,25.0461395],[121.5363147,25.0461336],[121.5363142,25.0461109],[121.5363141,25.0461072],[121.5363081,25.0459155],[121.5363074,25.045887],[121.5363059,25.0458039],[121.5363048,25.0457358],[121.5363038,25.0456672],[121.5363023,25.04558],[121.5363014,25.045528],[121.536301,25.0455078],[121.5362936,25.0450783],[121.5362914,25.044946],[121.5362913,25.0449427]]]}},{"type":"Feature","id":239,"properties":{"sectionCode":"0423","sectionName":"長春段一小段","districtName":"中山區","fullName":"中山區長春段一小段"},"geometry":{"type":"Polygon","coordinates":[[[121.5441093,25.0554163],[121.5440975,25.05466],[121.5440864,25.0541719],[121.5440864,25.0541712],[121.5440833,25.0540134],[121.5440832,25.0540106],[121.5440823,25.0539626],[121.544063,25.0529933],[121.5440625,25.0529656],[121.5440618,25.0529259],[121.5440474,25.052083],[121.5440465,25.0520301],[121.5440465,25.0520285],[121.5440429,25.051848],[121.5440415,25.0518481],[121.5440383,25.0518481],[121.543451,25.0518612],[121.542102,25.0518901],[121.5405615,25.0519234],[121.5405615,25.0519236],[121.5405642,25.0521034],[121.5405648,25.0521335],[121.5405747,25.0527495],[121.5405748,25.0527582],[121.5405759,25.0528202],[121.5405769,25.0528831],[121.5405769,25.0528904],[121.5405794,25.0530441],[121.5405816,25.053171],[121.5405839,25.0533084],[121.5405845,25.0533398],[121.5405844,25.053364],[121.540584,25.0534428],[121.5405845,25.0534686],[121.5405853,25.0535185],[121.5405862,25.0535555],[121.5405871,25.0536214],[121.540588,25.0536479],[121.5405886,25.0536578],[121.5405889,25.053673],[121.5405898,25.05372],[121.5405896,25.053745],[121.5405903,25.0537699],[121.5405899,25.0538029],[121.5405915,25.053884],[121.5405937,25.05402],[121.5405949,25.0540866],[121.5405963,25.0541742],[121.5405988,25.0542971],[121.5405989,25.0543003],[121.5405997,25.0543564],[121.5406004,25.054402],[121.5406026,25.0545294],[121.5406027,25.0545371],[121.5406032,25.0545694],[121.5406067,25.0547511],[121.54065,25.0547495],[121.5406081,25.0547904],[121.540612,25.0549178],[121.5406146,25.0549955],[121.5406149,25.0550067],[121.5406159,25.0550438],[121.5406165,25.0550556],[121.5406202,25.0551607],[121.5406205,25.0551732],[121.5406206,25.0551737],[121.5406216,25.0552045],[121.5406216,25.0552077],[121.5406221,25.0552185],[121.5406269,25.0553724],[121.5406305,25.0554788],[121.5406374,25.0556896],[121.5406393,25.055732],[121.5406413,25.0557949],[121.5406424,25.0558285],[121.5406436,25.0558613],[121.5406483,25.0559992],[121.5406369,25.0560166],[121.5406412,25.0561206],[121.5406313,25.0562122],[121.5406253,25.0562128],[121.5406187,25.0562181],[121.5405965,25.0562397],[121.5405986,25.0563475],[121.5406006,25.0564275],[121.5406022,25.0564852],[121.5406058,25.0565893],[121.5406062,25.0566036],[121.540607,25.0566217],[121.5406077,25.0566394],[121.5406088,25.0566752],[121.5406101,25.0567115],[121.5406127,25.0567851],[121.5406142,25.056833],[121.5406178,25.0569376],[121.5406197,25.0569966],[121.5406212,25.0570468],[121.5406224,25.0570617],[121.5406271,25.0571801],[121.5406297,25.0572868],[121.5406329,25.057378],[121.5406389,25.0575562],[121.5406394,25.0575723],[121.5406409,25.0576176],[121.540642,25.0576496],[121.540635,25.0577526],[121.5406321,25.0577903],[121.5406316,25.0578014],[121.5406226,25.0580081],[121.5406225,25.0580101],[121.5406225,25.0580105],[121.5406227,25.0580105],[121.5407524,25.0580084],[121.5407708,25.0580081],[121.5408031,25.0580076],[121.5410692,25.0580033],[121.5413432,25.057999],[121.5418241,25.0579913],[121.541903,25.05799],[121.5422904,25.0579839],[121.542391,25.0579823],[121.5423917,25.0579823],[121.5424422,25.0579815],[121.5424562,25.0579813],[121.5429933,25.0579735],[121.5430078,25.0579733],[121.5430874,25.0579722],[121.5435595,25.0579653],[121.5435948,25.0579648],[121.54362,25.0579644],[121.5439059,25.0579603],[121.5439604,25.0579595],[121.5440772,25.0579561],[121.5441568,25.0579539],[121.5441576,25.0579538],[121.5441532,25.0577744],[121.5441338,25.0567119],[121.5441093,25.0554163]]]}},{"type":"Feature","id":240,"properties":{"sectionCode":"0424","sectionName":"長春段二小段","districtName":"中山區","fullName":"中山區長春段二小段"},"geometry":{"type":"Polygon","coordinates":[[[121.5406081,25.0547904],[121.54065,25.0547495],[121.5406067,25.0547511],[121.5406032,25.0545694],[121.5406027,25.0545371],[121.5406026,25.0545294],[121.5406004,25.054402],[121.5405997,25.0543564],[121.5405989,25.0543003],[121.5405988,25.0542971],[121.5405963,25.0541742],[121.5405949,25.0540866],[121.5405937,25.05402],[121.5405915,25.053884],[121.5405899,25.0538029],[121.5405903,25.0537699],[121.5405896,25.053745],[121.5405898,25.05372],[121.5405889,25.053673],[121.5405886,25.0536578],[121.540588,25.0536479],[121.5405871,25.0536214],[121.5405862,25.0535555],[121.5405853,25.0535185],[121.5405845,25.0534686],[121.540584,25.0534428],[121.5405844,25.053364],[121.5405845,25.0533398],[121.5405839,25.0533084],[121.5405816,25.053171],[121.5405794,25.0530441],[121.5405769,25.0528904],[121.5405769,25.0528831],[121.5405759,25.0528202],[121.5405748,25.0527582],[121.5405747,25.0527495],[121.5405648,25.0521335],[121.5405642,25.0521034],[121.5405615,25.0519236],[121.5405615,25.0519234],[121.5403673,25.0519275],[121.540367,25.0519275],[121.5392212,25.0519515],[121.5371346,25.0519964],[121.5371408,25.0522423],[121.5371437,25.0523528],[121.5371466,25.0524896],[121.537148,25.0525601],[121.5371521,25.0527431],[121.5371528,25.0527731],[121.5371572,25.0529629],[121.5371642,25.0532786],[121.5371717,25.0535937],[121.5371745,25.0536932],[121.5371837,25.0541142],[121.537185,25.0541527],[121.5371854,25.0541883],[121.5371867,25.0542396],[121.537187,25.0542746],[121.5371882,25.0543291],[121.5371891,25.0543803],[121.5371892,25.0543838],[121.5371912,25.0544715],[121.5371944,25.0546224],[121.5371947,25.0546535],[121.5371962,25.0547045],[121.5371979,25.0547514],[121.5371997,25.0548366],[121.5372004,25.0548684],[121.5372057,25.0551071],[121.5372069,25.0551653],[121.5372078,25.0551926],[121.5372081,25.0552198],[121.5372138,25.0555027],[121.537218,25.0557009],[121.5372214,25.0558827],[121.537226,25.0560836],[121.5372312,25.0563278],[121.5372455,25.0569413],[121.5372455,25.0569418],[121.5372469,25.0569954],[121.5372469,25.0569958],[121.5372476,25.0570288],[121.5372508,25.057171],[121.537252,25.0572298],[121.5372525,25.0572572],[121.5372562,25.0574289],[121.5372605,25.0576308],[121.5372641,25.0578222],[121.5372655,25.0578886],[121.5372689,25.0580621],[121.537269,25.0580638],[121.5372671,25.0581276],[121.5372676,25.058127],[121.537327,25.0580584],[121.5376203,25.0580539],[121.537643,25.0580535],[121.5377762,25.0580515],[121.5378059,25.058051],[121.5378357,25.0580506],[121.538362,25.0580425],[121.5386792,25.0580376],[121.5391446,25.0580305],[121.5392442,25.0580291],[121.5394454,25.0580263],[121.5394502,25.0580262],[121.5394971,25.0580252],[121.5394996,25.0580251],[121.5397891,25.0580207],[121.5398096,25.0580204],[121.5400828,25.0580163],[121.5406226,25.0580081],[121.5406316,25.0578014],[121.5406321,25.0577903],[121.540635,25.0577526],[121.540642,25.0576496],[121.5406409,25.0576176],[121.5406394,25.0575723],[121.5406389,25.0575562],[121.5406329,25.057378],[121.5406297,25.0572868],[121.5406271,25.0571801],[121.5406224,25.0570617],[121.5406212,25.0570468],[121.5406197,25.0569966],[121.5406178,25.0569376],[121.5406142,25.056833],[121.5406127,25.0567851],[121.5406101,25.0567115],[121.5406088,25.0566752],[121.5406077,25.0566394],[121.540607,25.0566217],[121.5406062,25.0566036],[121.5406058,25.0565893],[121.5406022,25.0564852],[121.5406006,25.0564275],[121.5405986,25.0563475],[121.5405965,25.0562397],[121.5406187,25.0562181],[121.5406253,25.0562128],[121.5406313,25.0562122],[121.5406412,25.0561206],[121.5406369,25.0560166],[121.5406483,25.0559992],[121.5406436,25.0558613],[121.5406424,25.0558285],[121.5406413,25.0557949],[121.5406393,25.055732],[121.5406374,25.0556896],[121.5406305,25.0554788],[121.5406269,25.0553724],[121.5406221,25.0552185],[121.5406216,25.0552077],[121.5406216,25.0552045],[121.5406206,25.0551737],[121.5406205,25.0551732],[121.5406202,25.0551607],[121.5406165,25.0550556],[121.5406159,25.0550438],[121.5406149,25.0550067],[121.5406146,25.0549955],[121.540612,25.0549178],[121.5406081,25.0547904]]]}},{"type":"Feature","id":241,"properties":{"sectionCode":"0425","sectionName":"長春段三小段","districtName":"中山區","fullName":"中山區長春段三小段"},"geometry":{"type":"Polygon","coordinates":[[[121.5371408,25.0522423],[121.5371346,25.0519964],[121.536448,25.0520052],[121.5364421,25.0520053],[121.5363644,25.0520063],[121.5358576,25.052011],[121.5358216,25.0520114],[121.5352255,25.052017],[121.5352249,25.052017],[121.5344355,25.0520244],[121.5337957,25.0520304],[121.5335827,25.0520324],[121.5333505,25.0520343],[121.5332192,25.0520353],[121.5332192,25.0520371],[121.5332231,25.0521747],[121.5332261,25.0522719],[121.5332315,25.052572],[121.5332374,25.05289],[121.5332384,25.0529442],[121.5332442,25.0532707],[121.5332473,25.0534324],[121.5332505,25.0535932],[121.5332538,25.0536918],[121.5332588,25.0540214],[121.5332634,25.0543391],[121.5332644,25.0543935],[121.5332682,25.0546418],[121.533269,25.0546894],[121.5332697,25.0547249],[121.5332697,25.054725],[121.5332713,25.0548028],[121.533274,25.0549373],[121.5332763,25.055098],[121.5332773,25.0551556],[121.5332779,25.0552103],[121.5332785,25.0552652],[121.5332794,25.0553199],[121.5332798,25.0553621],[121.53328,25.0553747],[121.5332807,25.0554294],[121.5332816,25.0554842],[121.5332821,25.055539],[121.5332829,25.0555938],[121.5332837,25.0556486],[121.5332844,25.0557024],[121.5332852,25.055756],[121.533286,25.0558106],[121.5332868,25.0558644],[121.5332877,25.0559186],[121.5332888,25.055977],[121.5332903,25.0560301],[121.5332908,25.0560493],[121.5332916,25.0561011],[121.5332926,25.0561506],[121.5332927,25.0561574],[121.5332933,25.056202],[121.5332942,25.0562535],[121.533295,25.0563046],[121.5332959,25.0563608],[121.5333006,25.0566477],[121.533302,25.0567273],[121.533306,25.0569637],[121.5333066,25.0570043],[121.5333188,25.0577091],[121.5333213,25.0578494],[121.5333271,25.0581715],[121.5333271,25.0581723],[121.5333846,25.0581184],[121.5343658,25.0581042],[121.5347536,25.0580987],[121.5348727,25.0580969],[121.5352302,25.0580918],[121.5355034,25.0580881],[121.5359898,25.0580814],[121.5360051,25.0580812],[121.5360479,25.0580806],[121.5365051,25.0580744],[121.5365061,25.0580744],[121.5365216,25.0580741],[121.537269,25.0580638],[121.5372689,25.0580621],[121.5372655,25.0578886],[121.5372641,25.0578222],[121.5372605,25.0576308],[121.5372525,25.0572572],[121.537252,25.0572298],[121.5372508,25.057171],[121.5372476,25.0570288],[121.5372469,25.0569958],[121.5372455,25.0569418],[121.5372312,25.0563278],[121.537226,25.0560836],[121.5372214,25.0558827],[121.537218,25.0557009],[121.5372138,25.0555027],[121.5372081,25.0552198],[121.5372078,25.0551926],[121.5372069,25.0551653],[121.5372057,25.0551071],[121.5372004,25.0548684],[121.5371997,25.0548366],[121.5371979,25.0547514],[121.5371962,25.0547045],[121.5371947,25.0546535],[121.5371944,25.0546224],[121.5371944,25.0546196],[121.5371912,25.0544715],[121.5371892,25.0543838],[121.5371891,25.0543803],[121.5371882,25.0543291],[121.537187,25.0542746],[121.5371867,25.0542396],[121.5371854,25.0541883],[121.537185,25.0541527],[121.5371837,25.0541142],[121.5371745,25.0536932],[121.5371717,25.0535937],[121.5371642,25.0532786],[121.5371572,25.0529629],[121.5371528,25.0527731],[121.5371521,25.0527431],[121.537148,25.0525601],[121.5371466,25.0524896],[121.5371437,25.0523528],[121.5371408,25.0522423]]]}},{"type":"Feature","id":242,"properties":{"sectionCode":"0427","sectionName":"榮星段二小段","districtName":"中山區","fullName":"中山區榮星段二小段"},"geometry":{"type":"Polygon","coordinates":[[[121.5431638,25.0671138],[121.5432349,25.0670565],[121.5432466,25.0670689],[121.5436288,25.0667661],[121.544142,25.0663613],[121.5441646,25.0663138],[121.5441631,25.0662377],[121.5441593,25.0660601],[121.5441577,25.0659371],[121.5441714,25.0659306],[121.5442219,25.065879],[121.5443015,25.0658382],[121.544305,25.0658364],[121.544305,25.0658364],[121.544305,25.0658359],[121.544305,25.0658354],[121.5442756,25.0642057],[121.5442756,25.0642048],[121.5442419,25.0625233],[121.5442418,25.0625233],[121.544172,25.0625236],[121.5440363,25.0625242],[121.5439335,25.0625258],[121.5439073,25.062525],[121.5438189,25.0625254],[121.5437996,25.0625258],[121.5436928,25.0625266],[121.5436133,25.0625271],[121.5435517,25.0625273],[121.5434931,25.0625277],[121.5434343,25.0625283],[121.5432535,25.0625296],[121.543193,25.0625303],[121.5431331,25.0625305],[121.5430731,25.0625308],[121.5430133,25.0625313],[121.5429523,25.0625316],[121.5428918,25.0625321],[121.542832,25.0625324],[121.5427704,25.0625327],[121.542711,25.0625331],[121.542648,25.0625337],[121.5425844,25.062534],[121.5425855,25.0625893],[121.5425438,25.0625342],[121.5424659,25.0625347],[121.5423923,25.0625365],[121.5423143,25.0625359],[121.5420893,25.062537],[121.5419811,25.0625377],[121.5419263,25.0625383],[121.5418723,25.0625386],[121.5418188,25.0625388],[121.5417646,25.0625393],[121.5415476,25.0625403],[121.5414874,25.0625407],[121.5414282,25.0625411],[121.5413672,25.0625417],[121.5413063,25.062542],[121.5412467,25.0625422],[121.5411864,25.0625428],[121.5411237,25.0625431],[121.5410126,25.0625435],[121.5409772,25.0625438],[121.5409776,25.0625763],[121.5409846,25.0629035],[121.540986,25.0629757],[121.5409883,25.0631178],[121.5409923,25.0633044],[121.5409975,25.0634696],[121.5410033,25.0638224],[121.5410079,25.0640002],[121.5410128,25.0641999],[121.5410166,25.0643443],[121.5410171,25.0643653],[121.5410178,25.0643983],[121.541018,25.0644049],[121.5410198,25.0645383],[121.5410213,25.0645933],[121.5410231,25.0646758],[121.5410235,25.0646987],[121.5410235,25.0647035],[121.5410236,25.0647124],[121.5410257,25.0648278],[121.5410266,25.0648641],[121.5410266,25.0648642],[121.5410326,25.0651],[121.5410354,25.0652233],[121.5410413,25.0654991],[121.541044,25.0656209],[121.541049,25.0658568],[121.5409696,25.0657096],[121.5409708,25.0657159],[121.5409768,25.0659881],[121.5409012,25.0659884],[121.5407235,25.0659896],[121.5400839,25.0659922],[121.5401084,25.0660605],[121.5400384,25.0660606],[121.5399811,25.0660607],[121.5399128,25.0660607],[121.5398448,25.0660607],[121.5397775,25.066061],[121.5397431,25.0660609],[121.5397101,25.0660936],[121.5397124,25.0662191],[121.5397125,25.0662395],[121.5397137,25.0662481],[121.5397133,25.066273],[121.5397141,25.0663312],[121.5397147,25.0663608],[121.5397173,25.0664827],[121.5397181,25.0665234],[121.5397194,25.0665841],[121.5397212,25.0666482],[121.5397213,25.0666569],[121.539721,25.0666609],[121.5397228,25.0667371],[121.5397233,25.0667566],[121.5397236,25.0667678],[121.5397237,25.0667785],[121.5397251,25.0668817],[121.5397269,25.0669852],[121.5397299,25.0671561],[121.5397305,25.0671915],[121.5397314,25.0672502],[121.5397319,25.0672807],[121.5397366,25.0675332],[121.5397371,25.0675669],[121.5397379,25.0676235],[121.5397384,25.0676555],[121.539739,25.0677224],[121.5397394,25.0677302],[121.5397417,25.0678597],[121.5397419,25.0678917],[121.5397434,25.0679703],[121.539744,25.0679903],[121.539744,25.0679907],[121.5400222,25.0679865],[121.5401917,25.0679839],[121.5402429,25.0679831],[121.5402928,25.0679822],[121.5403421,25.0679815],[121.5403916,25.0679808],[121.5404412,25.06798],[121.5404912,25.0679792],[121.5405402,25.0679788],[121.5405823,25.0679779],[121.5405897,25.0679777],[121.5406397,25.067977],[121.5406888,25.0679761],[121.5407389,25.0679754],[121.5407882,25.0679748],[121.5408374,25.0679738],[121.5409094,25.0679723],[121.5410992,25.067969],[121.5411223,25.0679686],[121.5411243,25.0679684],[121.5411248,25.0679684],[121.5411937,25.0679663],[121.5412426,25.0679649],[121.5412491,25.0679646],[121.5413174,25.067962],[121.5413212,25.0679619],[121.5413212,25.0679619],[121.5413989,25.0679586],[121.5414528,25.0679561],[121.5414605,25.0679553],[121.5414894,25.0679525],[121.5415064,25.0679508],[121.541559,25.0679449],[121.5416121,25.0679378],[121.5416653,25.0679309],[121.5416889,25.0679267],[121.5417181,25.0679207],[121.5417555,25.0679131],[121.5417706,25.06791],[121.5417801,25.067908],[121.5418141,25.0679011],[121.5418232,25.0678988],[121.5418393,25.0678947],[121.5418537,25.067891],[121.5418751,25.0678856],[121.5419071,25.0678777],[121.5419239,25.0678728],[121.5419336,25.06787],[121.5419439,25.067867],[121.5420006,25.0678503],[121.5420301,25.0678408],[121.5420671,25.0678288],[121.5420979,25.0678181],[121.5421268,25.0678073],[121.5421515,25.067798],[121.5421697,25.067791],[121.5421762,25.0677887],[121.5422137,25.0677733],[121.5422471,25.0677595],[121.5422527,25.0677572],[121.5422608,25.0677531],[121.5422615,25.0677528],[121.5422913,25.067738],[121.5424074,25.0676815],[121.5424878,25.0676372],[121.5425436,25.0676034],[121.5425697,25.0675876],[121.5426388,25.0675421],[121.5426999,25.0674988],[121.5428259,25.0673995],[121.5429116,25.0673319],[121.5431581,25.0671377],[121.5431479,25.0671272],[121.5431638,25.0671138]]]}},{"type":"Feature","id":243,"properties":{"sectionCode":"0428","sectionName":"榮星段三小段","districtName":"中山區","fullName":"中山區榮星段三小段"},"geometry":{"type":"Polygon","coordinates":[[[121.5425855,25.0625893],[121.5425844,25.062534],[121.542648,25.0625337],[121.542711,25.0625331],[121.5427704,25.0625327],[121.542832,25.0625324],[121.5428918,25.0625321],[121.5429523,25.0625316],[121.5430133,25.0625313],[121.5430731,25.0625308],[121.5431331,25.0625305],[121.543193,25.0625303],[121.5432535,25.0625296],[121.5434343,25.0625283],[121.5434931,25.0625277],[121.5435517,25.0625273],[121.5436133,25.0625271],[121.5436928,25.0625266],[121.5437996,25.0625258],[121.5438189,25.0625254],[121.5439073,25.062525],[121.5439335,25.0625258],[121.5440371,25.0625248],[121.544172,25.0625236],[121.5442418,25.0625229],[121.544242,25.0625229],[121.544242,25.0625226],[121.5442389,25.0622873],[121.5442389,25.0622851],[121.5442386,25.0622615],[121.5442367,25.0621146],[121.5442332,25.0618453],[121.5442293,25.0618454],[121.5442236,25.0615466],[121.5442145,25.0610744],[121.5441993,25.0602287],[121.5441815,25.0592752],[121.5441807,25.0592009],[121.5441705,25.0586785],[121.5441685,25.0585868],[121.5441628,25.0582431],[121.544158,25.0579553],[121.5441569,25.0579553],[121.5440772,25.0579561],[121.5439603,25.0579574],[121.5439034,25.0579581],[121.5436199,25.0579624],[121.5435948,25.057963],[121.5435595,25.0579634],[121.5430874,25.0579715],[121.5430078,25.0579721],[121.5429928,25.0579721],[121.5424557,25.0579801],[121.5424417,25.0579803],[121.5423916,25.0579812],[121.5423906,25.0579813],[121.5422904,25.0579833],[121.541903,25.0579893],[121.5418241,25.0579907],[121.5413431,25.0579988],[121.5410692,25.0580032],[121.5408035,25.0580072],[121.5407708,25.0580078],[121.5407523,25.0580081],[121.5406226,25.0580101],[121.5406225,25.0580101],[121.5406218,25.0580101],[121.5406309,25.0584338],[121.5406332,25.0585232],[121.5406358,25.0586233],[121.5406371,25.058686],[121.5406399,25.0588115],[121.5406456,25.0590652],[121.5406481,25.0591713],[121.5406489,25.0592079],[121.5406537,25.0594282],[121.5406535,25.0595161],[121.5406538,25.0595333],[121.5406588,25.0597091],[121.5406612,25.0597886],[121.5406639,25.0598938],[121.5406642,25.0599043],[121.540669,25.0600627],[121.540669,25.0600848],[121.5406695,25.0600918],[121.54067,25.0601035],[121.54067,25.0601147],[121.5406709,25.060144],[121.5406377,25.060176],[121.5406714,25.0601754],[121.5406748,25.0603161],[121.5406771,25.0604397],[121.5406785,25.0604826],[121.5406785,25.0604847],[121.5406825,25.0606491],[121.5406825,25.0606539],[121.5406827,25.0606981],[121.5406829,25.0607084],[121.5406838,25.0607501],[121.5406845,25.0607737],[121.5406856,25.0608167],[121.5406864,25.0608603],[121.5406875,25.0609032],[121.540688,25.060945],[121.5406883,25.0609478],[121.5406894,25.060992],[121.5406893,25.0610055],[121.5406895,25.0610117],[121.5406914,25.0610709],[121.5406925,25.0611211],[121.5406926,25.0611291],[121.5406948,25.061231],[121.540696,25.0612857],[121.5406963,25.0612974],[121.5406965,25.0613082],[121.540698,25.0613772],[121.5407003,25.0614858],[121.5407021,25.0615575],[121.540702,25.0615661],[121.5407035,25.0616324],[121.5407038,25.0616472],[121.540705,25.0617394],[121.5407054,25.0617662],[121.5407069,25.0618376],[121.5407075,25.0618629],[121.5407136,25.062151],[121.5406783,25.0621846],[121.5407847,25.0621841],[121.5407979,25.0622396],[121.5408398,25.0623085],[121.5407194,25.0623666],[121.5407007,25.0623749],[121.5406901,25.062381],[121.5406072,25.0624323],[121.5405997,25.0624353],[121.5405863,25.0624464],[121.540546,25.0624855],[121.5404311,25.0625472],[121.5405094,25.0625482],[121.5405974,25.0625477],[121.5406171,25.0625476],[121.5407918,25.0625464],[121.5408621,25.0625453],[121.540957,25.0625447],[121.5409772,25.0625438],[121.5410126,25.0625435],[121.5411237,25.0625431],[121.5411864,25.0625428],[121.5412467,25.0625422],[121.5413063,25.062542],[121.5413672,25.0625417],[121.5414282,25.0625411],[121.5414874,25.0625407],[121.5415476,25.0625403],[121.5417646,25.0625393],[121.5418188,25.0625388],[121.5418723,25.0625386],[121.5419263,25.0625383],[121.5419811,25.0625377],[121.5420893,25.062537],[121.5423143,25.0625359],[121.5423923,25.0625365],[121.5424659,25.0625347],[121.5425438,25.0625342],[121.5425855,25.0625893]]]}},{"type":"Feature","id":244,"properties":{"sectionCode":"0429","sectionName":"榮星段四小段","districtName":"中山區","fullName":"中山區榮星段四小段"},"geometry":{"type":"Polygon","coordinates":[[[121.5397366,25.0675332],[121.5397319,25.0672807],[121.5397314,25.0672502],[121.5397305,25.0671915],[121.5397299,25.0671561],[121.5397269,25.0669852],[121.5397251,25.0668817],[121.5397237,25.0667785],[121.5397236,25.0667678],[121.5397233,25.0667566],[121.5397228,25.0667371],[121.539721,25.0666609],[121.5397213,25.0666569],[121.5397212,25.0666482],[121.5397194,25.0665841],[121.5397181,25.0665234],[121.5397173,25.0664827],[121.5397147,25.0663608],[121.5397141,25.0663312],[121.5397133,25.066273],[121.5397137,25.0662481],[121.5397125,25.0662395],[121.5397124,25.0662191],[121.5397101,25.0660936],[121.5397431,25.0660609],[121.5397775,25.066061],[121.5398448,25.0660607],[121.5399128,25.0660607],[121.5399811,25.0660607],[121.5400384,25.0660606],[121.5401084,25.0660605],[121.5400839,25.0659922],[121.5407235,25.0659896],[121.5409012,25.0659884],[121.5409768,25.0659881],[121.5409708,25.0657159],[121.5409696,25.0657096],[121.541049,25.0658568],[121.541044,25.0656209],[121.5410413,25.0654991],[121.5410354,25.0652233],[121.5410326,25.0651],[121.5410266,25.0648642],[121.5410266,25.0648641],[121.5410257,25.0648278],[121.5410236,25.0647124],[121.5410235,25.0647035],[121.5410235,25.0646987],[121.5410231,25.0646758],[121.5410213,25.0645933],[121.5410198,25.0645383],[121.541018,25.0644049],[121.5410178,25.0643983],[121.5410171,25.0643653],[121.5410166,25.0643443],[121.5410128,25.0641999],[121.5410079,25.0640002],[121.5410033,25.0638224],[121.5409975,25.0634696],[121.5409923,25.0633044],[121.5409883,25.0631178],[121.540986,25.0629757],[121.5409846,25.0629035],[121.5409776,25.0625763],[121.5409772,25.0625438],[121.540957,25.0625447],[121.5408621,25.0625453],[121.5407918,25.0625464],[121.5406171,25.0625476],[121.5405974,25.0625477],[121.5405094,25.0625482],[121.5404311,25.0625472],[121.5396889,25.0625531],[121.5385721,25.0625599],[121.538518,25.0625603],[121.5381416,25.0625626],[121.5380246,25.0625647],[121.5374431,25.0625673],[121.5374188,25.062585],[121.5373722,25.0626241],[121.5373724,25.0625727],[121.5366201,25.062582],[121.5366,25.0625823],[121.5361287,25.0625964],[121.5353052,25.0626184],[121.5352937,25.0626197],[121.5352933,25.0626188],[121.5352276,25.0626204],[121.535205,25.0626211],[121.5351589,25.0626224],[121.5351574,25.0626225],[121.535151,25.0626237],[121.5350226,25.0626269],[121.5349042,25.0626298],[121.5348487,25.0626312],[121.5347957,25.0626327],[121.5347432,25.0626339],[121.5346905,25.0626356],[121.5346387,25.062637],[121.5345856,25.0626382],[121.5345296,25.0626397],[121.5344717,25.062641],[121.5344188,25.0626423],[121.5343634,25.0626437],[121.5343065,25.0626452],[121.5342278,25.0626474],[121.5341635,25.062649],[121.5340799,25.062652],[121.5338686,25.0626573],[121.5334787,25.0626648],[121.5334105,25.0627301],[121.5334225,25.0634267],[121.5342174,25.0634048],[121.5342238,25.0634046],[121.534237,25.0634042],[121.5343592,25.0634009],[121.5343952,25.0633998],[121.5346228,25.0633932],[121.5348646,25.0633864],[121.5348983,25.0633855],[121.5349249,25.0633846],[121.5349852,25.0633824],[121.5349854,25.0633824],[121.5349864,25.0634201],[121.5349906,25.0635737],[121.5349916,25.0636071],[121.5349987,25.0638173],[121.5350554,25.0638153],[121.535073,25.063815],[121.5352362,25.0638101],[121.5353696,25.063806],[121.5355129,25.0638017],[121.535553,25.0638004],[121.5356638,25.0637977],[121.5358099,25.0637942],[121.5359483,25.0637908],[121.5360851,25.0637875],[121.5362666,25.0637831],[121.5363316,25.063781],[121.5366659,25.0637705],[121.5367022,25.0637693],[121.5367038,25.0638057],[121.5367049,25.0638385],[121.5367045,25.0639514],[121.536702,25.0640096],[121.5366765,25.0642423],[121.5366594,25.0643271],[121.5366165,25.0645051],[121.5365417,25.0647195],[121.536456,25.0649056],[121.5363885,25.0650274],[121.5363593,25.0650753],[121.5362821,25.0651907],[121.5361933,25.0653069],[121.5361047,25.0654104],[121.5361019,25.0654135],[121.5358694,25.0656384],[121.5357569,25.0657293],[121.5356044,25.0658427],[121.5353792,25.0660125],[121.5352868,25.0660825],[121.5349659,25.0663253],[121.5342338,25.0668778],[121.5341422,25.0669472],[121.5338131,25.0671961],[121.533582,25.0673695],[121.5334898,25.0673341],[121.5334891,25.0673338],[121.5334912,25.0674313],[121.5335055,25.068093],[121.5338625,25.0680877],[121.5338676,25.0680876],[121.5342927,25.0680809],[121.5343099,25.0680806],[121.5343227,25.0680804],[121.534421,25.0680786],[121.5344505,25.0680781],[121.534513,25.068077],[121.534656,25.0680747],[121.5346618,25.0680746],[121.5348776,25.068071],[121.5348789,25.0680694],[121.535576,25.0680592],[121.5359213,25.0680539],[121.5361725,25.0680504],[121.5363926,25.0680458],[121.5372604,25.0680312],[121.5373476,25.0680298],[121.5376721,25.068025],[121.5376722,25.068025],[121.537687,25.0680247],[121.5379368,25.0680208],[121.538249,25.0680164],[121.538338,25.0680141],[121.5384381,25.0680115],[121.5384671,25.068011],[121.5393346,25.0679977],[121.5393951,25.0679967],[121.5393952,25.0679967],[121.5396251,25.067993],[121.539744,25.0679907],[121.539744,25.0679903],[121.5397434,25.0679703],[121.5397419,25.0678917],[121.5397417,25.0678597],[121.5397394,25.0677302],[121.539739,25.0677224],[121.5397384,25.0676555],[121.5397379,25.0676235],[121.5397371,25.0675669],[121.5397366,25.0675332]]]}},{"type":"Feature","id":245,"properties":{"sectionCode":"0430","sectionName":"榮星段五小段","districtName":"中山區","fullName":"中山區榮星段五小段"},"geometry":{"type":"Polygon","coordinates":[[[121.5407979,25.0622396],[121.5407847,25.0621841],[121.5406783,25.0621846],[121.5407136,25.062151],[121.5407075,25.0618629],[121.5407069,25.0618376],[121.5407054,25.0617662],[121.540705,25.0617394],[121.5407038,25.0616472],[121.5407035,25.0616324],[121.540702,25.0615661],[121.5407021,25.0615575],[121.5407003,25.0614858],[121.540698,25.0613772],[121.5406965,25.0613082],[121.5406963,25.0612974],[121.540696,25.0612857],[121.5406948,25.061231],[121.5406926,25.0611291],[121.5406925,25.0611211],[121.5406919,25.0610981],[121.5406914,25.0610709],[121.5406895,25.0610117],[121.5406893,25.0610055],[121.5406894,25.060992],[121.5406883,25.0609478],[121.540688,25.060945],[121.5406875,25.0609032],[121.5406864,25.0608603],[121.5406856,25.0608167],[121.5406845,25.0607737],[121.5406838,25.0607501],[121.5406829,25.0607084],[121.5406827,25.0606981],[121.5406825,25.0606539],[121.5406825,25.0606491],[121.5406785,25.0604847],[121.5406785,25.0604826],[121.5406771,25.0604397],[121.5406748,25.0603161],[121.5406714,25.0601754],[121.5406377,25.060176],[121.5406709,25.060144],[121.54067,25.0601147],[121.54067,25.0601035],[121.5406695,25.0600918],[121.540669,25.0600848],[121.540669,25.0600627],[121.5406642,25.0599043],[121.5406639,25.0598938],[121.5406632,25.0598682],[121.5406612,25.0597886],[121.5406588,25.0597091],[121.5406538,25.0595333],[121.5406535,25.0595161],[121.5406537,25.0594282],[121.5406489,25.0592079],[121.5406481,25.0591713],[121.5406456,25.0590652],[121.5406399,25.0588115],[121.5406371,25.058686],[121.5406358,25.0586233],[121.5406332,25.0585232],[121.5406309,25.0584338],[121.5406227,25.0580105],[121.5406226,25.0580101],[121.5406226,25.0580081],[121.5400828,25.0580163],[121.5398096,25.0580204],[121.5397891,25.0580207],[121.5394996,25.0580251],[121.5394971,25.0580252],[121.5394502,25.0580262],[121.5394454,25.0580263],[121.5392442,25.0580291],[121.5391446,25.0580305],[121.5386792,25.0580376],[121.538362,25.0580425],[121.5378357,25.0580506],[121.5378059,25.058051],[121.5377762,25.0580515],[121.537643,25.0580535],[121.5376203,25.0580539],[121.537327,25.0580584],[121.5372676,25.058127],[121.5372671,25.0581276],[121.5372713,25.0582809],[121.537278,25.0585749],[121.53728,25.058652],[121.5372802,25.0586565],[121.5372802,25.0586588],[121.5372826,25.058762],[121.5372834,25.0587947],[121.5372843,25.0588335],[121.5372856,25.0588945],[121.5372933,25.0591822],[121.5372989,25.0594317],[121.5373004,25.0595023],[121.5373012,25.0595563],[121.5373136,25.0601221],[121.5373158,25.0602268],[121.537319,25.060335],[121.5373299,25.0607292],[121.5373304,25.0607445],[121.537329,25.060754],[121.5373362,25.0610663],[121.5373376,25.06112],[121.5373376,25.0611238],[121.5373376,25.0611242],[121.5373454,25.0614538],[121.5373454,25.0614545],[121.537352,25.0617232],[121.5373543,25.0617894],[121.5373554,25.0618256],[121.5373562,25.0618614],[121.5373634,25.0621358],[121.5373638,25.0621547],[121.5373646,25.0622006],[121.5373724,25.0625727],[121.5373722,25.0626241],[121.5374188,25.062585],[121.5374431,25.0625673],[121.5380246,25.0625647],[121.5381416,25.0625626],[121.538518,25.0625603],[121.5385721,25.0625599],[121.5396889,25.0625531],[121.5404311,25.0625472],[121.540546,25.0624855],[121.5405863,25.0624464],[121.5405997,25.0624353],[121.5406072,25.0624323],[121.5406901,25.062381],[121.5407007,25.0623749],[121.5407194,25.0623666],[121.5408398,25.0623085],[121.5407979,25.0622396]]]}},{"type":"Feature","id":246,"properties":{"sectionCode":"0431","sectionName":"榮星段六小段","districtName":"中山區","fullName":"中山區榮星段六小段"},"geometry":{"type":"Polygon","coordinates":[[[121.5352276,25.0626204],[121.5352933,25.0626188],[121.5352937,25.0626197],[121.5353052,25.0626184],[121.5361287,25.0625964],[121.5366,25.0625823],[121.5366201,25.062582],[121.5373724,25.0625727],[121.5373646,25.0622006],[121.5373634,25.0621358],[121.5373562,25.0618614],[121.5373554,25.0618256],[121.5373543,25.0617894],[121.537352,25.0617232],[121.5373454,25.0614538],[121.5373376,25.0611242],[121.5373376,25.06112],[121.5373362,25.0610663],[121.537329,25.060754],[121.5373304,25.0607445],[121.5373299,25.0607292],[121.537319,25.060335],[121.5373158,25.0602268],[121.5373136,25.0601221],[121.5373012,25.0595563],[121.5373004,25.0595023],[121.5372989,25.0594317],[121.5372933,25.0591822],[121.5372856,25.0588945],[121.5372843,25.0588335],[121.5372834,25.0587947],[121.5372826,25.058762],[121.5372802,25.0586588],[121.5372802,25.0586565],[121.53728,25.058652],[121.537278,25.0585749],[121.5372713,25.0582809],[121.5372676,25.058127],[121.5372676,25.0581257],[121.5372699,25.0580621],[121.5372689,25.0580621],[121.5365196,25.0580724],[121.5365051,25.0580728],[121.5365043,25.0580728],[121.5364401,25.0580736],[121.5364267,25.0580738],[121.5363954,25.0580744],[121.5360479,25.0580798],[121.5360049,25.0580803],[121.5359898,25.0580807],[121.5355035,25.0580873],[121.5348727,25.0580964],[121.5347536,25.0580979],[121.534366,25.0581035],[121.5333851,25.0581176],[121.5333271,25.0581715],[121.5333271,25.0581715],[121.5333304,25.0583378],[121.5333314,25.0583923],[121.5333326,25.0584559],[121.5333385,25.0588167],[121.5333396,25.0588752],[121.5333399,25.0588886],[121.5333424,25.0590128],[121.5333437,25.0590911],[121.5333472,25.0592976],[121.5333516,25.0595564],[121.5333526,25.0596112],[121.5333562,25.0598182],[121.533359,25.0599759],[121.5333616,25.0601281],[121.5333643,25.0602868],[121.5333662,25.0603951],[121.5333667,25.0604235],[121.5333667,25.0604291],[121.533375,25.0609284],[121.5333767,25.0610295],[121.5333772,25.0610588],[121.533378,25.0610735],[121.533379,25.0610922],[121.5333801,25.061112],[121.5333843,25.0613881],[121.5333852,25.0614504],[121.5333864,25.0615128],[121.5333902,25.0617781],[121.5333908,25.0618507],[121.533399,25.0622427],[121.5334091,25.062667],[121.5334092,25.0626687],[121.5334787,25.0626648],[121.5338686,25.0626573],[121.5340799,25.062652],[121.5341635,25.062649],[121.5342278,25.0626474],[121.5343065,25.0626452],[121.5343634,25.0626437],[121.5344188,25.0626423],[121.5344717,25.062641],[121.5345296,25.0626397],[121.5345856,25.0626382],[121.5346387,25.062637],[121.5346905,25.0626356],[121.5347432,25.0626339],[121.5347957,25.0626327],[121.5348487,25.0626312],[121.5349042,25.0626298],[121.5350226,25.0626269],[121.535151,25.0626237],[121.5351574,25.0626225],[121.5351589,25.0626224],[121.535205,25.0626211],[121.5352276,25.0626204]]]}},{"type":"Feature","id":247,"properties":{"sectionCode":"0432","sectionName":"榮星段七小段","districtName":"中山區","fullName":"中山區榮星段七小段"},"geometry":{"type":"Polygon","coordinates":[[[121.5367049,25.0638385],[121.5367038,25.0638057],[121.5367022,25.0637693],[121.5366659,25.0637705],[121.5363316,25.063781],[121.5362666,25.0637831],[121.5360851,25.0637875],[121.5359483,25.0637908],[121.5358099,25.0637942],[121.5356638,25.0637977],[121.535553,25.0638004],[121.5355129,25.0638017],[121.5353696,25.063806],[121.5352362,25.0638101],[121.535073,25.063815],[121.5350554,25.0638153],[121.5349987,25.0638173],[121.5349916,25.0636071],[121.5349906,25.0635737],[121.5349864,25.0634201],[121.5349852,25.0633824],[121.5349852,25.0633823],[121.5349249,25.0633846],[121.5348983,25.0633855],[121.5348646,25.0633864],[121.5346228,25.0633932],[121.5343952,25.0633999],[121.5343592,25.0634009],[121.534237,25.0634042],[121.5342238,25.0634046],[121.5342174,25.0634048],[121.5334225,25.0634267],[121.5334212,25.063498],[121.5334228,25.063585],[121.5334231,25.0636029],[121.5334232,25.0636034],[121.5334243,25.0636657],[121.5334243,25.0636662],[121.5334244,25.0636688],[121.5334265,25.0637836],[121.5334271,25.063814],[121.5334271,25.0638144],[121.5334308,25.0640091],[121.5334308,25.0640096],[121.5334317,25.0640578],[121.5334318,25.064063],[121.5334318,25.0640634],[121.5334345,25.0642118],[121.5334407,25.0645397],[121.5334422,25.0646193],[121.5334422,25.0646197],[121.5334441,25.0647195],[121.5334468,25.0648183],[121.5334481,25.0648817],[121.5334503,25.0649776],[121.5334524,25.0650739],[121.533452,25.0651224],[121.5334522,25.0651309],[121.5334529,25.0651692],[121.5334544,25.0652652],[121.5334557,25.0653601],[121.5334566,25.0654099],[121.5334572,25.0654563],[121.5334581,25.0655044],[121.5334587,25.0655544],[121.5334605,25.0656265],[121.5334606,25.0656302],[121.5334646,25.0658785],[121.5334663,25.0659895],[121.5334673,25.0660512],[121.5334691,25.0661583],[121.5334707,25.0662618],[121.5334718,25.0663338],[121.5334737,25.0664381],[121.5334743,25.0664666],[121.533475,25.0665007],[121.5334758,25.0665451],[121.5334777,25.0666534],[121.5334782,25.066685],[121.5334803,25.0667995],[121.5334813,25.0668534],[121.5334821,25.0669062],[121.5334828,25.0669592],[121.5334837,25.0670122],[121.5334846,25.0670648],[121.5334891,25.0673338],[121.5334898,25.0673341],[121.533582,25.0673695],[121.5338131,25.0671961],[121.5341422,25.0669472],[121.5342338,25.0668778],[121.5349659,25.0663253],[121.5352868,25.0660825],[121.5353792,25.0660125],[121.5356044,25.0658427],[121.5357569,25.0657293],[121.5358694,25.0656384],[121.5361019,25.0654135],[121.5361047,25.0654104],[121.5361933,25.0653069],[121.5362821,25.0651907],[121.5363593,25.0650753],[121.5363885,25.0650274],[121.536456,25.0649056],[121.5365417,25.0647195],[121.5366165,25.0645051],[121.5366603,25.0643271],[121.5366628,25.0643173],[121.5366765,25.0642423],[121.536702,25.0640096],[121.5367045,25.0639514],[121.5367049,25.0638385]]]}},{"type":"Feature","id":248,"properties":{"sectionCode":"0434","sectionName":"德惠段一小段","districtName":"中山區","fullName":"中山區德惠段一小段"},"geometry":{"type":"Polygon","coordinates":[[[121.5311669,25.0761498],[121.5322704,25.076066],[121.5329775,25.0760086],[121.5330076,25.0760316],[121.5333091,25.0760017],[121.5335594,25.0759767],[121.5336737,25.0759654],[121.5336696,25.0758918],[121.5336594,25.0756985],[121.5336483,25.0754899],[121.5336305,25.0751782],[121.5336261,25.0751005],[121.533623,25.075047],[121.5336205,25.0750024],[121.533609,25.0748134],[121.5336034,25.0747214],[121.5336033,25.0747122],[121.533603,25.0746915],[121.533603,25.0746862],[121.5335982,25.0742959],[121.5335982,25.0742844],[121.5335986,25.0742217],[121.5335991,25.074189],[121.5335994,25.0741673],[121.5335994,25.0741662],[121.5336018,25.0740512],[121.5336018,25.0740493],[121.5336016,25.0740411],[121.5335964,25.0737608],[121.5335964,25.0737601],[121.5335707,25.0723939],[121.5335707,25.072392],[121.5335658,25.0722364],[121.5335714,25.0720699],[121.5335805,25.0720349],[121.5335805,25.0720345],[121.5335782,25.0719476],[121.5335704,25.0715528],[121.5335666,25.0713262],[121.5335555,25.070762],[121.5335481,25.0703174],[121.533548,25.0703153],[121.5335471,25.0702844],[121.5335408,25.0699673],[121.53354,25.069937],[121.533536,25.0697775],[121.533532,25.0696114],[121.5335297,25.0694812],[121.5335171,25.068741],[121.5335163,25.0686994],[121.5335132,25.0684398],[121.5335129,25.06842],[121.5335126,25.0683946],[121.5335123,25.0683707],[121.5335122,25.0683644],[121.5335118,25.0683394],[121.5335117,25.0682957],[121.5335109,25.0681826],[121.5335109,25.068179],[121.5335106,25.0681453],[121.5335052,25.0681197],[121.5335046,25.0681168],[121.5331656,25.0681245],[121.5331078,25.0681256],[121.5330579,25.0681267],[121.5329718,25.0681284],[121.5329717,25.0681284],[121.5325623,25.0681368],[121.5325044,25.0681377],[121.5324993,25.0681378],[121.5324763,25.0681386],[121.5324408,25.0681391],[121.5323417,25.0681414],[121.5323345,25.0681417],[121.5319527,25.06815],[121.5319078,25.0681508],[121.5317893,25.0681536],[121.5317348,25.0681546],[121.5317343,25.0681546],[121.5316804,25.0681551],[121.5316253,25.0681565],[121.5315707,25.0681573],[121.5315702,25.0681573],[121.5315181,25.0681581],[121.5315177,25.0681582],[121.5314625,25.0681592],[121.5314624,25.0681593],[121.5314077,25.0681605],[121.5314074,25.0681605],[121.5313538,25.0681613],[121.5312986,25.0681621],[121.5312429,25.0681633],[121.531189,25.0681644],[121.5311347,25.0681653],[121.5310812,25.0681663],[121.5310283,25.0681674],[121.5309739,25.0681688],[121.5309192,25.0681696],[121.5308652,25.0681706],[121.5308114,25.0681715],[121.5307558,25.0681726],[121.5307039,25.0681737],[121.5306057,25.0681756],[121.5303264,25.0681805],[121.5301355,25.0681839],[121.5300648,25.0681851],[121.5300643,25.0681851],[121.5300031,25.068187],[121.5300022,25.0681871],[121.5299345,25.0681883],[121.5298744,25.0681893],[121.5295148,25.0681973],[121.5294376,25.0681983],[121.5294353,25.0681981],[121.5293825,25.068199],[121.5293326,25.0681999],[121.5292819,25.0682011],[121.5292322,25.0682021],[121.5291808,25.0682032],[121.529128,25.068204],[121.5290752,25.0682052],[121.5290232,25.0682062],[121.5289715,25.0682072],[121.5289189,25.0682086],[121.5288668,25.0682094],[121.5288137,25.0682105],[121.5287534,25.068212],[121.5286947,25.068213],[121.5286286,25.0682143],[121.5285781,25.0682153],[121.5285294,25.0682163],[121.528481,25.0682168],[121.5284332,25.068218],[121.5283854,25.0682191],[121.5283379,25.0682201],[121.5282897,25.068221],[121.5282412,25.0682221],[121.5281942,25.0682227],[121.5281611,25.0682239],[121.5279164,25.0682278],[121.5278075,25.0682306],[121.5276867,25.0682346],[121.5276257,25.0682346],[121.5275572,25.0682363],[121.5274475,25.0682392],[121.5274302,25.0682395],[121.5273708,25.0682407],[121.5272885,25.0682424],[121.527232,25.0682432],[121.527123,25.0682453],[121.5270756,25.0682463],[121.5270149,25.0682474],[121.5269544,25.0682487],[121.5269073,25.0682498],[121.5268597,25.0682506],[121.5267988,25.068252],[121.5267446,25.0682531],[121.5266907,25.0682542],[121.5266344,25.0682554],[121.5265972,25.0682563],[121.5265922,25.0682566],[121.5263718,25.0682613],[121.5262612,25.0682638],[121.5259713,25.0682699],[121.5258883,25.0682717],[121.5258549,25.0682726],[121.5257545,25.0682747],[121.5257545,25.0682758],[121.5257545,25.0682772],[121.5257545,25.0683869],[121.5230649,25.0684417],[121.5230647,25.0684417],[121.5226604,25.0684504],[121.5226544,25.0684505],[121.5225498,25.0684528],[121.5220947,25.0684626],[121.5220739,25.068463],[121.5217746,25.0684688],[121.5217126,25.0684701],[121.5215351,25.0684733],[121.5211297,25.0684815],[121.5207265,25.0684904],[121.5203929,25.0684977],[121.5198462,25.0685096],[121.519862,25.0686186],[121.5198626,25.068623],[121.5198646,25.0686368],[121.5199967,25.0695613],[121.5200508,25.0699545],[121.5200961,25.0703927],[121.5201424,25.0705204],[121.5201412,25.0706245],[121.5201403,25.0706967],[121.5201401,25.0707051],[121.5201675,25.0707061],[121.5201853,25.0707067],[121.5203792,25.0707138],[121.5204054,25.0707148],[121.5204428,25.0707161],[121.5206836,25.0707249],[121.5206812,25.0707421],[121.5205894,25.071386],[121.5205381,25.0717419],[121.5205366,25.0717527],[121.520537,25.0718039],[121.5205371,25.0718153],[121.5205407,25.0718434],[121.5205413,25.0718488],[121.5205421,25.0718546],[121.5205465,25.0718874],[121.520559,25.0719853],[121.5205643,25.072027],[121.5206075,25.0723619],[121.5206111,25.07239],[121.5206272,25.0725076],[121.5206303,25.0725304],[121.5206492,25.0726743],[121.5206645,25.0727714],[121.520679,25.0728559],[121.5206859,25.0728947],[121.5207338,25.0731022],[121.520735,25.0731063],[121.5207423,25.0731314],[121.5207582,25.0731875],[121.5207949,25.0733102],[121.5208156,25.073372],[121.5208272,25.0734076],[121.5208274,25.0734082],[121.5208403,25.0734434],[121.5208709,25.0735235],[121.5209011,25.0736003],[121.5209107,25.0736245],[121.5209454,25.0737098],[121.5209819,25.0737897],[121.5209981,25.0738247],[121.5210471,25.0739248],[121.5210856,25.0739997],[121.5211196,25.0740637],[121.5212084,25.0742191],[121.5212218,25.0742401],[121.521293,25.0743515],[121.5213524,25.0744455],[121.5213706,25.0744742],[121.5213873,25.0745001],[121.5215062,25.0746863],[121.5215816,25.0747116],[121.52167,25.0746878],[121.5217169,25.0746755],[121.5218293,25.0748346],[121.5221623,25.0744931],[121.522521,25.0745605],[121.5220068,25.0750864],[121.5224745,25.0757505],[121.522657,25.0758324],[121.5226888,25.0758919],[121.5226978,25.0759088],[121.5227826,25.0758816],[121.5228386,25.0758637],[121.5228744,25.0758326],[121.5230352,25.0756933],[121.5232726,25.0755071],[121.5234332,25.0753814],[121.5235582,25.0752837],[121.523588,25.0752458],[121.5236061,25.0752224],[121.5236132,25.0752146],[121.5236322,25.0751922],[121.5236613,25.0751587],[121.5237362,25.0750706],[121.5237781,25.0749641],[121.5242476,25.0747123],[121.524429,25.0741814],[121.5245597,25.0739508],[121.5246132,25.0738565],[121.5246372,25.0738674],[121.5245982,25.0736837],[121.5251326,25.0729249],[121.5251473,25.0729039],[121.5251658,25.0728796],[121.5251762,25.0728663],[121.5252689,25.0727688],[121.5253843,25.0726761],[121.5254633,25.0726245],[121.5255473,25.0725799],[121.5260237,25.0723548],[121.5262235,25.0722615],[121.526951,25.0719717],[121.5270294,25.0719646],[121.5276196,25.072086],[121.527616,25.0721015],[121.528376,25.0724456],[121.5284063,25.0725079],[121.528423,25.072548],[121.5284424,25.0725975],[121.5284444,25.0726118],[121.5284388,25.072623],[121.5284256,25.0726266],[121.5283668,25.0726212],[121.5283582,25.072619],[121.5283081,25.0725977],[121.5282799,25.0725883],[121.5282492,25.0725711],[121.528209,25.0725546],[121.5281242,25.0725217],[121.5280866,25.0725023],[121.5280706,25.0724963],[121.528021,25.0724819],[121.5280023,25.0724782],[121.5279965,25.0724773],[121.5279357,25.0724722],[121.5279059,25.0724683],[121.527928,25.0725708],[121.527934,25.07257],[121.5280119,25.0725804],[121.5280255,25.0725846],[121.528089,25.0726066],[121.5281351,25.0726241],[121.5281741,25.0726377],[121.5281794,25.0726391],[121.5282741,25.0726647],[121.5284005,25.0727062],[121.5284161,25.072708],[121.5284733,25.0727096],[121.5284967,25.0727046],[121.5285467,25.0726751],[121.5285152,25.0727237],[121.5284855,25.0727604],[121.5284813,25.0727649],[121.5284192,25.072787],[121.5283605,25.0727824],[121.52821,25.0729454],[121.5282025,25.0730431],[121.5284122,25.0732352],[121.5284214,25.0732444],[121.5284421,25.0732791],[121.5284707,25.0733271],[121.5284749,25.0733344],[121.5285595,25.0734811],[121.5285583,25.073492],[121.5285565,25.0735094],[121.5285752,25.0736111],[121.5286245,25.0736968],[121.5286294,25.0737109],[121.5285282,25.0737512],[121.5286715,25.0740618],[121.5286337,25.0742327],[121.5286622,25.0743128],[121.5286537,25.0744833],[121.5286051,25.0746539],[121.528584,25.0747032],[121.528613,25.074848],[121.5285948,25.075053],[121.5285631,25.0753419],[121.5286033,25.0756175],[121.52858,25.0756215],[121.5285851,25.0756438],[121.5286226,25.0756338],[121.5287128,25.0757547],[121.528799,25.0758227],[121.5289552,25.075905],[121.5293467,25.0759879],[121.529475,25.0759704],[121.5296063,25.0759566],[121.5296056,25.0759836],[121.5296109,25.0759895],[121.5296792,25.0760124],[121.529834,25.0760579],[121.5298456,25.0760598],[121.5301439,25.0760641],[121.5303751,25.0760925],[121.5305951,25.0760791],[121.5307131,25.0760542],[121.5309927,25.0761172],[121.5310001,25.0761341],[121.5311018,25.0761225],[121.5311669,25.0761498]]]}},{"type":"Feature","id":249,"properties":{"sectionCode":"0435","sectionName":"德惠段二小段","districtName":"中山區","fullName":"中山區德惠段二小段"},"geometry":{"type":"Polygon","coordinates":[[[121.5325623,25.0681368],[121.5329717,25.0681284],[121.5329718,25.0681284],[121.5330579,25.0681267],[121.5331078,25.0681256],[121.5331656,25.0681245],[121.5335046,25.0681168],[121.533502,25.068029],[121.5335006,25.0679519],[121.5334996,25.0679003],[121.5334939,25.0676061],[121.533493,25.067554],[121.5334912,25.0674313],[121.5334898,25.0673341],[121.5334859,25.0670648],[121.5334851,25.0670122],[121.5334843,25.0669592],[121.5334836,25.0669062],[121.5334828,25.0668534],[121.533482,25.0667995],[121.5334803,25.0666851],[121.5334799,25.0666533],[121.5334783,25.0665451],[121.5334776,25.0665007],[121.5334771,25.0664674],[121.5334767,25.066438],[121.533475,25.0663338],[121.5334739,25.0662625],[121.5334723,25.0661583],[121.5334706,25.0660516],[121.5334695,25.0659895],[121.5334677,25.0658785],[121.5334635,25.0656299],[121.5334634,25.0656264],[121.5334622,25.0655543],[121.533455,25.0651308],[121.5334524,25.0649775],[121.5334497,25.0648157],[121.533448,25.0647193],[121.5334441,25.0647195],[121.5334422,25.0646197],[121.5334422,25.0646193],[121.5334407,25.0645397],[121.5334345,25.0642118],[121.5334318,25.0640634],[121.5334318,25.064063],[121.5334317,25.0640578],[121.5334308,25.0640096],[121.5334308,25.0640091],[121.5334271,25.0638144],[121.5334271,25.063814],[121.5334265,25.0637836],[121.5334244,25.0636688],[121.5334243,25.0636662],[121.5334232,25.0636034],[121.5334212,25.0634985],[121.5334212,25.063498],[121.5334225,25.0634267],[121.5334105,25.0627301],[121.5334787,25.0626648],[121.5334091,25.062667],[121.5334088,25.062667],[121.5333064,25.0626705],[121.5331179,25.0626767],[121.5330928,25.0626769],[121.5329434,25.0626816],[121.5326022,25.0626912],[121.5325523,25.0626926],[121.5325043,25.0626936],[121.5324567,25.062695],[121.5324093,25.0626959],[121.5323617,25.0626978],[121.5323141,25.0626989],[121.532267,25.0627001],[121.5322188,25.0627011],[121.5321707,25.0627026],[121.5321232,25.0627037],[121.5320763,25.0627049],[121.5320288,25.0627062],[121.5319803,25.0627079],[121.5319324,25.0627092],[121.531885,25.0627103],[121.5318363,25.0627115],[121.5317416,25.0627139],[121.5317185,25.0627143],[121.5317084,25.0627145],[121.5316231,25.0627162],[121.5315055,25.0627195],[121.5312958,25.0627245],[121.5312187,25.0627267],[121.5311422,25.0627285],[121.5310404,25.062731],[121.5309715,25.0627329],[121.5309031,25.0627345],[121.530834,25.0627363],[121.5307829,25.0627375],[121.5307323,25.0627386],[121.5306811,25.0627401],[121.5306296,25.0627414],[121.5305786,25.0627426],[121.5305277,25.062744],[121.5304266,25.0627465],[121.5303934,25.0627778],[121.5303982,25.0629278],[121.5304029,25.0630667],[121.5304073,25.0631911],[121.5304093,25.0632549],[121.5304102,25.0632832],[121.5304122,25.0633432],[121.5304138,25.0633931],[121.5304157,25.0634436],[121.5304164,25.0634659],[121.5304165,25.0634699],[121.5304203,25.063587],[121.5304212,25.0636142],[121.5304229,25.0636629],[121.5304246,25.0637147],[121.5304263,25.0637697],[121.5304284,25.0638305],[121.5304291,25.0638625],[121.5304335,25.0639974],[121.5304341,25.0640221],[121.5304355,25.0640736],[121.5304372,25.0641255],[121.5304401,25.0642094],[121.5304417,25.0642574],[121.5304445,25.0643438],[121.5304453,25.0643702],[121.5304468,25.0644255],[121.5304476,25.0644493],[121.5304515,25.0645702],[121.5304521,25.0645871],[121.5304538,25.0646428],[121.5304566,25.0647286],[121.5304633,25.0649267],[121.5304725,25.0651992],[121.5304735,25.0652365],[121.5304744,25.0652666],[121.5304779,25.0653293],[121.5304786,25.0653483],[121.5304798,25.065398],[121.5304817,25.0654467],[121.530483,25.0655069],[121.5304874,25.0656361],[121.5304875,25.0656518],[121.5304898,25.0657063],[121.5304901,25.0657328],[121.5304966,25.0659356],[121.5304983,25.065994],[121.5304989,25.0660281],[121.530503,25.0661542],[121.5305045,25.0662062],[121.5305074,25.0663107],[121.5305135,25.0664966],[121.5305135,25.066497],[121.5305149,25.0665294],[121.530515,25.0665378],[121.530518,25.0666384],[121.5305209,25.06667],[121.530521,25.0666777],[121.5305216,25.0666947],[121.5305231,25.0667473],[121.5305244,25.0667983],[121.530526,25.066848],[121.5305275,25.0668988],[121.530528,25.0669184],[121.5305318,25.0670396],[121.5305325,25.0670601],[121.530533,25.0670863],[121.5305331,25.0670867],[121.5305338,25.0671041],[121.5305382,25.0672555],[121.5305395,25.067301],[121.5305398,25.0673093],[121.5305414,25.0673598],[121.5305427,25.0674167],[121.5305436,25.0674476],[121.5305453,25.0675099],[121.5305468,25.0675617],[121.5305481,25.0676122],[121.5305498,25.0676624],[121.5305501,25.0676774],[121.5305544,25.0678174],[121.5305554,25.0678389],[121.5305553,25.067842],[121.5305564,25.0678858],[121.5305564,25.0678883],[121.530557,25.0678995],[121.5305582,25.067942],[121.5305598,25.0679845],[121.5305611,25.0680352],[121.5305627,25.0680853],[121.5305638,25.0681374],[121.5306057,25.0681756],[121.5307039,25.0681737],[121.5307558,25.0681726],[121.5308114,25.0681715],[121.5308652,25.0681706],[121.5309192,25.0681696],[121.5309739,25.0681688],[121.5310283,25.0681674],[121.5310812,25.0681663],[121.5311347,25.0681653],[121.531189,25.0681644],[121.5312429,25.0681633],[121.5312986,25.0681621],[121.5313538,25.0681613],[121.5314074,25.0681605],[121.5314077,25.0681605],[121.5314624,25.0681593],[121.5314625,25.0681592],[121.5315177,25.0681582],[121.5315181,25.0681581],[121.5315702,25.0681573],[121.5315707,25.0681573],[121.5316253,25.0681565],[121.5316804,25.0681551],[121.5317343,25.0681546],[121.5317348,25.0681546],[121.5317893,25.0681536],[121.5319078,25.0681508],[121.5319527,25.06815],[121.5323345,25.0681417],[121.5323417,25.0681414],[121.5324408,25.0681391],[121.5324763,25.0681386],[121.5324993,25.0681378],[121.5325044,25.0681377],[121.5325623,25.0681368]]]}},{"type":"Feature","id":250,"properties":{"sectionCode":"0436","sectionName":"德惠段三小段","districtName":"中山區","fullName":"中山區德惠段三小段"},"geometry":{"type":"Polygon","coordinates":[[[121.5293825,25.068199],[121.5294353,25.0681981],[121.5294376,25.0681983],[121.5295148,25.0681973],[121.5298744,25.0681893],[121.5299345,25.0681883],[121.5300022,25.0681871],[121.5300031,25.068187],[121.5300643,25.0681851],[121.5300648,25.0681851],[121.5301355,25.0681839],[121.5303264,25.0681805],[121.5306057,25.0681756],[121.5305638,25.0681374],[121.5305627,25.0680853],[121.5305611,25.0680352],[121.5305598,25.0679845],[121.5305582,25.067942],[121.530557,25.0678995],[121.5305564,25.0678883],[121.5305564,25.0678858],[121.5305553,25.067842],[121.5305554,25.0678389],[121.5305544,25.0678174],[121.5305501,25.0676774],[121.5305498,25.0676624],[121.5305481,25.0676122],[121.5305468,25.0675617],[121.5305453,25.0675099],[121.5305436,25.0674476],[121.5305427,25.0674167],[121.5305414,25.0673598],[121.5305398,25.0673093],[121.5305395,25.067301],[121.5305382,25.0672555],[121.5305338,25.0671041],[121.5305331,25.0670867],[121.530533,25.0670863],[121.5305325,25.0670601],[121.5305318,25.0670396],[121.530528,25.0669184],[121.5305275,25.0668988],[121.530526,25.066848],[121.5305244,25.0667983],[121.5305231,25.0667473],[121.5305216,25.0666947],[121.530521,25.0666777],[121.5305209,25.06667],[121.530518,25.0666384],[121.530515,25.0665378],[121.5305149,25.0665294],[121.5305135,25.066497],[121.5305135,25.0664966],[121.5305074,25.0663107],[121.5305045,25.0662062],[121.530503,25.0661542],[121.5304989,25.0660281],[121.5304983,25.065994],[121.5304966,25.0659356],[121.5304901,25.0657328],[121.5304898,25.0657063],[121.5304875,25.0656518],[121.5304874,25.0656361],[121.530483,25.0655069],[121.5304817,25.0654467],[121.5304798,25.065398],[121.5304786,25.0653483],[121.5304779,25.0653293],[121.5304744,25.0652666],[121.5304735,25.0652365],[121.5304725,25.0651992],[121.5304633,25.0649267],[121.5304566,25.0647286],[121.5304538,25.0646428],[121.5304521,25.0645871],[121.5304515,25.0645702],[121.5304476,25.0644493],[121.5304468,25.0644255],[121.5304453,25.0643702],[121.5304445,25.0643438],[121.5304417,25.0642574],[121.5304401,25.0642094],[121.5304372,25.0641255],[121.5304355,25.0640736],[121.5304341,25.0640221],[121.5304335,25.0639974],[121.5304291,25.0638625],[121.5304284,25.0638305],[121.5304263,25.0637697],[121.5304246,25.0637147],[121.5304229,25.0636629],[121.5304212,25.0636142],[121.5304203,25.063587],[121.5304165,25.0634699],[121.5304164,25.0634659],[121.5304157,25.0634436],[121.5304138,25.0633931],[121.5304122,25.0633432],[121.5304102,25.0632832],[121.5304093,25.0632549],[121.5304073,25.0631911],[121.5304029,25.0630667],[121.5303982,25.0629278],[121.5303934,25.0627778],[121.5304266,25.0627465],[121.5301937,25.062755],[121.5301596,25.0627562],[121.529992,25.0627604],[121.5298083,25.062765],[121.5297183,25.0627673],[121.5296644,25.0627684],[121.5296095,25.0627697],[121.5295553,25.0627709],[121.5295006,25.0627723],[121.5293943,25.0627749],[121.5293784,25.0627753],[121.5292891,25.0627776],[121.5292426,25.0627787],[121.5291931,25.0627798],[121.5291421,25.0627812],[121.529122,25.0627817],[121.5290466,25.0627836],[121.5289249,25.062788],[121.5288517,25.0627899],[121.5287313,25.0627931],[121.528391,25.0628019],[121.5283415,25.0628034],[121.5280253,25.0628118],[121.5279572,25.0628773],[121.5279601,25.0630038],[121.5279632,25.0631593],[121.5279657,25.0632294],[121.5279732,25.0635568],[121.5279766,25.0636277],[121.5279774,25.0636555],[121.5279822,25.0639573],[121.5279833,25.0640272],[121.5279863,25.0641319],[121.527989,25.0642231],[121.5279914,25.0643148],[121.5279938,25.0643799],[121.5279949,25.0644178],[121.5279963,25.0644709],[121.5279978,25.0645276],[121.5279993,25.0645801],[121.528001,25.0646308],[121.5280012,25.0646373],[121.5280033,25.0647246],[121.528005,25.0647707],[121.5280218,25.0647842],[121.5280222,25.0648051],[121.5280306,25.0648051],[121.5280332,25.0649478],[121.5280108,25.0649481],[121.5280114,25.0649703],[121.5280145,25.0651049],[121.5280199,25.0653235],[121.5280281,25.0656567],[121.5280296,25.0656859],[121.5280334,25.065758],[121.5280348,25.0657852],[121.5280385,25.0659034],[121.5280414,25.0660159],[121.5280443,25.0661194],[121.5280482,25.0662635],[121.5280568,25.0665743],[121.5280593,25.066685],[121.52806,25.0667189],[121.5280633,25.0668707],[121.5280643,25.0669173],[121.5280652,25.0669639],[121.5280666,25.0670256],[121.5280676,25.0670821],[121.5280693,25.0671393],[121.5280701,25.0672048],[121.5280734,25.0673398],[121.528077,25.0674611],[121.5280787,25.0675934],[121.5280798,25.067636],[121.5280823,25.0677254],[121.5280852,25.0678613],[121.5280879,25.0680291],[121.5280898,25.0681641],[121.5281611,25.0682239],[121.5281942,25.0682227],[121.5282412,25.0682221],[121.5282897,25.068221],[121.5283379,25.0682201],[121.5283854,25.0682191],[121.5284332,25.068218],[121.528481,25.0682168],[121.5285294,25.0682163],[121.5285781,25.0682153],[121.5286286,25.0682143],[121.5286947,25.068213],[121.5287534,25.068212],[121.5288137,25.0682105],[121.5288668,25.0682094],[121.5289189,25.0682086],[121.5289715,25.0682072],[121.5290232,25.0682062],[121.5290752,25.0682052],[121.529128,25.068204],[121.5291808,25.0682032],[121.5292322,25.0682021],[121.5292819,25.0682011],[121.5293326,25.0681999],[121.5293825,25.068199]]]}},{"type":"Feature","id":251,"properties":{"sectionCode":"0437","sectionName":"德惠段四小段","districtName":"中山區","fullName":"中山區德惠段四小段"},"geometry":{"type":"Polygon","coordinates":[[[121.5275572,25.0682363],[121.5276257,25.0682346],[121.5276867,25.0682346],[121.5278075,25.0682306],[121.5279164,25.0682278],[121.5281611,25.0682239],[121.5280898,25.0681641],[121.5280879,25.0680291],[121.5280852,25.0678613],[121.5280823,25.0677254],[121.5280798,25.067636],[121.5280787,25.0675934],[121.528077,25.0674611],[121.5280734,25.0673398],[121.5280701,25.0672048],[121.5280693,25.0671393],[121.5280676,25.0670821],[121.5280666,25.0670256],[121.5280652,25.0669639],[121.5280643,25.0669173],[121.5280633,25.0668707],[121.52806,25.0667189],[121.5280593,25.066685],[121.5280568,25.0665743],[121.5280482,25.0662635],[121.5280443,25.0661194],[121.5280414,25.0660159],[121.5280385,25.0659034],[121.5280348,25.0657852],[121.5280334,25.065758],[121.5280296,25.0656859],[121.5280281,25.0656567],[121.5280199,25.0653235],[121.5280145,25.0651049],[121.5280114,25.0649703],[121.5280108,25.0649481],[121.5280332,25.0649478],[121.5280306,25.0648051],[121.5280222,25.0648051],[121.5280218,25.0647842],[121.528005,25.0647707],[121.5280033,25.0647246],[121.5280012,25.0646373],[121.528001,25.0646308],[121.5279993,25.0645801],[121.5279978,25.0645276],[121.5279963,25.0644709],[121.5279949,25.0644178],[121.5279938,25.0643799],[121.5279914,25.0643148],[121.527989,25.0642231],[121.5279863,25.0641319],[121.5279833,25.0640272],[121.5279822,25.0639573],[121.5279774,25.0636555],[121.5279766,25.0636277],[121.5279732,25.0635568],[121.5279657,25.0632294],[121.5279632,25.0631593],[121.5279601,25.0630038],[121.5279572,25.0628773],[121.5280253,25.0628118],[121.5279562,25.0628138],[121.5279479,25.062814],[121.5274896,25.062824],[121.5274872,25.062824],[121.5274745,25.0628243],[121.5274406,25.0628251],[121.5274139,25.0628258],[121.5273527,25.0628275],[121.5272986,25.0628286],[121.5272972,25.0628286],[121.527244,25.0628299],[121.5271902,25.0628314],[121.5271346,25.0628325],[121.5270751,25.0628343],[121.5270334,25.0628353],[121.5266517,25.0628455],[121.5266173,25.0628464],[121.5257617,25.0628692],[121.5257616,25.0628692],[121.5256277,25.062873],[121.5256386,25.0633588],[121.5256449,25.0636653],[121.5256671,25.0645328],[121.5256739,25.0648322],[121.525687,25.0653662],[121.5256875,25.065406],[121.5256951,25.0657245],[121.525696,25.0657414],[121.5257029,25.0660302],[121.5257062,25.0661848],[121.5257245,25.0669538],[121.525729,25.0671414],[121.5257348,25.0674],[121.5257388,25.06758],[121.5257479,25.0679713],[121.5257507,25.0681112],[121.5257538,25.0682607],[121.5257545,25.0682738],[121.5257545,25.0682747],[121.5258549,25.0682726],[121.5258883,25.0682717],[121.5259713,25.0682699],[121.5262612,25.0682638],[121.5263718,25.0682613],[121.5263725,25.0682613],[121.5265922,25.0682566],[121.5265972,25.0682563],[121.5266344,25.0682554],[121.5266907,25.0682542],[121.5267446,25.0682531],[121.5267988,25.068252],[121.5268597,25.0682506],[121.5269073,25.0682498],[121.5269544,25.0682487],[121.5270149,25.0682474],[121.5270756,25.0682463],[121.527123,25.0682453],[121.527232,25.0682432],[121.5272885,25.0682424],[121.5273708,25.0682407],[121.5274302,25.0682395],[121.5274475,25.0682392],[121.5275572,25.0682363]]]}},{"type":"Feature","id":252,"properties":{"sectionCode":"0453","sectionName":"文德段一小段","districtName":"內湖區","fullName":"內湖區文德段一小段"},"geometry":{"type":"Polygon","coordinates":[[[121.5907641,25.0807912],[121.5910572,25.0806518],[121.5910591,25.0806509],[121.5910526,25.080653],[121.5910459,25.0806542],[121.591039,25.0806543],[121.5910322,25.0806533],[121.5910257,25.0806514],[121.5910196,25.0806485],[121.5910141,25.0806447],[121.5910094,25.0806401],[121.5908028,25.0804364],[121.5908028,25.0804364],[121.5907186,25.0803525],[121.5907181,25.0803521],[121.5906679,25.0803029],[121.5906678,25.0803028],[121.5905671,25.0802046],[121.5905669,25.0802045],[121.5905669,25.0802044],[121.5904622,25.0801002],[121.5904524,25.0800902],[121.5903033,25.0799424],[121.5903033,25.0799424],[121.5902194,25.0798592],[121.5902194,25.0798591],[121.5900853,25.0797257],[121.5900766,25.0797169],[121.5900765,25.0797169],[121.5900742,25.0797146],[121.5900693,25.0797096],[121.5900619,25.079702],[121.5900585,25.0796983],[121.5900483,25.0796874],[121.5900476,25.0796866],[121.5900438,25.0796826],[121.590042,25.0796806],[121.5900226,25.0796595],[121.5899913,25.0796231],[121.5899737,25.0796009],[121.589973,25.0796],[121.5899086,25.0795068],[121.5899021,25.0794974],[121.5898944,25.0794863],[121.5898343,25.0793713],[121.589831,25.0793649],[121.5898291,25.0793597],[121.5897766,25.0792155],[121.5897761,25.0792143],[121.5897644,25.0791717],[121.5897642,25.079171],[121.589754,25.0791269],[121.5897538,25.079126],[121.5897459,25.079083],[121.5897458,25.0790822],[121.5897398,25.0790381],[121.5897396,25.079037],[121.5897349,25.0789933],[121.5897348,25.0789926],[121.5897323,25.0789484],[121.5897323,25.0789479],[121.5897323,25.0789475],[121.5897321,25.0789341],[121.5897317,25.0789032],[121.5897317,25.0789024],[121.5897321,25.0788814],[121.589731,25.0788814],[121.5895746,25.0788818],[121.5895741,25.0788818],[121.5895293,25.0788823],[121.5895048,25.0788819],[121.5890862,25.0788831],[121.5890074,25.0788927],[121.588928,25.0788932],[121.5888491,25.0788845],[121.58881,25.0788776],[121.5887727,25.0788682],[121.5886489,25.078837],[121.5884559,25.0787886],[121.5881819,25.0787257],[121.5880553,25.0786972],[121.5880368,25.0786928],[121.5880321,25.078692],[121.5879792,25.07868],[121.5879767,25.0786793],[121.587415,25.0785696],[121.5871638,25.0785301],[121.586468,25.0784553],[121.5855844,25.0784187],[121.5852449,25.0784119],[121.5852249,25.0784117],[121.5849965,25.0784082],[121.5845029,25.0783998],[121.5843874,25.0783978],[121.5843528,25.0783973],[121.5840828,25.0783925],[121.583982,25.0783905],[121.5839191,25.0783895],[121.583859,25.0783884],[121.5838447,25.0783882],[121.5836807,25.0783852],[121.5835611,25.0783831],[121.5834571,25.0783814],[121.5834373,25.0783812],[121.583227,25.0783775],[121.5831786,25.078377],[121.5829297,25.0783733],[121.582759,25.0783703],[121.5826799,25.0783697],[121.5825101,25.0783671],[121.5824304,25.0783656],[121.5821607,25.0783634],[121.5812967,25.0783586],[121.5812161,25.0783582],[121.5812007,25.0783581],[121.5811584,25.0783577],[121.5808818,25.0783555],[121.5808648,25.0783551],[121.580792,25.0783533],[121.5807697,25.0783532],[121.5806668,25.0783526],[121.5806509,25.0783525],[121.5806057,25.0783521],[121.5805869,25.0783519],[121.5801092,25.0783487],[121.579952,25.0783483],[121.5797771,25.0783491],[121.5797656,25.0783492],[121.5797541,25.07835],[121.5795695,25.0783633],[121.5795026,25.0783708],[121.5793998,25.0783835],[121.5793485,25.0783907],[121.5793316,25.0783934],[121.5793172,25.078396],[121.5792645,25.0784046],[121.5792123,25.0784152],[121.5790668,25.0784454],[121.5789271,25.0784783],[121.5788627,25.0784948],[121.5788625,25.0784948],[121.578863,25.078495],[121.5793739,25.0786604],[121.579374,25.0786604],[121.579472,25.0786922],[121.5795542,25.0787192],[121.5796755,25.0787584],[121.5797257,25.0787746],[121.5797448,25.0787813],[121.5797676,25.0787883],[121.580111,25.0788996],[121.580111,25.0788996],[121.5803667,25.0789819],[121.5803667,25.0789819],[121.5804172,25.0789982],[121.5804173,25.0789982],[121.5804633,25.0790132],[121.5804633,25.0790132],[121.5805051,25.0790265],[121.5805051,25.0790265],[121.5805381,25.079037],[121.5805382,25.079037],[121.5805458,25.0790394],[121.5805458,25.0790394],[121.5805733,25.0790483],[121.5805734,25.0790483],[121.5805786,25.07905],[121.5805787,25.07905],[121.5806457,25.0790715],[121.580653,25.0790739],[121.5806915,25.0790861],[121.5806962,25.0790876],[121.5807002,25.0790887],[121.5807002,25.0790887],[121.5807327,25.0790991],[121.5807396,25.0791012],[121.5807684,25.0791098],[121.5808704,25.0791433],[121.5808805,25.0791466],[121.5809374,25.079165],[121.5809809,25.0791791],[121.5810331,25.0791959],[121.5810835,25.0792122],[121.5811344,25.0792287],[121.5812371,25.0792619],[121.581283,25.0792764],[121.5813408,25.079295],[121.5813929,25.0793117],[121.5814413,25.0793265],[121.5814943,25.0793433],[121.5815455,25.0793598],[121.5815936,25.0793756],[121.5816349,25.0793889],[121.5816846,25.0794046],[121.5817244,25.0794175],[121.5817648,25.0794304],[121.5818192,25.0794478],[121.5818821,25.0794682],[121.5819388,25.0794861],[121.5819728,25.0794968],[121.5819912,25.0795028],[121.582006,25.0795082],[121.5820155,25.0795104],[121.5820383,25.0795176],[121.5820576,25.0795239],[121.5820722,25.0795286],[121.582124,25.0795454],[121.5821752,25.0795619],[121.5822256,25.079578],[121.5824208,25.0796409],[121.5824373,25.0796463],[121.5824959,25.0796653],[121.5825982,25.0796981],[121.5826827,25.0797255],[121.5827006,25.0797307],[121.5827498,25.0797472],[121.5827954,25.079762],[121.5828465,25.0797786],[121.5828651,25.0797846],[121.5829259,25.0798052],[121.5833723,25.0799563],[121.5834074,25.0799682],[121.5834151,25.0799706],[121.583481,25.0799935],[121.5835134,25.0800048],[121.5835407,25.0800141],[121.5835557,25.080019],[121.5835837,25.080028],[121.5835934,25.0800312],[121.5836713,25.0800585],[121.5836938,25.080067],[121.5837516,25.0800902],[121.5837692,25.0800977],[121.5839296,25.0801747],[121.584147,25.0802894],[121.5841999,25.0803173],[121.5843735,25.080409],[121.5844162,25.0804315],[121.5844856,25.0804682],[121.5845264,25.0804897],[121.5846218,25.0805401],[121.584692,25.0805771],[121.5848639,25.0806542],[121.5850455,25.0807094],[121.5852051,25.0807473],[121.585232,25.0807536],[121.5860398,25.0809451],[121.5860424,25.0809457],[121.5861244,25.0809647],[121.5861589,25.0809729],[121.5862,25.0809831],[121.5862763,25.0810002],[121.586334,25.0810138],[121.5864742,25.0810471],[121.5864789,25.0810483],[121.5865385,25.0810625],[121.5866933,25.0810987],[121.5867094,25.0811028],[121.5867741,25.0811178],[121.586851,25.081136],[121.586988,25.0811683],[121.5870199,25.081176],[121.5870369,25.0811799],[121.5871406,25.0812045],[121.5871423,25.0812049],[121.5871522,25.0812073],[121.5873444,25.081253],[121.5874916,25.0812869],[121.5878559,25.0813728],[121.588351,25.0814913],[121.588554,25.0815397],[121.5885825,25.0815466],[121.5886499,25.0815626],[121.5887172,25.0815789],[121.5887839,25.0815964],[121.588852,25.0816123],[121.5889503,25.0816351],[121.5889652,25.0816389],[121.5889832,25.0816436],[121.5890903,25.0816695],[121.589292,25.0817173],[121.5893039,25.0817201],[121.5894481,25.0817544],[121.5894579,25.0817567],[121.5896619,25.0818053],[121.5896709,25.0818074],[121.589881,25.0818575],[121.5900044,25.0818861],[121.5900674,25.081901],[121.5900744,25.0819027],[121.5902162,25.0819359],[121.5902624,25.0819467],[121.5903227,25.0819617],[121.5903503,25.0819685],[121.5903914,25.0820005],[121.5903999,25.0820074],[121.5904002,25.0820076],[121.5903963,25.0820033],[121.5903933,25.0819985],[121.5903911,25.0819933],[121.5903899,25.0819879],[121.5903899,25.0819878],[121.5903896,25.0819823],[121.5903896,25.0819823],[121.5903904,25.0819768],[121.590392,25.0819715],[121.5903969,25.081957],[121.5904017,25.0819423],[121.5904018,25.0819423],[121.5904267,25.081867],[121.5905126,25.0816074],[121.5905195,25.0815861],[121.590522,25.0815748],[121.5905374,25.0815308],[121.5906343,25.0812542],[121.59065,25.0812092],[121.5906661,25.0811641],[121.5906819,25.0811186],[121.5906988,25.0810707],[121.5907571,25.0809041],[121.5907584,25.0809003],[121.5907459,25.0808241],[121.5907459,25.080824],[121.5907546,25.0808083],[121.5907641,25.0807912]]]}},{"type":"Feature","id":253,"properties":{"sectionCode":"0454","sectionName":"文德段二小段","districtName":"內湖區","fullName":"內湖區文德段二小段"},"geometry":{"type":"Polygon","coordinates":[[[121.5894827,25.078544],[121.5895628,25.0782729],[121.5895836,25.0782032],[121.5896519,25.077978],[121.5897884,25.0775213],[121.5897948,25.0774999],[121.5897966,25.0774935],[121.5897995,25.0774838],[121.5898048,25.0774659],[121.5898048,25.0774658],[121.5898111,25.0774447],[121.5898305,25.077379],[121.5898355,25.0773623],[121.5898572,25.0772892],[121.5899343,25.0770305],[121.589967,25.0769169],[121.5900389,25.0766765],[121.5901014,25.0764677],[121.5901035,25.0764593],[121.5901165,25.076408],[121.5901274,25.0763594],[121.5901276,25.0763572],[121.5901426,25.0761707],[121.5901361,25.0760672],[121.5901185,25.0759651],[121.5900516,25.0757132],[121.5900459,25.075691],[121.5900374,25.0756604],[121.5899289,25.075254],[121.5899149,25.0752004],[121.5898978,25.0751294],[121.5898885,25.075091],[121.5898756,25.0750361],[121.5898698,25.0749802],[121.5898174,25.0749762],[121.5897347,25.0749701],[121.5893816,25.0749432],[121.5891633,25.0747401],[121.5890758,25.0746903],[121.5889871,25.0746428],[121.5888004,25.0745801],[121.5886825,25.0746136],[121.5885668,25.0747078],[121.5885254,25.0747411],[121.5885168,25.0747486],[121.5884395,25.0748139],[121.5884095,25.0748312],[121.5882944,25.0748949],[121.5882071,25.0750218],[121.5881282,25.0750652],[121.5880899,25.0750863],[121.5880419,25.0751128],[121.5878244,25.0751762],[121.5874824,25.0751227],[121.5874022,25.0751322],[121.5872889,25.0750673],[121.587227,25.075015],[121.5870718,25.0748824],[121.5869906,25.0747749],[121.5869271,25.074728],[121.5867919,25.0746165],[121.5867813,25.0745833],[121.5867724,25.0745562],[121.5868097,25.0743845],[121.5868284,25.0742992],[121.586808,25.074155],[121.5867962,25.074128],[121.5867959,25.0740623],[121.5867839,25.0739943],[121.5867824,25.073984],[121.5867718,25.0739652],[121.586685,25.0737567],[121.5866822,25.073749],[121.586621,25.0735774],[121.5865969,25.0735035],[121.586126,25.0733901],[121.5859594,25.0733752],[121.5859323,25.0733628],[121.5857679,25.0732931],[121.5857522,25.0732833],[121.5856659,25.0732297],[121.5856631,25.073228],[121.5856258,25.073229],[121.5855838,25.0732301],[121.5855815,25.0732301],[121.5855463,25.0732313],[121.5855323,25.0732317],[121.5855051,25.0732329],[121.5854821,25.0732359],[121.5854276,25.073243],[121.5853673,25.0732508],[121.5853555,25.0732531],[121.585292,25.0732652],[121.5852252,25.0732779],[121.5852162,25.0732796],[121.5851531,25.0732897],[121.5850713,25.0733029],[121.5849858,25.0733167],[121.5849124,25.0733285],[121.5848992,25.0733274],[121.5847564,25.0733154],[121.584731,25.0733135],[121.5846005,25.0733031],[121.5844318,25.0733079],[121.5843581,25.0733132],[121.5843474,25.0733102],[121.584151,25.0732529],[121.5839449,25.0731764],[121.5838873,25.0731335],[121.5838313,25.0731183],[121.5837553,25.0731238],[121.5836936,25.0731277],[121.5835396,25.0731053],[121.5834765,25.073096],[121.5833857,25.0730988],[121.5833341,25.0731114],[121.5831839,25.0732494],[121.5830994,25.0732898],[121.5830479,25.0732738],[121.5829226,25.0732356],[121.582858,25.073216],[121.5827781,25.0731843],[121.5827744,25.0731836],[121.5827404,25.0731846],[121.5826911,25.0732223],[121.5826648,25.0732426],[121.5826358,25.0732711],[121.5825083,25.0733931],[121.582411,25.0734247],[121.5823886,25.0734318],[121.5823301,25.0734758],[121.5822069,25.0735711],[121.5820108,25.0737365],[121.5815247,25.0741833],[121.5813119,25.0743362],[121.5812574,25.0743742],[121.5812018,25.0744116],[121.5811897,25.0744201],[121.581155,25.074446],[121.5811442,25.074454],[121.581132,25.0744631],[121.5811352,25.0744668],[121.5811467,25.0744766],[121.5811179,25.0744876],[121.5810946,25.0744961],[121.5810766,25.0745026],[121.5810217,25.0745543],[121.5810109,25.0745556],[121.5809653,25.0745618],[121.5809455,25.0745645],[121.5808726,25.0745571],[121.58075,25.0745166],[121.5806218,25.0744726],[121.5805123,25.0744549],[121.5802369,25.074365],[121.5802272,25.0743618],[121.5801783,25.0743516],[121.580024,25.0743174],[121.5798482,25.0742698],[121.5797854,25.0742497],[121.579681,25.0742485],[121.5796065,25.0742286],[121.5795788,25.0741714],[121.5794256,25.0741495],[121.5793926,25.0741445],[121.5793378,25.0741496],[121.5791804,25.0741633],[121.5791448,25.0741399],[121.5791313,25.0741209],[121.5791315,25.0741191],[121.579046,25.0741106],[121.5789173,25.0740677],[121.5788983,25.0740616],[121.5788975,25.0740403],[121.5785872,25.0742325],[121.5782772,25.0744245],[121.5782341,25.0744512],[121.5781278,25.0745171],[121.5781125,25.0745266],[121.5776827,25.0747926],[121.5775523,25.0748733],[121.5773761,25.0749824],[121.5773023,25.0750281],[121.5771555,25.075119],[121.5770007,25.0752148],[121.5769519,25.0752427],[121.5768975,25.0752763],[121.5768515,25.0753047],[121.5768454,25.0753085],[121.5768296,25.0753183],[121.5765107,25.0755154],[121.5763064,25.0756418],[121.57616,25.0757323],[121.5761506,25.0757381],[121.576025,25.0758158],[121.5760106,25.0758247],[121.5756207,25.0760658],[121.5755988,25.0760793],[121.5755527,25.0761078],[121.5755991,25.0761337],[121.5756033,25.0761361],[121.5756267,25.0761486],[121.5759682,25.0763366],[121.5760411,25.076377],[121.5761879,25.0764576],[121.5764178,25.076584],[121.576495,25.0766264],[121.5765973,25.0766825],[121.5766425,25.0767076],[121.5766427,25.0767077],[121.5769137,25.0768618],[121.5771699,25.0770354],[121.5772436,25.0770925],[121.5773599,25.077188],[121.5773756,25.0772007],[121.5773756,25.0772007],[121.5773881,25.0772114],[121.5774152,25.0772356],[121.5775391,25.0773456],[121.5775565,25.0773618],[121.5775577,25.0773628],[121.5775705,25.0773738],[121.5776435,25.0774383],[121.5776518,25.0774457],[121.577665,25.0774575],[121.5776905,25.0774802],[121.5776939,25.0774832],[121.5777213,25.0775076],[121.5777241,25.0775101],[121.5779674,25.0777283],[121.5779784,25.0777383],[121.5780507,25.0778016],[121.5780507,25.0778016],[121.578074,25.0778238],[121.5780802,25.0778297],[121.5781022,25.0778491],[121.5782204,25.0779545],[121.5782874,25.0780146],[121.5783272,25.0780502],[121.5783686,25.0780872],[121.578392,25.0781081],[121.5784234,25.0781362],[121.5784631,25.0781717],[121.5785045,25.0782084],[121.5786644,25.078351],[121.5787269,25.0784068],[121.5788341,25.0785024],[121.5788342,25.0785025],[121.5788342,25.0785024],[121.5788625,25.0784948],[121.5788627,25.0784948],[121.5789271,25.0784783],[121.5790668,25.0784454],[121.5792123,25.0784152],[121.5792645,25.0784046],[121.5793172,25.078396],[121.5793316,25.0783934],[121.5793485,25.0783907],[121.5793998,25.0783835],[121.5795026,25.0783708],[121.5795695,25.0783633],[121.5797541,25.07835],[121.5797656,25.0783492],[121.5797771,25.0783491],[121.5801092,25.0783487],[121.5805869,25.0783519],[121.5806057,25.0783521],[121.5806509,25.0783525],[121.5806668,25.0783526],[121.5807697,25.0783532],[121.580792,25.0783533],[121.5808648,25.0783551],[121.5808818,25.0783555],[121.5811584,25.0783577],[121.5812007,25.0783581],[121.5812161,25.0783582],[121.5812967,25.0783586],[121.5821607,25.0783634],[121.5824304,25.0783656],[121.5825101,25.0783671],[121.5826799,25.0783697],[121.582759,25.0783703],[121.5829297,25.0783733],[121.5831786,25.078377],[121.583227,25.0783775],[121.5834373,25.0783812],[121.5834571,25.0783814],[121.5835611,25.0783831],[121.5836807,25.0783852],[121.5838447,25.0783882],[121.583859,25.0783884],[121.5839191,25.0783895],[121.583982,25.0783905],[121.5840828,25.0783925],[121.5843528,25.0783973],[121.5843874,25.0783978],[121.5845029,25.0783998],[121.5849965,25.0784082],[121.5852249,25.0784117],[121.5852449,25.0784119],[121.5855844,25.0784187],[121.586468,25.0784553],[121.5871638,25.0785301],[121.587415,25.0785696],[121.5879767,25.0786793],[121.5879792,25.07868],[121.5880321,25.078692],[121.5880368,25.0786928],[121.5880553,25.0786972],[121.5881819,25.0787257],[121.5884559,25.0787886],[121.5886489,25.078837],[121.588773,25.0788683],[121.58881,25.0788776],[121.5888269,25.0788811],[121.5888491,25.0788845],[121.588928,25.0788932],[121.5890074,25.0788927],[121.5890862,25.0788831],[121.5890866,25.078883],[121.5891205,25.0788769],[121.589184,25.0788577],[121.5892431,25.0788292],[121.5892961,25.078792],[121.5892988,25.0787899],[121.5893141,25.0787781],[121.5893394,25.0787584],[121.5893545,25.0787435],[121.58937,25.0787282],[121.5893781,25.0787203],[121.5893923,25.0787024],[121.5894115,25.0786784],[121.589447,25.078621],[121.5894709,25.0785722],[121.5894764,25.0785609],[121.5894825,25.0785444],[121.5894827,25.078544]],[[121.5852677,25.0754347],[121.5852674,25.0754344],[121.5852702,25.0754374],[121.5852698,25.075437],[121.5852695,25.0754367],[121.5852686,25.0754358],[121.5852686,25.0754357],[121.585268,25.0754351],[121.585268,25.075435],[121.5852677,25.0754348],[121.5852677,25.0754347]]]}},{"type":"Feature","id":254,"properties":{"sectionCode":"0455","sectionName":"文德段三小段","districtName":"內湖區","fullName":"內湖區文德段三小段"},"geometry":{"type":"Polygon","coordinates":[[[121.5878244,25.0751762],[121.5880419,25.0751128],[121.5880899,25.0750863],[121.5881282,25.0750652],[121.5882071,25.0750218],[121.5882944,25.0748949],[121.5884095,25.0748312],[121.5884395,25.0748139],[121.5885168,25.0747486],[121.5885254,25.0747411],[121.5885668,25.0747078],[121.5886825,25.0746136],[121.5888004,25.0745801],[121.5889871,25.0746428],[121.5890758,25.0746903],[121.5891633,25.0747401],[121.5893816,25.0749432],[121.5897347,25.0749701],[121.5898174,25.0749762],[121.5898698,25.0749802],[121.5898701,25.0749802],[121.5899806,25.0749801],[121.5900376,25.0749801],[121.590069,25.074996],[121.5901825,25.0750536],[121.5901824,25.0750528],[121.5901692,25.0749655],[121.5901602,25.0749062],[121.5901558,25.0748548],[121.5901501,25.0747892],[121.5901457,25.0747374],[121.5901391,25.074661],[121.5901222,25.0744638],[121.5901022,25.074224],[121.5900817,25.0739742],[121.5900775,25.0739201],[121.590072,25.0738516],[121.5900664,25.0737794],[121.5900605,25.0737015],[121.5900517,25.0735857],[121.5900401,25.0734577],[121.5900401,25.0734568],[121.5900376,25.0734307],[121.5900351,25.0734037],[121.5900205,25.0732479],[121.590017,25.0732094],[121.5900134,25.0731707],[121.590009,25.0731227],[121.5900068,25.0730986],[121.5900023,25.0730471],[121.5899973,25.0729926],[121.5899867,25.0728778],[121.5899819,25.0728259],[121.589973,25.072727],[121.5899492,25.0724518],[121.5899351,25.0722807],[121.5898976,25.071836],[121.5898962,25.071715],[121.5899164,25.0715954],[121.5899576,25.0714804],[121.5900158,25.0713492],[121.5900538,25.0712608],[121.5901358,25.071075],[121.5901583,25.0710218],[121.5901606,25.0710165],[121.5902661,25.0707727],[121.5903005,25.0706948],[121.5903054,25.0706839],[121.5903322,25.0706236],[121.5903636,25.0705512],[121.5903907,25.0704909],[121.5904223,25.0704207],[121.5904317,25.0703991],[121.5905473,25.0701355],[121.5905942,25.0700277],[121.590614,25.0699822],[121.5906341,25.069936],[121.5906379,25.0699273],[121.590795,25.0695651],[121.5908055,25.0695407],[121.5908128,25.0695236],[121.5908668,25.0693974],[121.5909987,25.0690893],[121.5910272,25.0688175],[121.5910175,25.0687432],[121.5910157,25.0687295],[121.5909919,25.0685442],[121.5909811,25.0684717],[121.5906803,25.0684608],[121.5906802,25.0684608],[121.5906789,25.0684614],[121.5906114,25.068492],[121.5905932,25.0685003],[121.5905724,25.0685139],[121.5905319,25.0685406],[121.5905143,25.0685522],[121.5904973,25.0685678],[121.5904621,25.0686001],[121.5904458,25.068615],[121.5904325,25.068632],[121.5904036,25.0686691],[121.5903894,25.0686872],[121.59038,25.0687048],[121.590358,25.0687457],[121.5903466,25.0687668],[121.5903408,25.0687843],[121.5903186,25.0688516],[121.5903059,25.0689399],[121.5903095,25.0690278],[121.590328,25.0691141],[121.5903304,25.0691225],[121.5903065,25.0691229],[121.5902689,25.0691241],[121.5898807,25.0691363],[121.5894593,25.0691495],[121.5893827,25.0691515],[121.5891935,25.0691576],[121.5890125,25.0691634],[121.5886423,25.0691742],[121.5883468,25.0691842],[121.5881007,25.069192],[121.5880846,25.0691925],[121.5878859,25.0691962],[121.5878159,25.0691975],[121.5878058,25.0691973],[121.5877597,25.0691965],[121.5876471,25.069194],[121.5874082,25.0691821],[121.5872908,25.0691727],[121.5869761,25.0691501],[121.5869333,25.0691477],[121.5869158,25.0691466],[121.5868961,25.0691451],[121.5863508,25.0691066],[121.5859966,25.0690818],[121.585884,25.0690732],[121.585835,25.0690699],[121.5849288,25.0690019],[121.584703,25.0689846],[121.5846703,25.0689822],[121.5846654,25.0689819],[121.5846502,25.0689807],[121.5846308,25.0689794],[121.5846254,25.0689791],[121.5845905,25.0689763],[121.5845444,25.0689701],[121.584438,25.0689521],[121.5844071,25.0689462],[121.5843183,25.0689217],[121.5843182,25.0689217],[121.58429,25.0689492],[121.5840325,25.0692009],[121.5840135,25.0692195],[121.5840004,25.0692323],[121.5838988,25.0693316],[121.5838973,25.0693331],[121.5836359,25.0695886],[121.5835565,25.0696662],[121.5834628,25.0697578],[121.5832144,25.0700006],[121.5830917,25.0701206],[121.583071,25.0701408],[121.5829937,25.0702164],[121.5828803,25.0703273],[121.5827873,25.0704182],[121.5827565,25.0704483],[121.5825499,25.0706503],[121.5824862,25.0707126],[121.5824033,25.0707938],[121.5822276,25.0709655],[121.5821975,25.070995],[121.5821975,25.0709951],[121.5819767,25.0712115],[121.5818358,25.0713487],[121.5818159,25.0713677],[121.5817938,25.0713888],[121.5817239,25.0714558],[121.5816896,25.0714886],[121.5816319,25.0715438],[121.5814757,25.0716933],[121.5814503,25.0717176],[121.581316,25.0718461],[121.5811613,25.0719942],[121.580985,25.0721627],[121.5807957,25.0723438],[121.5803894,25.0727326],[121.5802722,25.0728447],[121.5802005,25.0729133],[121.5797482,25.0733458],[121.5797192,25.0733735],[121.5796742,25.0734165],[121.5796442,25.0734452],[121.579637,25.0734521],[121.5796122,25.0734758],[121.5795885,25.0734993],[121.579385,25.0736934],[121.5793251,25.0737503],[121.5793224,25.0737529],[121.5792507,25.0738215],[121.5792339,25.0738319],[121.5791986,25.0738538],[121.5788975,25.0740403],[121.5788983,25.0740616],[121.5789173,25.0740677],[121.579046,25.0741106],[121.5791315,25.0741191],[121.5791313,25.0741209],[121.5791448,25.0741399],[121.5791804,25.0741633],[121.5793378,25.0741496],[121.5793926,25.0741445],[121.5794256,25.0741495],[121.5795788,25.0741714],[121.5796065,25.0742286],[121.579681,25.0742485],[121.5797854,25.0742497],[121.5798482,25.0742698],[121.580024,25.0743174],[121.5801783,25.0743516],[121.5802272,25.0743618],[121.5802369,25.074365],[121.5805123,25.0744549],[121.5806218,25.0744726],[121.58075,25.0745166],[121.5808726,25.0745571],[121.5809455,25.0745645],[121.5809653,25.0745618],[121.5810109,25.0745556],[121.5810217,25.0745543],[121.5810766,25.0745026],[121.5810946,25.0744961],[121.5811179,25.0744876],[121.5811467,25.0744766],[121.5811352,25.0744668],[121.581132,25.0744631],[121.5811442,25.074454],[121.581155,25.074446],[121.5811897,25.0744201],[121.5812018,25.0744116],[121.5812574,25.0743742],[121.5813119,25.0743362],[121.5815247,25.0741833],[121.5820108,25.0737365],[121.5822069,25.0735711],[121.5823301,25.0734758],[121.5823886,25.0734318],[121.582411,25.0734247],[121.5825083,25.0733931],[121.5826358,25.0732711],[121.5826648,25.0732426],[121.5826911,25.0732223],[121.5827404,25.0731846],[121.5827744,25.0731836],[121.5827781,25.0731843],[121.582858,25.073216],[121.5829226,25.0732356],[121.5830479,25.0732738],[121.5830994,25.0732898],[121.5831839,25.0732494],[121.5833341,25.0731114],[121.5833857,25.0730988],[121.5834765,25.073096],[121.5835396,25.0731053],[121.5836936,25.0731277],[121.5837553,25.0731238],[121.5838313,25.0731183],[121.5838873,25.0731335],[121.5839449,25.0731764],[121.584151,25.0732529],[121.5843474,25.0733102],[121.5843581,25.0733132],[121.5844318,25.0733079],[121.5846005,25.0733031],[121.584731,25.0733135],[121.5847564,25.0733154],[121.5849124,25.0733285],[121.5852162,25.0732796],[121.5853673,25.0732508],[121.5855051,25.0732329],[121.5855323,25.0732317],[121.5855815,25.0732301],[121.5856631,25.073228],[121.5857679,25.0732931],[121.5859323,25.0733628],[121.5859594,25.0733752],[121.586126,25.0733901],[121.5865969,25.0735035],[121.586621,25.0735774],[121.5866822,25.073749],[121.586685,25.0737567],[121.5867718,25.0739652],[121.5867824,25.073984],[121.5867839,25.0739943],[121.5867959,25.0740623],[121.5867962,25.074128],[121.586808,25.074155],[121.5868284,25.0742992],[121.5868097,25.0743845],[121.5867724,25.0745562],[121.5867813,25.0745833],[121.5867919,25.0746165],[121.5869271,25.074728],[121.5869906,25.0747749],[121.5870718,25.0748824],[121.587227,25.075015],[121.5872889,25.0750673],[121.5874022,25.0751322],[121.5874824,25.0751227],[121.5878244,25.0751762]]]}},{"type":"Feature","id":255,"properties":{"sectionCode":"0456","sectionName":"文德段四小段","districtName":"內湖區","fullName":"內湖區文德段四小段"},"geometry":{"type":"Polygon","coordinates":[[[121.5906803,25.0684608],[121.5906812,25.0684604],[121.5909811,25.0684717],[121.5909758,25.0684305],[121.5909783,25.0684308],[121.5909741,25.0683999],[121.5909364,25.0681228],[121.5909289,25.0680629],[121.5909241,25.0680273],[121.5909226,25.0680161],[121.5909205,25.0680042],[121.5909187,25.0679905],[121.5909164,25.0679734],[121.5909052,25.0678898],[121.5908986,25.0678399],[121.5908927,25.0677958],[121.5908781,25.0676866],[121.5908706,25.0676307],[121.5908655,25.0675924],[121.5907702,25.0668799],[121.5907532,25.0667525],[121.5907458,25.0666971],[121.5907327,25.0665989],[121.5907068,25.0664051],[121.5907005,25.0663583],[121.5906956,25.0663036],[121.5906911,25.0662539],[121.5906877,25.0662168],[121.5906843,25.066179],[121.5906809,25.0661413],[121.5906774,25.0661032],[121.590674,25.0660649],[121.5906718,25.0660413],[121.5906718,25.066041],[121.5903743,25.0660554],[121.5903607,25.0660559],[121.5902804,25.0660601],[121.5902536,25.0659368],[121.5901966,25.0656748],[121.5899454,25.0655533],[121.5898691,25.0655794],[121.5895816,25.065678],[121.5894882,25.0657093],[121.5893658,25.0657528],[121.5892782,25.065815],[121.589263,25.0658257],[121.5892347,25.0658456],[121.5891142,25.0659303],[121.5890898,25.0659475],[121.5890738,25.0659587],[121.5890723,25.0659591],[121.5889491,25.0659974],[121.5889236,25.0660053],[121.5886084,25.0661034],[121.5884907,25.0661371],[121.5884699,25.0661431],[121.588356,25.066176],[121.5882397,25.0662091],[121.5881334,25.0662394],[121.5880519,25.0662662],[121.5880264,25.0662741],[121.5879717,25.0662925],[121.5879553,25.0662981],[121.5879329,25.0663063],[121.5879218,25.0663099],[121.5878468,25.0663354],[121.5878347,25.0663394],[121.5878017,25.0663516],[121.5877109,25.0663832],[121.5876546,25.0664032],[121.5875889,25.0664272],[121.5874552,25.0664743],[121.5872627,25.0665452],[121.5872389,25.0665535],[121.5872067,25.0665653],[121.5871987,25.0665695],[121.5871372,25.0666008],[121.5868987,25.0667183],[121.5868805,25.0667272],[121.5868644,25.0667355],[121.5867949,25.0667693],[121.5867787,25.0667777],[121.5866485,25.0668519],[121.5864763,25.0669528],[121.5864683,25.0669474],[121.5864494,25.0669685],[121.5863989,25.0669971],[121.586348,25.0670265],[121.5861656,25.0671021],[121.5861205,25.0671205],[121.5859858,25.0671755],[121.5858986,25.0672115],[121.5857516,25.0672298],[121.5855809,25.0672506],[121.585562,25.0672528],[121.5855332,25.067256],[121.5854456,25.067267],[121.585383,25.0672745],[121.5852936,25.0673132],[121.5852942,25.0673119],[121.5853493,25.0671924],[121.58535,25.0671907],[121.5853514,25.0671872],[121.5853929,25.0670885],[121.5854371,25.0669784],[121.5854657,25.0669005],[121.5854969,25.0668246],[121.5855175,25.0667723],[121.5855397,25.0667119],[121.5855547,25.0666687],[121.5856238,25.0664205],[121.5856246,25.0664177],[121.5856433,25.0663515],[121.585655,25.0663103],[121.5855101,25.0663872],[121.5854908,25.0663984],[121.5850444,25.0665973],[121.5849005,25.066637],[121.5848629,25.0666481],[121.5848313,25.066657],[121.5847203,25.0666886],[121.5846592,25.0667058],[121.5841579,25.0668797],[121.5841106,25.0668963],[121.5840682,25.0669125],[121.5839624,25.0669539],[121.5838748,25.0669878],[121.583738,25.0670408],[121.5836617,25.0670698],[121.5832031,25.0672695],[121.5830255,25.0673489],[121.5830208,25.0673513],[121.583052,25.0673555],[121.5831756,25.0673718],[121.5827983,25.0675435],[121.5818847,25.0678982],[121.581835,25.0679258],[121.5819764,25.0679817],[121.5820147,25.0679924],[121.5829095,25.0682456],[121.5830515,25.0682851],[121.5830524,25.0682854],[121.5833465,25.0683673],[121.584098,25.0685766],[121.5842856,25.0686289],[121.5842971,25.0686321],[121.5844619,25.0686811],[121.5845463,25.0686988],[121.5844255,25.0688169],[121.5843182,25.0689217],[121.5843183,25.0689217],[121.5844071,25.0689462],[121.584438,25.0689521],[121.5845444,25.0689701],[121.5845905,25.0689763],[121.5846254,25.0689791],[121.5846308,25.0689794],[121.5846502,25.0689807],[121.5846654,25.0689819],[121.5846703,25.0689822],[121.584703,25.0689846],[121.5849288,25.0690019],[121.585835,25.0690699],[121.585884,25.0690732],[121.5859966,25.0690818],[121.5863508,25.0691066],[121.5868961,25.0691451],[121.5869158,25.0691466],[121.5869333,25.0691477],[121.5869761,25.0691501],[121.5872908,25.0691727],[121.5874082,25.0691821],[121.5876471,25.069194],[121.5877597,25.0691965],[121.5878058,25.0691973],[121.5878159,25.0691975],[121.5878859,25.0691962],[121.5880846,25.0691925],[121.5881007,25.069192],[121.5883468,25.0691842],[121.5886423,25.0691742],[121.5890125,25.0691634],[121.5891935,25.0691576],[121.5893827,25.0691515],[121.5894593,25.0691495],[121.5898807,25.0691363],[121.5902689,25.0691241],[121.5903065,25.0691229],[121.5903304,25.0691225],[121.590328,25.0691141],[121.5903095,25.0690278],[121.5903059,25.0689399],[121.5903186,25.0688516],[121.5903329,25.0688021],[121.5903408,25.0687843],[121.590358,25.0687457],[121.5903683,25.0687224],[121.59038,25.0687048],[121.5904036,25.0686691],[121.590417,25.0686488],[121.5904325,25.068632],[121.5904621,25.0686001],[121.5904778,25.0685831],[121.5904973,25.0685678],[121.5905319,25.0685406],[121.5905493,25.068527],[121.5905724,25.0685139],[121.5906114,25.068492],[121.5906295,25.0684818],[121.5906789,25.0684614],[121.5906803,25.0684608]],[[121.5898642,25.0680433],[121.5898595,25.0680431],[121.5898628,25.0680432],[121.5898642,25.0680433]],[[121.5898824,25.0680506],[121.5898805,25.0680492],[121.5898816,25.0680498],[121.5898824,25.0680506]],[[121.5898863,25.0680542],[121.5898847,25.0680525],[121.5898857,25.0680534],[121.5898863,25.0680542]],[[121.589878,25.0680476],[121.5898759,25.0680465],[121.5898768,25.0680469],[121.589878,25.0680476]],[[121.589873,25.0680454],[121.5898708,25.0680446],[121.5898716,25.0680448],[121.589873,25.0680454]],[[121.5898894,25.0680583],[121.5898881,25.0680565],[121.5898891,25.0680576],[121.5898894,25.0680583]],[[121.5898677,25.0680439],[121.5898652,25.0680434],[121.5898661,25.0680435],[121.5898677,25.0680439]],[[121.5898918,25.0680628],[121.5898909,25.0680609],[121.5898916,25.0680623],[121.5898918,25.0680628]],[[121.5898933,25.0680676],[121.5898928,25.0680657],[121.5898933,25.0680673],[121.5898933,25.0680676]],[[121.5898939,25.0680726],[121.5898937,25.068071],[121.5898939,25.0680724],[121.5898939,25.0680726]]]}},{"type":"Feature","id":256,"properties":{"sectionCode":"0457","sectionName":"西湖段一小段","districtName":"內湖區","fullName":"內湖區西湖段一小段"},"geometry":{"type":"MultiPolygon","coordinates":[[[[121.5670698,25.0991496],[121.5671469,25.0990395],[121.5672812,25.0988866],[121.5673298,25.0988194],[121.5673359,25.0987072],[121.5673884,25.0985929],[121.5675834,25.0984648],[121.5677551,25.0984727],[121.5677701,25.0984583],[121.5678161,25.0984185],[121.5678476,25.0983465],[121.567948,25.0982177],[121.5680024,25.0980979],[121.5681504,25.0979107],[121.5682206,25.0977674],[121.5683208,25.0976961],[121.5683818,25.0976957],[121.5685499,25.0976077],[121.5686146,25.0975252],[121.5686159,25.0975229],[121.5686739,25.0974204],[121.5686782,25.097412],[121.5687191,25.0973333],[121.5687408,25.0972901],[121.5687547,25.0972624],[121.5687937,25.0971976],[121.568813,25.0971656],[121.5688561,25.0970934],[121.5688737,25.0970639],[121.5688743,25.0970635],[121.5689532,25.0969928],[121.568986,25.0968792],[121.5690692,25.0967786],[121.5690755,25.0967255],[121.5690764,25.0967172],[121.5690828,25.09666],[121.5690841,25.0965536],[121.5690845,25.0965225],[121.5691444,25.0962662],[121.5693741,25.0960523],[121.5694175,25.0959413],[121.5694406,25.0958822],[121.569485,25.0957677],[121.5694853,25.0957669],[121.5695032,25.0957361],[121.5695642,25.0956316],[121.569588,25.095551],[121.5696926,25.0954356],[121.5697544,25.095244],[121.569864,25.0950716],[121.569907,25.0950038],[121.5698975,25.0949207],[121.5698952,25.094901],[121.569893,25.0948791],[121.570123,25.0945434],[121.5701734,25.0944408],[121.5702394,25.0943067],[121.5702062,25.0942513],[121.570201,25.0941667],[121.5701987,25.094129],[121.5704252,25.0938818],[121.5704471,25.0938568],[121.570464,25.0938375],[121.5704644,25.093837],[121.5704933,25.0937218],[121.5704944,25.0937177],[121.5704959,25.0937115],[121.5704972,25.0936716],[121.5704974,25.0936714],[121.5706231,25.093531],[121.5706303,25.0935229],[121.5707719,25.0933996],[121.5707628,25.0933662],[121.5707607,25.0933587],[121.5708591,25.0932676],[121.5708583,25.0932669],[121.570464,25.0929427],[121.5704639,25.0929427],[121.57046,25.0929397],[121.5701777,25.0925529],[121.5701523,25.0925333],[121.5700754,25.0924733],[121.5698565,25.09224],[121.5697721,25.0921501],[121.5698258,25.0919898],[121.569912,25.0917326],[121.5700304,25.0914041],[121.570216,25.0910026],[121.5702277,25.0908122],[121.5702484,25.0904742],[121.5702456,25.0904533],[121.5702199,25.090249],[121.5701741,25.0899735],[121.5702313,25.0898626],[121.5702313,25.0898625],[121.5703562,25.0896201],[121.5703672,25.0894846],[121.5702162,25.0891974],[121.5701983,25.0891252],[121.5701961,25.0891207],[121.5701496,25.0890412],[121.5700628,25.0888948],[121.5699802,25.0887522],[121.5699797,25.0887513],[121.5698801,25.088632],[121.5698685,25.088618],[121.5698394,25.0885424],[121.5698147,25.0884782],[121.569805,25.0884531],[121.5698786,25.0883641],[121.5698745,25.088335],[121.5698744,25.0883346],[121.5698586,25.0882069],[121.5698573,25.0882044],[121.569796,25.0880829],[121.569734,25.0879603],[121.5697813,25.0878576],[121.5698382,25.0877341],[121.5698906,25.0876204],[121.5699143,25.087569],[121.5699447,25.0875187],[121.5699464,25.0875161],[121.5699464,25.0875159],[121.5699473,25.0874822],[121.5699489,25.0874034],[121.569808,25.0870129],[121.5698079,25.0870126],[121.569798,25.086909],[121.5697978,25.0869073],[121.569789,25.0868146],[121.5697843,25.0867681],[121.5697816,25.0867396],[121.5697816,25.0867395],[121.5697798,25.086722],[121.5697755,25.08668],[121.5698258,25.0865143],[121.569862,25.0863943],[121.5698622,25.0863937],[121.5698472,25.0863359],[121.5698471,25.0863355],[121.5697826,25.0860825],[121.5697819,25.0860796],[121.5697755,25.0860556],[121.5697754,25.0860554],[121.5697654,25.0860172],[121.569765,25.0860156],[121.569769,25.0859841],[121.5697908,25.085816],[121.5697952,25.0857937],[121.5697953,25.0857937],[121.5699263,25.0857512],[121.5700671,25.0856312],[121.57009,25.0856116],[121.5700931,25.0856092],[121.570102,25.085602],[121.5701445,25.0853883],[121.5701528,25.0853468],[121.57016,25.0853105],[121.5701601,25.0853104],[121.5702179,25.0852471],[121.5702239,25.0852297],[121.570224,25.0852294],[121.5702427,25.0851752],[121.570245,25.0851679],[121.5702457,25.0851656],[121.5702473,25.0851606],[121.5702575,25.0851311],[121.5702677,25.0851018],[121.5702901,25.0848897],[121.5702922,25.0847045],[121.5702922,25.0847014],[121.5702924,25.0846307],[121.5702928,25.0846256],[121.5702346,25.0844101],[121.5702316,25.0843989],[121.5702257,25.084377],[121.5702062,25.0843039],[121.5702027,25.0842914],[121.5702026,25.0842912],[121.5701984,25.0842747],[121.5701984,25.0842745],[121.5702087,25.0842732],[121.5704194,25.0842458],[121.5706112,25.0842145],[121.5706162,25.0842137],[121.5706465,25.0842083],[121.570659,25.0842062],[121.5706875,25.084201],[121.5707095,25.0841971],[121.5707728,25.0841845],[121.570777,25.0841837],[121.5708071,25.0841779],[121.5709259,25.0841529],[121.5710173,25.084132],[121.5712541,25.0840725],[121.5713907,25.0840338],[121.5714859,25.0840059],[121.5717849,25.0839145],[121.5717902,25.0839129],[121.571795,25.0839105],[121.5717994,25.0839074],[121.571803,25.0839037],[121.5718062,25.0838995],[121.5718086,25.0838949],[121.5718102,25.08389],[121.571811,25.083885],[121.5718109,25.0838799],[121.5718099,25.0838748],[121.5717496,25.0837529],[121.5717417,25.0837366],[121.5717063,25.0836646],[121.5716719,25.0835948],[121.5716615,25.0835738],[121.5716169,25.0834821],[121.5715941,25.0834354],[121.5715394,25.0833251],[121.5714624,25.0831707],[121.571457,25.0831577],[121.5714302,25.0831029],[121.5713896,25.0830203],[121.5713744,25.0829909],[121.5713309,25.0829069],[121.5713036,25.0828477],[121.5712401,25.0827162],[121.5712187,25.0826718],[121.5712037,25.0826312],[121.5710939,25.0823333],[121.5710577,25.0822358],[121.5710515,25.0822184],[121.5710112,25.0821103],[121.571008,25.0821018],[121.5710053,25.0820943],[121.5710018,25.0820848],[121.5709184,25.0818576],[121.5708538,25.0816821],[121.5708534,25.081681],[121.5708372,25.0816375],[121.5708304,25.081619],[121.5708202,25.0815916],[121.5708171,25.0815832],[121.5707982,25.0815325],[121.5707925,25.0815171],[121.5707581,25.0814245],[121.5706675,25.0814569],[121.5706673,25.0814569],[121.5705677,25.0814909],[121.5705036,25.0815127],[121.5704498,25.0815311],[121.5700435,25.0816697],[121.5696582,25.0818011],[121.5696232,25.0818131],[121.5692883,25.081909],[121.5689439,25.0819706],[121.5685583,25.0819981],[121.5685192,25.0819987],[121.568485,25.0819992],[121.5684215,25.0820002],[121.5683026,25.0820019],[121.568202,25.0820035],[121.5678564,25.0820087],[121.567704,25.082011],[121.5672366,25.082018],[121.5672193,25.0820182],[121.5670481,25.0820232],[121.5669824,25.0820262],[121.5668967,25.0820309],[121.5668737,25.0820323],[121.5668507,25.0820338],[121.5668503,25.0820339],[121.5668196,25.0820361],[121.5667755,25.0820394],[121.5667688,25.0820399],[121.5667613,25.0820405],[121.566761,25.0820405],[121.5667116,25.0820438],[121.5666572,25.0820473],[121.5666083,25.0820504],[121.5665169,25.0820566],[121.5664603,25.0820639],[121.566427,25.0820682],[121.5663956,25.0820725],[121.5663553,25.0820779],[121.5663248,25.0820831],[121.5662162,25.0821014],[121.566159,25.0821112],[121.5660918,25.0821228],[121.565983,25.0821428],[121.5659077,25.0821582],[121.5658363,25.0821731],[121.5657385,25.082195],[121.565659,25.0822138],[121.5656566,25.0822147],[121.565632,25.0822205],[121.5656057,25.0822266],[121.565564,25.0822364],[121.5655169,25.0822498],[121.5653985,25.082282],[121.5652799,25.0823136],[121.5651173,25.0823638],[121.5650467,25.0823869],[121.5649895,25.0824062],[121.5647961,25.0824772],[121.5645709,25.0825662],[121.5643481,25.0826633],[121.5641306,25.0827672],[121.5640115,25.082828],[121.5640001,25.082834],[121.5639026,25.082885],[121.5638052,25.0829361],[121.5636125,25.0830369],[121.5635562,25.0830664],[121.5635163,25.0830874],[121.5634741,25.0831095],[121.5634439,25.0831254],[121.5633127,25.0831936],[121.5631708,25.0832677],[121.5630042,25.0833547],[121.5627542,25.0834852],[121.5627084,25.083509],[121.5622654,25.0837403],[121.561407,25.0841888],[121.5613248,25.0842295],[121.561324,25.0842298],[121.5612346,25.0842688],[121.5608833,25.0844001],[121.5607771,25.0844376],[121.5607772,25.0844376],[121.5611393,25.0845954],[121.5612026,25.0846228],[121.561371,25.0846958],[121.5614671,25.0848135],[121.5616049,25.0849842],[121.561686,25.0850837],[121.5618199,25.0852431],[121.5618926,25.0853284],[121.5619714,25.0854194],[121.5622413,25.0857315],[121.5622516,25.0857431],[121.5622768,25.0857709],[121.5624104,25.0859715],[121.5625594,25.0861916],[121.5625669,25.0862025],[121.5625859,25.0862408],[121.5627067,25.086481],[121.5627888,25.0866441],[121.5628108,25.0866881],[121.5628506,25.0867449],[121.5629045,25.0868214],[121.5629161,25.0868923],[121.5629222,25.0869283],[121.5629251,25.0869358],[121.5629291,25.0869428],[121.5629343,25.0869491],[121.5629406,25.0869547],[121.5629382,25.0869834],[121.5629501,25.0870261],[121.562947,25.0870291],[121.5629446,25.0870326],[121.5629428,25.0870364],[121.5629417,25.0870404],[121.5629414,25.0870445],[121.5629418,25.0870486],[121.5629552,25.0871301],[121.562942,25.0872711],[121.5629117,25.0873411],[121.5629082,25.0873502],[121.5629045,25.0873586],[121.5628961,25.0873775],[121.5628789,25.0874175],[121.5628619,25.0874566],[121.5628598,25.0874635],[121.5628591,25.0874676],[121.5628549,25.0874853],[121.562852,25.0874973],[121.5628499,25.0875021],[121.5628483,25.087507],[121.5628397,25.0875383],[121.5628283,25.0875875],[121.5628237,25.0876071],[121.5628119,25.0876595],[121.5628074,25.0876753],[121.5628079,25.0876764],[121.5627967,25.087722],[121.5627823,25.087785],[121.5627788,25.0877992],[121.5627733,25.0878222],[121.5627705,25.0878352],[121.5627542,25.0879069],[121.562683,25.0882228],[121.5626799,25.088236],[121.5626747,25.0882579],[121.5626724,25.0883265],[121.5626715,25.0883521],[121.5626702,25.0883987],[121.5626667,25.0885079],[121.5626621,25.0886391],[121.5626598,25.0886953],[121.5626558,25.088809],[121.5626539,25.0888587],[121.5626628,25.0889437],[121.5626717,25.0890037],[121.5627277,25.089223],[121.5627782,25.0893527],[121.5627934,25.0893865],[121.5628265,25.089453],[121.5628538,25.0895018],[121.5628783,25.0895409],[121.5628811,25.0895398],[121.5629336,25.0896299],[121.5629645,25.0896782],[121.5629701,25.089687],[121.5629994,25.0897339],[121.5630234,25.0897786],[121.5630266,25.0897857],[121.5630458,25.0899134],[121.5631086,25.0900329],[121.5632467,25.0902683],[121.5632704,25.0903891],[121.5632683,25.0904445],[121.56334,25.0905472],[121.5635677,25.0907603],[121.563716,25.0908963],[121.5637234,25.090903],[121.5637654,25.0909723],[121.5638058,25.0910796],[121.5638428,25.091089],[121.563912,25.0911889],[121.5639994,25.0913916],[121.5640243,25.0914324],[121.5640678,25.0914915],[121.5641088,25.0915325],[121.5642019,25.0916502],[121.5642936,25.0916895],[121.5643827,25.0920003],[121.564441,25.0920806],[121.5644954,25.0921356],[121.5645373,25.0922125],[121.5645303,25.092397],[121.5645852,25.09246],[121.5646422,25.0925893],[121.5647783,25.0928144],[121.5649315,25.0929848],[121.5649851,25.0931024],[121.5650355,25.0932286],[121.5651167,25.0932567],[121.565183,25.0933748],[121.5652707,25.0934535],[121.5652898,25.0935424],[121.5652719,25.0936336],[121.5652898,25.0937699],[121.5653176,25.0938059],[121.5652989,25.0940529],[121.5652657,25.0941136],[121.5652739,25.0941844],[121.5652943,25.0942145],[121.5653316,25.0942358],[121.5653309,25.0942508],[121.5653161,25.0942969],[121.5653171,25.0943277],[121.5652716,25.0943616],[121.5652323,25.0944508],[121.565232,25.0944915],[121.5652506,25.0945393],[121.5652533,25.0946047],[121.5652903,25.0946814],[121.5653547,25.094874],[121.5654088,25.0950651],[121.5654332,25.0952416],[121.5654507,25.095304],[121.5654873,25.0954314],[121.565465,25.0955093],[121.5656571,25.0957468],[121.5656924,25.0957709],[121.5657685,25.0957363],[121.5658031,25.0957388],[121.5659115,25.0958052],[121.5659677,25.0958403],[121.5660054,25.0960163],[121.5661562,25.0963053],[121.5661543,25.0963181],[121.5661104,25.0963523],[121.5661133,25.0963807],[121.5660676,25.0964484],[121.5660389,25.0964707],[121.566027,25.0964924],[121.5659843,25.0965291],[121.5658813,25.0965855],[121.5657866,25.0966015],[121.5657206,25.0966252],[121.5656782,25.0966985],[121.5657198,25.0967649],[121.5657404,25.0968207],[121.5657509,25.0968641],[121.565752,25.0968786],[121.56574,25.0968814],[121.565702,25.0968912],[121.5655829,25.0969602],[121.565484,25.0969689],[121.5651003,25.0970524],[121.5649614,25.0970742],[121.5648558,25.0970599],[121.5647358,25.0970904],[121.5647167,25.0971447],[121.5646939,25.0972416],[121.5646783,25.0973175],[121.5646182,25.0975252],[121.5645474,25.0975529],[121.564433,25.0975756],[121.5643049,25.0975644],[121.5641783,25.0974999],[121.5639852,25.0974563],[121.5639866,25.0974744],[121.5640364,25.0979401],[121.5641033,25.0985296],[121.5641393,25.0985245],[121.5642457,25.0985244],[121.5644243,25.0986301],[121.5645543,25.0987861],[121.5647688,25.0988571],[121.5648629,25.0989199],[121.5649755,25.0989305],[121.5649759,25.0989305],[121.5649782,25.0989255],[121.5649842,25.0989127],[121.5651576,25.098917],[121.5654122,25.0989772],[121.5655908,25.099009],[121.5658769,25.0991023],[121.5659625,25.0991011],[121.5661606,25.0990473],[121.5662896,25.0990584],[121.5665804,25.0991343],[121.5666837,25.0991132],[121.5667069,25.0990534],[121.5668833,25.0990775],[121.5669135,25.0991063],[121.5670254,25.0991537],[121.5670698,25.0991496]],[[121.5679576,25.0833614],[121.5679572,25.0833593],[121.5679575,25.0833603],[121.5679576,25.0833614]],[[121.5679566,25.083357],[121.567956,25.0833551],[121.5679563,25.0833558],[121.5679566,25.083357]],[[121.5679549,25.0833528],[121.5679539,25.083351],[121.5679544,25.0833516],[121.5679549,25.0833528]]],[[[121.5679524,25.0833489],[121.5679512,25.0833473],[121.5679516,25.0833478],[121.5679524,25.0833489]],[[121.5679493,25.0833455],[121.5679477,25.0833441],[121.5679482,25.0833444],[121.5679493,25.0833455]],[[121.5679455,25.0833426],[121.5679438,25.0833415],[121.5679442,25.0833417],[121.5679455,25.0833426]],[[121.5679412,25.0833403],[121.5679394,25.0833395],[121.5679397,25.0833396],[121.5679412,25.0833403]]],[[[121.5679363,25.0833386],[121.5679348,25.0833382],[121.5679349,25.0833383],[121.5679363,25.0833386]]]]}},{"type":"Feature","id":257,"properties":{"sectionCode":"0458","sectionName":"西湖段二小段","districtName":"內湖區","fullName":"內湖區西湖段二小段"},"geometry":{"type":"Polygon","coordinates":[[[121.5641033,25.0985296],[121.5640364,25.0979401],[121.5639866,25.0974744],[121.5639852,25.0974563],[121.5641783,25.0974999],[121.5643049,25.0975644],[121.564433,25.0975756],[121.5645474,25.0975529],[121.5646182,25.0975252],[121.5646783,25.0973175],[121.5646939,25.0972416],[121.5647167,25.0971447],[121.5647358,25.0970904],[121.5648558,25.0970599],[121.5649614,25.0970742],[121.5651003,25.0970524],[121.565484,25.0969689],[121.5655829,25.0969602],[121.565702,25.0968912],[121.56574,25.0968814],[121.565752,25.0968786],[121.5657509,25.0968641],[121.5657404,25.0968207],[121.5657198,25.0967649],[121.5656782,25.0966985],[121.5657206,25.0966252],[121.5657866,25.0966015],[121.5658813,25.0965855],[121.5659843,25.0965291],[121.566027,25.0964924],[121.5660389,25.0964707],[121.5660676,25.0964484],[121.5661133,25.0963807],[121.5661104,25.0963523],[121.5661543,25.0963181],[121.5661562,25.0963053],[121.5660054,25.0960163],[121.5659677,25.0958403],[121.5659115,25.0958052],[121.5658031,25.0957388],[121.5657685,25.0957363],[121.5656924,25.0957709],[121.5656571,25.0957468],[121.565465,25.0955093],[121.5654873,25.0954314],[121.5654507,25.095304],[121.5654332,25.0952416],[121.5654088,25.0950651],[121.5653547,25.094874],[121.5652903,25.0946814],[121.5652533,25.0946047],[121.5652506,25.0945393],[121.565232,25.0944915],[121.5652323,25.0944508],[121.5652716,25.0943616],[121.5653171,25.0943277],[121.5653161,25.0942969],[121.5653309,25.0942508],[121.5653316,25.0942358],[121.5652943,25.0942145],[121.5652739,25.0941844],[121.5652657,25.0941136],[121.5652989,25.0940529],[121.5653176,25.0938059],[121.5652898,25.0937699],[121.5652719,25.0936336],[121.5652898,25.0935424],[121.5652707,25.0934535],[121.565183,25.0933748],[121.5651167,25.0932567],[121.5650355,25.0932286],[121.5649851,25.0931024],[121.5649315,25.0929848],[121.5647783,25.0928144],[121.5646422,25.0925893],[121.5645852,25.09246],[121.5645303,25.092397],[121.5645373,25.0922125],[121.5644954,25.0921356],[121.564441,25.0920806],[121.5643827,25.0920003],[121.5642936,25.0916895],[121.5642019,25.0916502],[121.5641088,25.0915325],[121.5640678,25.0914915],[121.5640243,25.0914324],[121.5639994,25.0913916],[121.563912,25.0911889],[121.5638428,25.091089],[121.5638058,25.0910796],[121.5637654,25.0909723],[121.5637234,25.090903],[121.563716,25.0908963],[121.5635677,25.0907603],[121.56334,25.0905472],[121.5632683,25.0904445],[121.5632704,25.0903891],[121.5632467,25.0902683],[121.5631086,25.0900329],[121.5630458,25.0899134],[121.5630266,25.0897857],[121.5630234,25.0897786],[121.5629994,25.0897339],[121.5629701,25.089687],[121.5629645,25.0896782],[121.5629336,25.0896299],[121.5628811,25.0895398],[121.5628783,25.0895409],[121.5628538,25.0895018],[121.5628265,25.089453],[121.5627934,25.0893865],[121.5627782,25.0893527],[121.5627277,25.089223],[121.5626717,25.0890037],[121.5626628,25.0889437],[121.5626539,25.0888587],[121.5626558,25.088809],[121.5626598,25.0886953],[121.5626621,25.0886391],[121.5626667,25.0885079],[121.5626702,25.0883987],[121.5626715,25.0883521],[121.5626724,25.0883265],[121.5626747,25.0882579],[121.5626799,25.088236],[121.562683,25.0882228],[121.5627542,25.0879069],[121.5627705,25.0878352],[121.5627733,25.0878222],[121.5627788,25.0877992],[121.5627823,25.087785],[121.5627967,25.087722],[121.5628079,25.0876764],[121.5628074,25.0876753],[121.5628119,25.0876595],[121.5628237,25.0876071],[121.5628283,25.0875875],[121.5628397,25.0875383],[121.5628483,25.087507],[121.5628499,25.0875021],[121.562852,25.0874973],[121.5628549,25.0874853],[121.5628591,25.0874676],[121.5628598,25.0874635],[121.5628619,25.0874566],[121.5628789,25.0874175],[121.5628961,25.0873775],[121.5629045,25.0873586],[121.5629082,25.0873502],[121.5629117,25.0873411],[121.562942,25.0872711],[121.5629552,25.0871301],[121.5629418,25.0870486],[121.5629414,25.0870445],[121.5629417,25.0870404],[121.5629428,25.0870364],[121.5629446,25.0870326],[121.562947,25.0870291],[121.5629501,25.0870261],[121.5629382,25.0869834],[121.5629406,25.0869547],[121.5629343,25.0869491],[121.5629291,25.0869428],[121.5629251,25.0869358],[121.5629222,25.0869283],[121.5629161,25.0868923],[121.5629045,25.0868214],[121.5628506,25.0867449],[121.5628108,25.0866881],[121.5627895,25.0866439],[121.5627075,25.0864809],[121.5627074,25.0864807],[121.5625895,25.0862462],[121.5625866,25.0862405],[121.5625676,25.0862022],[121.5625669,25.0862012],[121.5625601,25.0861912],[121.5624111,25.0859711],[121.5622774,25.0857705],[121.5622522,25.0857427],[121.5622516,25.0857419],[121.5622419,25.085731],[121.5622413,25.0857303],[121.5619725,25.0854194],[121.5618933,25.0853279],[121.5618211,25.0852433],[121.5618206,25.0852426],[121.5616867,25.0850832],[121.5616862,25.0850827],[121.561606,25.0849844],[121.5616056,25.0849838],[121.5614677,25.084813],[121.5613715,25.0846952],[121.5613707,25.0846948],[121.561367,25.0846933],[121.5612026,25.0846228],[121.5611391,25.0845956],[121.5607772,25.0844376],[121.5607771,25.0844376],[121.5607293,25.0844544],[121.5606747,25.0844737],[121.5606427,25.084485],[121.5606029,25.0844995],[121.5605904,25.0845041],[121.5605003,25.084537],[121.5604602,25.0845503],[121.5603523,25.0845894],[121.5602438,25.0846295],[121.5601438,25.0846662],[121.5600984,25.0846837],[121.559933,25.0847381],[121.559913,25.0847425],[121.5598583,25.0847538],[121.5598511,25.0847553],[121.5598184,25.0847618],[121.5597701,25.0847718],[121.5596724,25.0847929],[121.5596511,25.0847976],[121.5594369,25.084843],[121.559168,25.0849011],[121.5591393,25.0849071],[121.5591106,25.0849117],[121.55902,25.0849188],[121.5589701,25.0849181],[121.5588905,25.08491],[121.5588128,25.0848925],[121.5587486,25.0848704],[121.5587083,25.0848529],[121.5585735,25.0847858],[121.5585462,25.0847725],[121.5585193,25.0847595],[121.5583139,25.0846633],[121.5582842,25.0846496],[121.5581292,25.0845778],[121.5579032,25.0844797],[121.5578769,25.0844683],[121.5578763,25.0844681],[121.5578757,25.0844725],[121.5578703,25.0845073],[121.5578649,25.0845417],[121.5578206,25.0846417],[121.5578203,25.0846418],[121.557772,25.0846565],[121.5577718,25.0846569],[121.5577514,25.0847139],[121.5577437,25.0847364],[121.5577059,25.0848476],[121.557706,25.0848489],[121.5577073,25.0848641],[121.5577153,25.0849546],[121.5577099,25.0850357],[121.5576736,25.0851761],[121.5576638,25.0852139],[121.5576707,25.0852645],[121.5576567,25.0852832],[121.5575907,25.0853039],[121.5572904,25.0855746],[121.5572431,25.085616],[121.5570212,25.0858394],[121.5568666,25.0862094],[121.5568384,25.0862767],[121.5568375,25.086279],[121.556855,25.0864779],[121.5568346,25.0868235],[121.5568453,25.0870231],[121.5568943,25.0872207],[121.5569092,25.0872801],[121.5571074,25.0875168],[121.5572382,25.08771],[121.5573494,25.0878709],[121.5573137,25.0878836],[121.5568127,25.0880608],[121.5566171,25.0880782],[121.5565152,25.0881464],[121.5563993,25.0881528],[121.5562714,25.0881757],[121.5557962,25.0882652],[121.5557779,25.0882722],[121.5557779,25.0882722],[121.5553584,25.0884333],[121.5550881,25.0884653],[121.5550192,25.0885125],[121.5549313,25.0885708],[121.5547859,25.0886672],[121.5547282,25.0887563],[121.5544464,25.0889269],[121.5544435,25.0889291],[121.5543151,25.0890397],[121.5542621,25.0890847],[121.5541223,25.0892042],[121.5541213,25.0892076],[121.5540735,25.0893782],[121.5540715,25.0893821],[121.5539539,25.0896152],[121.553833,25.0897192],[121.5536589,25.0898229],[121.5533709,25.0899616],[121.5532755,25.0900076],[121.5532133,25.0901346],[121.5529569,25.0906534],[121.5528486,25.0908684],[121.5528285,25.0909083],[121.5528131,25.0909387],[121.5527654,25.0910367],[121.5525567,25.0913259],[121.5524135,25.0914297],[121.5523038,25.0915451],[121.5522111,25.091659],[121.5521834,25.0917764],[121.5520171,25.0920449],[121.5520591,25.0921011],[121.5521004,25.0921546],[121.5522536,25.0923758],[121.5523449,25.0923491],[121.5523454,25.0923489],[121.5523478,25.0923482],[121.5523522,25.0923469],[121.5523568,25.0923467],[121.5525289,25.0923379],[121.5527149,25.0923288],[121.5529199,25.0923452],[121.5529339,25.0923465],[121.5529504,25.0923479],[121.5529737,25.0923498],[121.5530106,25.0923529],[121.5530402,25.0923552],[121.553084,25.0923593],[121.5531498,25.092365],[121.5533759,25.0924119],[121.5534023,25.0924174],[121.5535466,25.0924473],[121.5535728,25.0924528],[121.5536633,25.0924562],[121.5538114,25.0924618],[121.5539175,25.0924658],[121.553943,25.0924667],[121.5542238,25.0925486],[121.5544085,25.0926239],[121.5544441,25.0926533],[121.5544814,25.0927442],[121.5545173,25.0928317],[121.554491,25.0929767],[121.5544692,25.0932444],[121.5544613,25.0933513],[121.5544364,25.0936884],[121.5544364,25.0936885],[121.5544346,25.0937129],[121.5544343,25.0937167],[121.554492,25.0937991],[121.5545403,25.0938683],[121.554564,25.0939021],[121.5545651,25.0939039],[121.5545736,25.0939176],[121.554575,25.0939182],[121.5546071,25.0939306],[121.5546243,25.0939373],[121.5548034,25.0940069],[121.5548077,25.094007],[121.5548689,25.0940088],[121.5551027,25.0940158],[121.5552332,25.0940345],[121.5552367,25.094035],[121.5553783,25.0940941],[121.5554494,25.0941238],[121.5554546,25.0941251],[121.5555867,25.0941605],[121.5555875,25.094161],[121.5557921,25.0942761],[121.5558353,25.0943004],[121.556104,25.0944876],[121.5564632,25.094694],[121.5564583,25.0947199],[121.556536,25.0947964],[121.556552,25.0948759],[121.5565865,25.0949928],[121.5566502,25.0950958],[121.5566535,25.0951869],[121.5566572,25.0952908],[121.5566843,25.0953358],[121.5567072,25.0954304],[121.5567482,25.0955128],[121.5567881,25.0955735],[121.5567583,25.0957621],[121.556796,25.0958823],[121.5568299,25.0959452],[121.5568537,25.0960938],[121.5570105,25.0961493],[121.5570128,25.0961501],[121.5571113,25.0961609],[121.5572878,25.0960961],[121.5573451,25.0960819],[121.5574408,25.0960508],[121.5578182,25.0961093],[121.5577451,25.0962374],[121.5577572,25.0965689],[121.5577806,25.0965862],[121.5577845,25.0966091],[121.5577895,25.0966386],[121.5578728,25.0968039],[121.5578293,25.0968428],[121.5578002,25.0970321],[121.5578434,25.0971221],[121.5578656,25.0971685],[121.5578607,25.0971772],[121.5578379,25.0972173],[121.5578407,25.0972797],[121.5579088,25.0973728],[121.5579687,25.0974546],[121.5579709,25.0974557],[121.5581139,25.0975286],[121.5582384,25.0976504],[121.558337,25.0978794],[121.5583675,25.0980055],[121.5583783,25.0980317],[121.5583908,25.0980518],[121.5584233,25.0981941],[121.5585169,25.0983484],[121.5587178,25.0985878],[121.5587203,25.098586],[121.5588378,25.0985005],[121.5589509,25.0984824],[121.5590172,25.0984718],[121.5590178,25.0984717],[121.5590664,25.0984076],[121.559288,25.0981154],[121.5593655,25.0981248],[121.559498,25.0981407],[121.5595038,25.0981414],[121.559584,25.0981712],[121.5596057,25.0981793],[121.559641,25.0981818],[121.5596523,25.0981825],[121.5596528,25.0981826],[121.5597914,25.0981444],[121.5599371,25.098104],[121.5600129,25.098095],[121.5600595,25.0980894],[121.560143,25.0980947],[121.5601648,25.0980947],[121.5601671,25.098096],[121.5602049,25.0981172],[121.5602668,25.0981518],[121.5604303,25.0982948],[121.5604644,25.0983246],[121.5604646,25.0983243],[121.5605374,25.0982012],[121.5607307,25.0981258],[121.5608621,25.0980959],[121.5609017,25.0980859],[121.5609829,25.0980654],[121.561037,25.098052],[121.5610921,25.0980385],[121.5611394,25.0980167],[121.5612294,25.0979642],[121.5612372,25.0979597],[121.5613214,25.0979254],[121.5614232,25.0979327],[121.5615129,25.0979153],[121.5616112,25.0979228],[121.5616187,25.0979233],[121.5617074,25.0979098],[121.561713,25.0979081],[121.5617254,25.0979045],[121.5618591,25.0979006],[121.5619041,25.0978973],[121.5619198,25.0978961],[121.5620474,25.0978945],[121.5620661,25.0978964],[121.5621047,25.0979],[121.5621439,25.0979036],[121.5621856,25.0979475],[121.5622597,25.0980265],[121.56226,25.0980267],[121.562269,25.0980337],[121.5623101,25.0980655],[121.562394,25.0980999],[121.5624971,25.0981543],[121.5626543,25.0982735],[121.5627015,25.0982875],[121.5627038,25.0982882],[121.5627039,25.0982883],[121.5629501,25.0985576],[121.5629524,25.0985573],[121.5630484,25.0985447],[121.5632464,25.0984864],[121.5632494,25.0984869],[121.5633406,25.0985012],[121.5634806,25.0985233],[121.5635951,25.0985413],[121.5635971,25.0985421],[121.5637099,25.0985904],[121.5638425,25.0985702],[121.5638861,25.0985636],[121.5640761,25.0985337],[121.5641033,25.0985296]]]}},{"type":"Feature","id":258,"properties":{"sectionCode":"0460","sectionName":"康寧段一小段","districtName":"內湖區","fullName":"內湖區康寧段一小段"},"geometry":{"type":"Polygon","coordinates":[[[121.6054269,25.087086],[121.6055145,25.0867655],[121.6056165,25.0867278],[121.6057004,25.0866768],[121.6058677,25.0865095],[121.6058267,25.0864904],[121.6058424,25.086445],[121.6060367,25.0863319],[121.6060442,25.0863413],[121.6061412,25.0863184],[121.6059704,25.0860898],[121.6059135,25.0860512],[121.6058117,25.0859379],[121.6056917,25.0858494],[121.605553,25.0857701],[121.6052911,25.0856443],[121.6051586,25.0855573],[121.6050435,25.0854865],[121.6049551,25.0854332],[121.6049156,25.0854065],[121.6047866,25.0855686],[121.604774,25.0855616],[121.6047696,25.0855685],[121.6047608,25.0855806],[121.6045548,25.0855048],[121.604422,25.0854001],[121.6043533,25.0853272],[121.6042825,25.0852398],[121.604242,25.0851625],[121.6041325,25.0852124],[121.604125,25.0852165],[121.604071,25.0851368],[121.6040424,25.0850909],[121.6040251,25.0850459],[121.6040234,25.0850419],[121.604033,25.0849627],[121.6040473,25.0849221],[121.6040741,25.084891],[121.6041336,25.084822],[121.6041879,25.0847885],[121.6042806,25.0847564],[121.6043566,25.0847562],[121.6044045,25.0847291],[121.6044059,25.0847241],[121.6044152,25.0846921],[121.6043864,25.0846405],[121.6043934,25.0846202],[121.6044123,25.0845921],[121.6044864,25.0844768],[121.6046992,25.0843614],[121.6046992,25.0843614],[121.6047044,25.0843586],[121.6047045,25.0843585],[121.6047533,25.0842999],[121.6047554,25.0842974],[121.6048529,25.08422],[121.6048918,25.0841483],[121.6048494,25.0840498],[121.604806,25.0839916],[121.604771,25.0839837],[121.6046789,25.0839075],[121.6046113,25.0838655],[121.6044518,25.0837083],[121.6044127,25.0836626],[121.6043945,25.0836605],[121.6043929,25.0836604],[121.6043933,25.0836903],[121.6043934,25.0836939],[121.6043388,25.0836338],[121.6043102,25.0835653],[121.6043114,25.0835626],[121.6043726,25.0834245],[121.6044084,25.0833448],[121.6044632,25.0833107],[121.6045614,25.0833142],[121.6046692,25.0832583],[121.6046695,25.0832578],[121.6047262,25.0831292],[121.6047438,25.0830897],[121.6047547,25.0829431],[121.6047817,25.0828499],[121.6047822,25.0828483],[121.6046229,25.0828679],[121.6045497,25.0828769],[121.6044298,25.0828917],[121.6044281,25.0828919],[121.6043597,25.0828193],[121.604262,25.0827447],[121.6042515,25.0827456],[121.6042482,25.0827459],[121.6041248,25.0828686],[121.6041014,25.0829314],[121.6040932,25.0829327],[121.6037857,25.0829827],[121.6036745,25.0830008],[121.6032619,25.0831178],[121.6032605,25.0831182],[121.6032156,25.0830059],[121.6031279,25.0828886],[121.6031304,25.0828821],[121.6031361,25.0828672],[121.6031363,25.0828666],[121.603208,25.0828017],[121.6032076,25.0827808],[121.6032074,25.0827711],[121.6032227,25.0827646],[121.6032585,25.0827493],[121.6032594,25.0827489],[121.603282,25.0827197],[121.6032896,25.0827098],[121.60329,25.0827093],[121.6033133,25.0826631],[121.6033067,25.0826078],[121.6033065,25.0826074],[121.6032193,25.0823907],[121.6032026,25.0823768],[121.6030013,25.0824092],[121.6030009,25.0824085],[121.6029412,25.0823195],[121.602908,25.0822947],[121.6028915,25.0822824],[121.6027718,25.0823238],[121.6027186,25.0823423],[121.6025819,25.0824131],[121.6025811,25.0824135],[121.6024071,25.082446],[121.602406,25.0824461],[121.6022841,25.0824562],[121.6022853,25.0824383],[121.6022924,25.0823276],[121.6023084,25.0821431],[121.6023541,25.082142],[121.6023701,25.0821417],[121.6023703,25.0821412],[121.6023996,25.0820809],[121.6025169,25.0820832],[121.6025312,25.0820713],[121.6025872,25.0820239],[121.6026074,25.0819852],[121.6026223,25.0818549],[121.6025971,25.0817216],[121.6026785,25.0815117],[121.6026621,25.0814429],[121.6026329,25.0814226],[121.6026265,25.0814181],[121.6026193,25.0814202],[121.6025489,25.0814407],[121.6024911,25.0814793],[121.6024887,25.0814809],[121.6024399,25.0815649],[121.6024526,25.0816815],[121.6024261,25.0817306],[121.6023855,25.0817447],[121.6023752,25.0817458],[121.6023483,25.0817488],[121.6023888,25.0813464],[121.6023399,25.081342],[121.6023347,25.0813416],[121.6022163,25.0813306],[121.6019845,25.0813107],[121.602,25.0813327],[121.6020014,25.0813346],[121.6019991,25.0813349],[121.6019937,25.0813468],[121.6019936,25.0813467],[121.601934,25.0812614],[121.6019033,25.0811802],[121.6019253,25.0811181],[121.6019719,25.0810692],[121.6019651,25.0810474],[121.601907,25.0810582],[121.6017998,25.0810795],[121.601707,25.0810855],[121.6016493,25.0811211],[121.6016164,25.0811686],[121.6015539,25.0811926],[121.6014481,25.0812128],[121.6014185,25.0812185],[121.6013639,25.0812721],[121.6013136,25.081308],[121.6012151,25.0813402],[121.6010748,25.0813637],[121.6008174,25.0813496],[121.6007024,25.0813613],[121.6005954,25.0814224],[121.6004472,25.0813973],[121.600382,25.0814213],[121.6003269,25.0814415],[121.6002483,25.0814299],[121.600173,25.0814189],[121.6001531,25.0814025],[121.6001177,25.0813816],[121.6001101,25.0813788],[121.6000493,25.0813821],[121.6000428,25.0813832],[121.5998909,25.0814216],[121.5997907,25.081447],[121.5997397,25.0814757],[121.5997228,25.0814897],[121.5996175,25.0815774],[121.5996153,25.08158],[121.5995243,25.0816904],[121.5995015,25.0817181],[121.5994575,25.0818036],[121.5994513,25.0818157],[121.5994439,25.0818237],[121.5994177,25.0818599],[121.599383,25.0819072],[121.599333,25.0819757],[121.5993299,25.0819895],[121.5993189,25.0820285],[121.5992965,25.0821115],[121.5992736,25.0821546],[121.5991431,25.0823956],[121.5990014,25.0825081],[121.5989594,25.0826205],[121.598969,25.0826394],[121.5991228,25.0826739],[121.5992044,25.0827862],[121.5992741,25.0828832],[121.5993002,25.0831538],[121.5993218,25.0831549],[121.5993302,25.0832014],[121.5993089,25.0832064],[121.5993268,25.0833277],[121.599351,25.0833354],[121.599365,25.0833813],[121.5993465,25.0833986],[121.5993524,25.0834435],[121.599356,25.0834716],[121.5993733,25.0834712],[121.5994076,25.0834322],[121.5994815,25.0835298],[121.5995123,25.0835704],[121.5995871,25.0836389],[121.5996082,25.0836761],[121.5995787,25.0837152],[121.5996272,25.0838877],[121.5996421,25.0839066],[121.5997129,25.0839326],[121.5997464,25.0839687],[121.599753,25.0839728],[121.5997973,25.0839998],[121.5997914,25.0840298],[121.5998887,25.084112],[121.5999353,25.0842181],[121.5999381,25.0842591],[121.5999393,25.0842763],[121.5999404,25.0842908],[121.5999062,25.0843235],[121.5998948,25.0843566],[121.599891,25.0843677],[121.5999211,25.0843964],[121.5999731,25.0843798],[121.6000373,25.084327],[121.6000558,25.0843119],[121.6001455,25.0843089],[121.6001852,25.0843229],[121.6002556,25.0843479],[121.6003368,25.0843762],[121.6003743,25.0843889],[121.600421,25.0844051],[121.6004727,25.0844205],[121.6004962,25.0844237],[121.6005674,25.0844225],[121.6005848,25.084422],[121.6006655,25.0844203],[121.600749,25.0844116],[121.600774,25.0844118],[121.6008251,25.0844133],[121.6007607,25.0844288],[121.6008452,25.0844386],[121.6008219,25.0844703],[121.6007281,25.0844757],[121.6007435,25.0845179],[121.6006198,25.0845523],[121.6005798,25.0845637],[121.6006553,25.0847182],[121.600656,25.0847195],[121.6007313,25.0848833],[121.6007322,25.0848853],[121.6006805,25.0848882],[121.6006697,25.0848888],[121.6006661,25.084889],[121.6006566,25.0849154],[121.6007003,25.0849321],[121.6007014,25.0849325],[121.6007301,25.0849431],[121.6007653,25.0849937],[121.6007948,25.0851107],[121.6008435,25.0851936],[121.6008629,25.0852671],[121.600866,25.0852787],[121.6008609,25.0852884],[121.6008609,25.0852884],[121.6009029,25.0853818],[121.6009333,25.0854416],[121.6009333,25.0854416],[121.6010098,25.0855573],[121.6010098,25.0855573],[121.6010142,25.085563],[121.6010143,25.085563],[121.6010218,25.0855724],[121.6010295,25.0855817],[121.6010295,25.0855817],[121.6010691,25.0856263],[121.6011358,25.0856903],[121.601209,25.0857481],[121.6012874,25.0857989],[121.6013708,25.0858427],[121.6015679,25.0859329],[121.6015779,25.0859374],[121.6015839,25.0859407],[121.6015893,25.0859449],[121.6015938,25.0859497],[121.6015975,25.0859552],[121.6016002,25.0859611],[121.6016019,25.0859673],[121.6016024,25.0859737],[121.6016034,25.0859643],[121.6017219,25.0859782],[121.6017219,25.0859783],[121.6017128,25.0860229],[121.6017103,25.0860353],[121.6017103,25.0860352],[121.601747,25.085988],[121.6017671,25.0859621],[121.6017906,25.0859319],[121.6017985,25.0858591],[121.6018153,25.0858485],[121.6018649,25.0858172],[121.6018649,25.0858172],[121.6018356,25.0859359],[121.6018134,25.0859921],[121.6018133,25.0859922],[121.6017963,25.0860351],[121.6017698,25.086102],[121.6018991,25.0861206],[121.6019343,25.0861257],[121.601944,25.0861271],[121.6020171,25.0861551],[121.6020378,25.0861573],[121.6020384,25.0861851],[121.6020066,25.0862055],[121.6020018,25.086222],[121.6019922,25.0862512],[121.601976,25.0863086],[121.6019576,25.0863436],[121.6018763,25.0865219],[121.6018434,25.0866753],[121.6018214,25.0867232],[121.6018057,25.0868312],[121.6018032,25.0868386],[121.6018947,25.0868475],[121.6019888,25.086819],[121.6021068,25.0867833],[121.6021752,25.0867622],[121.6022868,25.0868422],[121.6023232,25.0868572],[121.6023243,25.0868586],[121.6023612,25.0869069],[121.602367,25.0869145],[121.6023934,25.086949],[121.6023934,25.0869501],[121.6023927,25.086967],[121.6023953,25.086963],[121.6024182,25.0869283],[121.6024492,25.0868814],[121.6025934,25.0869026],[121.6026548,25.0869632],[121.6026969,25.0870047],[121.6028511,25.0871561],[121.6029501,25.0872199],[121.6030034,25.0873892],[121.6031001,25.0874591],[121.6031838,25.0875205],[121.6032149,25.08777],[121.6032964,25.0878422],[121.6034186,25.0879869],[121.6034624,25.0880389],[121.6034712,25.0880638],[121.6035002,25.0881442],[121.6035578,25.0883039],[121.6036693,25.0884142],[121.6037954,25.0885081],[121.6038052,25.0885116],[121.603876,25.0885367],[121.6038782,25.0885357],[121.6040057,25.0884806],[121.6042738,25.0882674],[121.6046255,25.0881139],[121.6046643,25.088052],[121.6046705,25.0880512],[121.6047038,25.0880475],[121.6047436,25.088043],[121.6047721,25.0880119],[121.604795,25.0878964],[121.6048173,25.0878864],[121.6051502,25.087725],[121.6052817,25.0877021],[121.605352,25.0876567],[121.6053651,25.0874625],[121.6053704,25.0874096],[121.6053794,25.0873184],[121.6053813,25.0872988],[121.6053847,25.087265],[121.6054174,25.0872058],[121.605426,25.0870974],[121.6054269,25.087086]]]}},{"type":"Feature","id":259,"properties":{"sectionCode":"0461","sectionName":"康寧段二小段","districtName":"內湖區","fullName":"內湖區康寧段二小段"},"geometry":{"type":"Polygon","coordinates":[[[121.589569,25.0956013],[121.5897409,25.0955162],[121.5897651,25.0955041],[121.589893,25.0955079],[121.5900546,25.0955123],[121.5901444,25.0955434],[121.5902262,25.0955436],[121.5903694,25.0955035],[121.5903712,25.0955038],[121.5903714,25.0955038],[121.5903827,25.0955043],[121.590469,25.0955074],[121.590576,25.0955452],[121.5910396,25.0955018],[121.5910405,25.0955019],[121.5910581,25.0955029],[121.5911209,25.0955065],[121.5911271,25.09551],[121.5911719,25.0955351],[121.5912318,25.0955648],[121.5912487,25.0955731],[121.591627,25.095676],[121.5916285,25.0956764],[121.592053,25.0956602],[121.5924049,25.0956081],[121.5924117,25.0955458],[121.5924195,25.0954752],[121.5924203,25.0954732],[121.5924748,25.0953408],[121.5925224,25.0952253],[121.5925227,25.0952253],[121.5925405,25.0952245],[121.5928767,25.0951355],[121.5929688,25.0951111],[121.5929711,25.0951112],[121.5930327,25.0951133],[121.5931714,25.0950261],[121.5931719,25.0950254],[121.5933293,25.0948262],[121.5933461,25.0947269],[121.593638,25.0946715],[121.5937587,25.0946061],[121.5938916,25.0945891],[121.593956,25.0944475],[121.5939665,25.0944246],[121.594051,25.0942834],[121.5943336,25.0940051],[121.594343,25.0939205],[121.5944541,25.0938002],[121.5946283,25.0937965],[121.5947566,25.0936483],[121.5949079,25.0935942],[121.5949458,25.0936041],[121.5950885,25.0935603],[121.5951513,25.0935413],[121.5951821,25.0934851],[121.595501,25.0934455],[121.5964835,25.0929524],[121.5963789,25.0926992],[121.59635,25.0926287],[121.5964242,25.0925496],[121.5964243,25.0925491],[121.5964263,25.0925414],[121.5964332,25.0925151],[121.5964337,25.0925133],[121.5964481,25.0924896],[121.5964588,25.0924719],[121.5964586,25.0924715],[121.5964429,25.0924454],[121.5964415,25.0924431],[121.5965075,25.0924363],[121.5965599,25.0923452],[121.5966644,25.0922432],[121.5969144,25.0919988],[121.5969637,25.091965],[121.5970372,25.0919479],[121.5970733,25.0919318],[121.5971649,25.0918909],[121.5973058,25.0917943],[121.5974039,25.091668],[121.5973644,25.0916217],[121.5973395,25.0915831],[121.5973312,25.0915703],[121.5973193,25.0915603],[121.5972798,25.0915275],[121.5972796,25.0915274],[121.5972304,25.0915228],[121.5972286,25.0915226],[121.5971515,25.0914485],[121.5971426,25.09144],[121.5971417,25.0914393],[121.5970571,25.0913751],[121.5969722,25.0913034],[121.5968855,25.0912595],[121.5967928,25.0911994],[121.5967046,25.0911345],[121.5965763,25.09104],[121.5965458,25.0909923],[121.5965446,25.0909905],[121.5965496,25.0909439],[121.5965658,25.0908026],[121.5967159,25.09076],[121.5968009,25.0907358],[121.5968232,25.0907295],[121.5969231,25.0907127],[121.5970425,25.0906671],[121.5970992,25.0906348],[121.5971762,25.0905573],[121.5972742,25.0905061],[121.5973215,25.0904945],[121.5974408,25.0904165],[121.5975485,25.0902891],[121.5976019,25.0902198],[121.5976618,25.0900862],[121.5976655,25.0899536],[121.5976413,25.0898992],[121.5976722,25.0898176],[121.5976978,25.0897571],[121.5977843,25.0896844],[121.5977875,25.0896841],[121.5978922,25.0896722],[121.598053,25.0896847],[121.5981631,25.089709],[121.5982245,25.0897295],[121.5982654,25.0897269],[121.5982676,25.0897268],[121.5983126,25.0896914],[121.5983534,25.0896434],[121.5983545,25.0896068],[121.5983557,25.0895705],[121.5983284,25.0895089],[121.598317,25.0894814],[121.5982422,25.089176],[121.5982372,25.0891634],[121.5981918,25.0890408],[121.5981734,25.0889932],[121.5981597,25.0887367],[121.5981597,25.0887366],[121.5981888,25.0885921],[121.5981733,25.0885639],[121.5981477,25.0885175],[121.5980178,25.0884007],[121.5978844,25.0883419],[121.5978043,25.0883146],[121.5978041,25.0883143],[121.5977647,25.0882648],[121.5977533,25.0882504],[121.5977527,25.0882497],[121.5977281,25.0882426],[121.5977193,25.08824],[121.597712,25.088237],[121.597669,25.0882188],[121.5976688,25.0882187],[121.5976724,25.088213],[121.5976761,25.0882077],[121.5976797,25.0882025],[121.5976794,25.0882023],[121.5976493,25.0881776],[121.5976571,25.0881431],[121.597679,25.0880488],[121.5976478,25.0879284],[121.5976367,25.0879098],[121.5976261,25.0878908],[121.5975956,25.08786],[121.5975344,25.0877979],[121.597523,25.0877855],[121.5973848,25.0876337],[121.5972565,25.0875631],[121.5972316,25.0875595],[121.5972167,25.0875573],[121.5971906,25.0875535],[121.5971879,25.0875531],[121.597027,25.0874777],[121.5970269,25.0874777],[121.5969452,25.0874394],[121.5969379,25.0874386],[121.596919,25.0874365],[121.5968487,25.0874277],[121.5968378,25.0874242],[121.5967514,25.0873949],[121.5966662,25.0872428],[121.5966677,25.0872424],[121.5967076,25.0872327],[121.5967093,25.0872323],[121.5967603,25.0872194],[121.5967897,25.0871976],[121.5968627,25.0871437],[121.5967926,25.0870495],[121.596752,25.0869231],[121.5967474,25.086885],[121.5967397,25.0868262],[121.5968525,25.0866889],[121.5969235,25.0865635],[121.5969339,25.0864908],[121.5970396,25.0862532],[121.5970706,25.0860642],[121.5970718,25.0859883],[121.5970655,25.0859438],[121.5970556,25.0858738],[121.5971319,25.0855433],[121.5971318,25.0855424],[121.5971187,25.0852837],[121.5971184,25.0852822],[121.5970657,25.0850274],[121.5970612,25.0850061],[121.5970668,25.0850019],[121.5970777,25.0849938],[121.5971103,25.0849689],[121.5971789,25.0849166],[121.5972235,25.0848555],[121.5972258,25.0847928],[121.5972739,25.0847293],[121.5972742,25.0847289],[121.5972205,25.0847223],[121.5971313,25.0847111],[121.5969274,25.0846853],[121.5968284,25.0846711],[121.5966291,25.0846393],[121.5965098,25.0846201],[121.5964017,25.084601],[121.5961055,25.0845439],[121.5959813,25.0845181],[121.5959038,25.0845017],[121.59553,25.0844159],[121.5954777,25.0844031],[121.5954326,25.0843927],[121.5953297,25.0843793],[121.5952258,25.0843802],[121.5951232,25.0843951],[121.5950242,25.0844238],[121.5949353,25.0844634],[121.5948638,25.0845012],[121.5948472,25.0845099],[121.5947518,25.0845628],[121.5947273,25.0845744],[121.5946835,25.084596],[121.5945886,25.0846376],[121.5945294,25.0846644],[121.594454,25.0846947],[121.5944459,25.084698],[121.5944225,25.0847062],[121.5943616,25.0847277],[121.5943162,25.0847437],[121.594295,25.0847499],[121.594277,25.0847556],[121.5941477,25.0847936],[121.5940916,25.0848074],[121.5940479,25.084818],[121.5939898,25.0848327],[121.5939074,25.0848491],[121.5937723,25.0848743],[121.5937621,25.0848761],[121.5937422,25.0848799],[121.5936642,25.0848936],[121.5936256,25.0849002],[121.5936174,25.0849015],[121.5934144,25.0849351],[121.5931278,25.0849804],[121.5931135,25.0849829],[121.5930918,25.0849889],[121.5929944,25.085014],[121.5927327,25.0850727],[121.5927141,25.0850767],[121.5926704,25.0850866],[121.592649,25.0850911],[121.5926315,25.0850948],[121.5926267,25.085115],[121.5926236,25.0851278],[121.5925923,25.0852742],[121.5925802,25.0853328],[121.5925764,25.0853518],[121.5925755,25.0853599],[121.5925751,25.0853923],[121.5925725,25.085396],[121.5925249,25.0854563],[121.5926168,25.085404],[121.5926332,25.0854049],[121.5926368,25.0854081],[121.5926262,25.0854265],[121.5925845,25.0854967],[121.5925587,25.0855403],[121.592533,25.0855836],[121.5925068,25.0856275],[121.5924963,25.0856423],[121.5924787,25.0856692],[121.5924534,25.0857127],[121.5924286,25.0857558],[121.5924034,25.0857998],[121.592378,25.0858437],[121.5923532,25.0858875],[121.5923284,25.0859311],[121.5923038,25.0859752],[121.5922262,25.0861114],[121.5922063,25.0861471],[121.5922296,25.0861564],[121.5922295,25.0861564],[121.5922234,25.0861598],[121.5921916,25.0861721],[121.592191,25.0861731],[121.5921796,25.0861931],[121.5921742,25.0862033],[121.5921467,25.0862023],[121.5919605,25.0861959],[121.5915111,25.086193],[121.5915002,25.086193],[121.5914995,25.086193],[121.591495,25.0861933],[121.591466,25.0862028],[121.5914438,25.0862158],[121.591435,25.0862261],[121.5914348,25.0862264],[121.5914331,25.0862336],[121.5914305,25.0862446],[121.5914304,25.0862451],[121.591439,25.0864605],[121.5914391,25.0864615],[121.591438,25.0865025],[121.5914377,25.0865145],[121.5914365,25.0865617],[121.5914232,25.0866818],[121.5914231,25.0866824],[121.5914218,25.0866907],[121.5913944,25.0868568],[121.59139,25.0868729],[121.591389,25.0868767],[121.5913799,25.0869113],[121.5913763,25.0869229],[121.5913479,25.087016],[121.5912837,25.0872133],[121.5912815,25.08722],[121.5912791,25.0872274],[121.591277,25.0872336],[121.5912386,25.0873521],[121.5912138,25.0873817],[121.5910933,25.0875288],[121.5910651,25.0875873],[121.591058,25.0876033],[121.5910433,25.0876375],[121.5910306,25.0876871],[121.5910253,25.0877488],[121.591021,25.0878036],[121.5910192,25.087843],[121.5910173,25.0878798],[121.59101,25.0879338],[121.590996,25.0879885],[121.5909641,25.0880758],[121.5909504,25.0881091],[121.590868,25.0882373],[121.5908351,25.0882889],[121.5908208,25.0883036],[121.5908058,25.0883169],[121.5907169,25.088386],[121.5906988,25.0883969],[121.5906547,25.0884205],[121.5905841,25.0884516],[121.5905393,25.0884709],[121.5904905,25.0884985],[121.5904296,25.0885408],[121.5903235,25.0886566],[121.5902932,25.0886831],[121.5902684,25.0887],[121.590192,25.0887362],[121.5900854,25.0887735],[121.590043,25.0887772],[121.5900181,25.0887796],[121.5899963,25.0887801],[121.5899754,25.0887851],[121.5899578,25.0887905],[121.5899459,25.0887941],[121.5899161,25.0888073],[121.5899027,25.0888132],[121.5898841,25.088821],[121.5898152,25.0888644],[121.5898099,25.0888685],[121.5897923,25.0888834],[121.5897792,25.0888945],[121.5897537,25.0889159],[121.5897285,25.0889342],[121.5897205,25.0889397],[121.5896984,25.0889548],[121.5896311,25.0889991],[121.5896057,25.0890177],[121.5895043,25.0890776],[121.589348,25.0891705],[121.5893348,25.0891784],[121.5892954,25.0891965],[121.5892949,25.0891968],[121.5892721,25.0892036],[121.5892396,25.0892075],[121.5891801,25.089221],[121.5891362,25.089244],[121.5891126,25.0892679],[121.5890982,25.0892929],[121.5890981,25.089293],[121.5890933,25.0893177],[121.5891007,25.0893409],[121.5891253,25.0893676],[121.5891661,25.0893949],[121.5892216,25.0894301],[121.5892606,25.0894549],[121.589318,25.0894958],[121.5893221,25.0894999],[121.5894448,25.0896132],[121.5894722,25.0896419],[121.5894799,25.08965],[121.5894926,25.0896633],[121.5895047,25.089676],[121.5895189,25.0896909],[121.5895272,25.0896996],[121.5895393,25.0897126],[121.5895521,25.0897254],[121.5896616,25.0898361],[121.5896794,25.0898551],[121.5897765,25.0899558],[121.5897891,25.0899719],[121.5897949,25.0899793],[121.5897972,25.089989],[121.5898068,25.0900249],[121.5897991,25.0900738],[121.5897852,25.090122],[121.5897744,25.0901606],[121.5897471,25.0902204],[121.5897419,25.0902444],[121.5897343,25.0902793],[121.5897403,25.0903431],[121.5897421,25.0903621],[121.5897683,25.0904863],[121.589771,25.0904988],[121.5897839,25.0905991],[121.5897781,25.0906181],[121.5897743,25.0906304],[121.5897701,25.0906436],[121.5897627,25.0906537],[121.5897545,25.0906652],[121.5897381,25.090687],[121.5897196,25.0907031],[121.5897194,25.0907032],[121.5897041,25.0907169],[121.5896767,25.0907323],[121.5896686,25.0907369],[121.5896674,25.0907375],[121.5896629,25.0907398],[121.5896621,25.0907402],[121.5896076,25.0907639],[121.5895469,25.0908098],[121.5895012,25.0908593],[121.5894871,25.0908875],[121.5894764,25.090918],[121.5894639,25.0909534],[121.5894292,25.0910299],[121.5894292,25.09103],[121.5894213,25.0910475],[121.5894138,25.091065],[121.5894038,25.0910833],[121.5893311,25.0912268],[121.589322,25.0912453],[121.5892877,25.0913171],[121.5892874,25.0913176],[121.5892829,25.091329],[121.5892543,25.0914003],[121.5892406,25.0914123],[121.5892402,25.0914127],[121.5892361,25.0914161],[121.5892319,25.0914192],[121.5892206,25.0914276],[121.5892046,25.0914394],[121.5891767,25.0914522],[121.5890993,25.0914807],[121.5890949,25.0914823],[121.589089,25.0914846],[121.5890404,25.0915035],[121.5890399,25.0915039],[121.5889847,25.091538],[121.588966,25.0915495],[121.5889588,25.0915538],[121.588948,25.0915617],[121.5888984,25.0915977],[121.5888747,25.0916211],[121.5888713,25.0916245],[121.5888711,25.0916247],[121.5888445,25.0916634],[121.5888361,25.0916757],[121.5888285,25.0916881],[121.5888256,25.0916929],[121.5887858,25.0917684],[121.5887211,25.0918723],[121.5886982,25.0919024],[121.5886909,25.0919123],[121.5886852,25.0919198],[121.5886483,25.0919689],[121.5886156,25.0920113],[121.5886155,25.0920113],[121.5885908,25.0920433],[121.5885612,25.0920869],[121.5884972,25.092181],[121.5884394,25.0922801],[121.5884392,25.0922805],[121.5884282,25.0923091],[121.5884253,25.0923238],[121.5884251,25.0923246],[121.5884244,25.0923302],[121.5884229,25.0923384],[121.5884157,25.092378],[121.5884141,25.0923895],[121.5884138,25.0923914],[121.5884131,25.0923969],[121.5884021,25.0924782],[121.5883662,25.0926093],[121.5883247,25.0927239],[121.5883244,25.0927247],[121.5883126,25.0927555],[121.5882951,25.0928021],[121.5882761,25.0928501],[121.5882741,25.0928553],[121.5882389,25.0929444],[121.5882284,25.0929764],[121.5882182,25.0930079],[121.5881834,25.0930922],[121.5881672,25.093164],[121.5881616,25.0931886],[121.5881303,25.0933288],[121.5881256,25.0933485],[121.5881007,25.0934479],[121.5880516,25.0936245],[121.588048,25.0936365],[121.588004,25.0937101],[121.5879724,25.0937715],[121.5879575,25.093816],[121.5879423,25.0938613],[121.5879286,25.0939255],[121.5879219,25.093966],[121.5879164,25.0939993],[121.5879,25.0940982],[121.5878976,25.0941128],[121.5878969,25.094124],[121.5878931,25.0941917],[121.5878926,25.0942009],[121.5878898,25.0942501],[121.5878898,25.0942502],[121.5878894,25.0942559],[121.5878886,25.0943105],[121.5878922,25.0943529],[121.5878945,25.0943757],[121.5878894,25.0944026],[121.5878864,25.094418],[121.5878755,25.0944557],[121.5878752,25.0944567],[121.5878752,25.0944568],[121.5878736,25.0944615],[121.5878518,25.0945],[121.5878514,25.0945007],[121.5878253,25.0945473],[121.5877785,25.0946264],[121.5876979,25.0947644],[121.5876394,25.094863],[121.5875967,25.0949147],[121.5875232,25.0949854],[121.5874963,25.0950141],[121.587496,25.0950144],[121.5874953,25.0950152],[121.5874888,25.0950221],[121.5874243,25.0950907],[121.5873906,25.0951206],[121.5873686,25.0951422],[121.5873685,25.0951423],[121.5873153,25.0951764],[121.5872962,25.0951884],[121.587252,25.0952113],[121.5871686,25.0952465],[121.5870647,25.0952933],[121.5870576,25.0952959],[121.587054,25.0952972],[121.5870535,25.0952974],[121.5870265,25.0953081],[121.586864,25.0953729],[121.5868596,25.0953746],[121.5867142,25.0954314],[121.5866447,25.0954562],[121.5865568,25.095492],[121.5865023,25.0955141],[121.5864753,25.0955275],[121.5863897,25.0955701],[121.586371,25.095583],[121.5863198,25.0956184],[121.5863194,25.0956186],[121.5863067,25.0956408],[121.5863156,25.0956754],[121.5863486,25.0957037],[121.5863829,25.0957126],[121.5863832,25.0957126],[121.5864289,25.0957033],[121.5864291,25.0957033],[121.5864319,25.0957018],[121.5864497,25.0956929],[121.5865413,25.0956466],[121.5865625,25.0956361],[121.5866422,25.0955964],[121.5866423,25.0955964],[121.5866779,25.0955787],[121.5867311,25.0955687],[121.5870035,25.0955171],[121.5871074,25.0955007],[121.5871117,25.0955012],[121.5871357,25.0955038],[121.5871364,25.0955039],[121.5871979,25.09551],[121.587246,25.0955179],[121.587321,25.0955302],[121.5874213,25.0955464],[121.5875182,25.095566],[121.5876031,25.0955877],[121.5876642,25.0955973],[121.5876832,25.0955975],[121.587763,25.095603],[121.5878927,25.0955996],[121.588029,25.0955914],[121.5880513,25.0955917],[121.5880868,25.0955924],[121.5882953,25.0956207],[121.5883627,25.0956304],[121.5884201,25.0956494],[121.5884754,25.0956713],[121.5885698,25.0957209],[121.5885705,25.0957213],[121.5885718,25.0957219],[121.5887705,25.0958169],[121.588841,25.0958461],[121.588855,25.0958509],[121.5888658,25.0958545],[121.5888662,25.0958546],[121.5888721,25.0958561],[121.5889091,25.0958653],[121.5889092,25.0958654],[121.5891979,25.0959353],[121.5891983,25.0959354],[121.5892091,25.0959275],[121.5892382,25.0959066],[121.5892423,25.0959021],[121.5892619,25.0958806],[121.5892799,25.0958758],[121.5893137,25.0958668],[121.5893833,25.0958222],[121.5894079,25.0958068],[121.5894375,25.0957525],[121.5894663,25.0956999],[121.5895219,25.0956465],[121.589568,25.0956022],[121.589569,25.0956013]],[[121.5914464,25.0885784],[121.5915451,25.0883696],[121.5914527,25.088566],[121.5914464,25.0885784]],[[121.5917243,25.0878304],[121.5917471,25.0877321],[121.5917286,25.0878129],[121.5917243,25.0878304]],[[121.5923145,25.0880071],[121.5923016,25.0879937],[121.5923248,25.0880156],[121.5923145,25.0880071]],[[121.5923769,25.0880591],[121.5923667,25.0880506],[121.5923842,25.0880633],[121.5923769,25.0880591]]]}},{"type":"Feature","id":260,"properties":{"sectionCode":"0462","sectionName":"康寧段三小段","districtName":"內湖區","fullName":"內湖區康寧段三小段"},"geometry":{"type":"Polygon","coordinates":[[[121.5952258,25.0843802],[121.5953297,25.0843793],[121.5954326,25.0843927],[121.5954777,25.0844031],[121.59553,25.0844159],[121.5959038,25.0845017],[121.5959813,25.0845181],[121.5961055,25.0845439],[121.5964017,25.084601],[121.5965098,25.0846201],[121.5966291,25.0846393],[121.5968284,25.0846711],[121.5969274,25.0846853],[121.5971313,25.0847111],[121.5972205,25.0847223],[121.5972742,25.0847289],[121.5973179,25.0847337],[121.5974421,25.0847477],[121.5975724,25.0847611],[121.5977464,25.0847757],[121.5979187,25.0847899],[121.5980433,25.0847999],[121.5980464,25.0848001],[121.5981368,25.0848073],[121.5982758,25.0848144],[121.5983207,25.0848151],[121.5987283,25.0848218],[121.5990662,25.0848306],[121.5991327,25.0848324],[121.5992918,25.0848308],[121.5993514,25.0848302],[121.5995397,25.0848232],[121.5996626,25.0848187],[121.5998249,25.084809],[121.5998845,25.0848054],[121.599913,25.0848037],[121.5999978,25.0847984],[121.6001346,25.0847896],[121.6002278,25.0847837],[121.600262,25.0847815],[121.6004147,25.0847624],[121.6005361,25.0847429],[121.6006083,25.0847288],[121.6006085,25.0847288],[121.600656,25.0847195],[121.6006553,25.0847182],[121.6005798,25.0845637],[121.6006198,25.0845523],[121.6007435,25.0845179],[121.6007281,25.0844757],[121.6008219,25.0844703],[121.6008452,25.0844386],[121.6007607,25.0844288],[121.6008251,25.0844133],[121.600774,25.0844118],[121.600749,25.0844116],[121.6006655,25.0844203],[121.6005848,25.084422],[121.6005674,25.0844225],[121.6004962,25.0844237],[121.6004727,25.0844205],[121.600421,25.0844051],[121.6003743,25.0843889],[121.6003368,25.0843762],[121.6002556,25.0843479],[121.6001852,25.0843229],[121.6001455,25.0843089],[121.6000558,25.0843119],[121.6000373,25.084327],[121.5999731,25.0843798],[121.5999211,25.0843964],[121.599891,25.0843677],[121.5998948,25.0843566],[121.5999062,25.0843235],[121.5999404,25.0842908],[121.5999393,25.0842763],[121.5999381,25.0842591],[121.5999353,25.0842181],[121.5998887,25.084112],[121.5997914,25.0840298],[121.5997973,25.0839998],[121.599753,25.0839728],[121.5997464,25.0839687],[121.5997129,25.0839326],[121.5996421,25.0839066],[121.5996272,25.0838877],[121.5995787,25.0837152],[121.5996082,25.0836761],[121.5995871,25.0836389],[121.5995123,25.0835704],[121.5994815,25.0835298],[121.5994076,25.0834322],[121.5993733,25.0834712],[121.599356,25.0834716],[121.5993524,25.0834435],[121.5993465,25.0833986],[121.599365,25.0833813],[121.599351,25.0833354],[121.5993268,25.0833277],[121.5993089,25.0832064],[121.5993302,25.0832014],[121.5993218,25.0831549],[121.5993002,25.0831538],[121.5992741,25.0828832],[121.5992044,25.0827862],[121.5991228,25.0826739],[121.598969,25.0826394],[121.5989594,25.0826205],[121.5990014,25.0825081],[121.5991431,25.0823956],[121.5992736,25.0821546],[121.5992965,25.0821115],[121.5993189,25.0820285],[121.5993299,25.0819895],[121.599333,25.0819757],[121.599383,25.0819072],[121.5994177,25.0818599],[121.5994439,25.0818237],[121.5994513,25.0818157],[121.5994575,25.0818036],[121.5995015,25.0817181],[121.5995243,25.0816904],[121.5996153,25.08158],[121.5996175,25.0815774],[121.5997228,25.0814897],[121.5997397,25.0814757],[121.5997907,25.081447],[121.5998909,25.0814216],[121.6000428,25.0813832],[121.6000493,25.0813821],[121.6001101,25.0813788],[121.6001177,25.0813816],[121.6001298,25.0813601],[121.6001841,25.0812739],[121.6002304,25.0812004],[121.6002391,25.0811345],[121.600254,25.0811004],[121.6003248,25.0809384],[121.6003737,25.080862],[121.600425,25.0808204],[121.6005721,25.0807463],[121.600892,25.0804499],[121.6009591,25.0803609],[121.6009919,25.0802426],[121.601056,25.0801379],[121.6010709,25.0800763],[121.6012044,25.0799272],[121.6012813,25.079774],[121.6014532,25.079648],[121.6014566,25.0796455],[121.6014944,25.0796172],[121.6015813,25.0795294],[121.6016625,25.0793688],[121.6016742,25.0793496],[121.6016905,25.079323],[121.6017505,25.0792256],[121.6017571,25.0791848],[121.6017565,25.0791588],[121.6018582,25.0790969],[121.6018615,25.0790949],[121.6020565,25.078976],[121.6020959,25.0789229],[121.6021194,25.0788448],[121.602294,25.0787048],[121.6024011,25.0786049],[121.6023576,25.0784273],[121.6022609,25.0780686],[121.6022292,25.0779516],[121.6022314,25.0779429],[121.6022442,25.077889],[121.6022666,25.0777969],[121.6023151,25.0775977],[121.6023212,25.0775622],[121.6023285,25.0775196],[121.6023393,25.0774292],[121.6022185,25.0772565],[121.6021295,25.0771275],[121.601958,25.0769071],[121.6018868,25.0767058],[121.601884,25.076698],[121.6018786,25.0763907],[121.6018519,25.0760751],[121.6018463,25.0760679],[121.6018452,25.0760665],[121.6018419,25.0760622],[121.6018372,25.0760563],[121.6018266,25.0760428],[121.6018053,25.076014],[121.6017913,25.0759949],[121.6017705,25.0759668],[121.6016887,25.0760389],[121.6016546,25.07607],[121.6016498,25.0760743],[121.6014064,25.0762535],[121.6013678,25.0762679],[121.6013407,25.0762898],[121.6013115,25.0763119],[121.601289,25.0763285],[121.6012666,25.076345],[121.6011796,25.0764064],[121.6010767,25.0764788],[121.6010205,25.0765228],[121.6009543,25.0765741],[121.6009368,25.076588],[121.6009019,25.0766201],[121.6007911,25.0767618],[121.6007084,25.076839],[121.6006774,25.0768835],[121.6005069,25.0770882],[121.6005043,25.0770917],[121.6004518,25.0771435],[121.6004499,25.0771588],[121.6004252,25.0771884],[121.6002436,25.0774107],[121.600118,25.0775872],[121.6000709,25.0776641],[121.6000382,25.0777166],[121.5999985,25.0777822],[121.5999852,25.0778106],[121.599948,25.0778827],[121.599943,25.0778922],[121.5999169,25.0779415],[121.5998764,25.0780195],[121.5998673,25.0780359],[121.5997971,25.0781934],[121.5997244,25.0783484],[121.5996629,25.0784819],[121.5996608,25.078484],[121.5996406,25.0785047],[121.5996141,25.0785472],[121.5995703,25.0786061],[121.5995453,25.0786246],[121.5994858,25.0786577],[121.5994352,25.0786815],[121.5993585,25.0786962],[121.5992982,25.0786975],[121.5992899,25.0786976],[121.5992078,25.0786774],[121.5991398,25.0786944],[121.5990755,25.0787105],[121.5990498,25.0787169],[121.5989417,25.0787062],[121.5989305,25.0787051],[121.5989239,25.0787049],[121.5988777,25.0787051],[121.5988425,25.0787052],[121.5988106,25.0787054],[121.598777,25.0787055],[121.5987461,25.0787057],[121.5987426,25.0787061],[121.598738,25.0787074],[121.5986823,25.0787232],[121.5986714,25.0787264],[121.5986331,25.0787236],[121.598543,25.0787137],[121.5985098,25.07871],[121.5985035,25.0787094],[121.5984817,25.0787057],[121.5984744,25.0787039],[121.5984338,25.0786958],[121.5983997,25.0786891],[121.5983623,25.0786814],[121.5983229,25.0786729],[121.5982904,25.0786657],[121.598238,25.0786544],[121.5982202,25.0786505],[121.5981913,25.0786441],[121.5981643,25.0786382],[121.5980666,25.0786167],[121.5980138,25.0786055],[121.5976096,25.0785213],[121.5974212,25.0784788],[121.597326,25.0784609],[121.5973135,25.0784583],[121.5972086,25.0784357],[121.5971655,25.0784264],[121.596844,25.0783557],[121.5967938,25.0783384],[121.5967838,25.078343],[121.5967687,25.0783394],[121.5966923,25.0783211],[121.5965798,25.0782943],[121.59651,25.0782775],[121.5964833,25.0782752],[121.5964762,25.0782749],[121.596418,25.0782706],[121.5963828,25.0782685],[121.5963283,25.0782656],[121.5962717,25.0782665],[121.5962424,25.0782672],[121.5962033,25.0782679],[121.5961119,25.0782751],[121.5960919,25.078279],[121.5960236,25.0782929],[121.5959622,25.0783105],[121.5959298,25.07832],[121.5959062,25.0783287],[121.595856,25.0783495],[121.5957971,25.0783753],[121.5957347,25.078403],[121.595682,25.0784266],[121.5956556,25.0784381],[121.5954873,25.0785189],[121.5952798,25.078615],[121.5950997,25.0786977],[121.5950516,25.0787208],[121.5950042,25.0787431],[121.5949555,25.0787658],[121.5949235,25.0787813],[121.5948769,25.0788043],[121.5948234,25.0788305],[121.5948018,25.0788416],[121.5947964,25.0788441],[121.5947867,25.0788488],[121.594739,25.0788727],[121.5947028,25.0788905],[121.5946767,25.0789033],[121.5946568,25.0789133],[121.5946085,25.0789371],[121.5945609,25.0789608],[121.594485,25.0789983],[121.5944446,25.0790183],[121.5943523,25.0790641],[121.594289,25.0790955],[121.5942724,25.0791037],[121.5942559,25.0791118],[121.5941526,25.0791627],[121.5941296,25.0791741],[121.594109,25.0791843],[121.5939908,25.079243],[121.5939353,25.0792707],[121.5937799,25.0793475],[121.5937652,25.0793547],[121.5937235,25.0793751],[121.5937149,25.0793793],[121.5937114,25.0793812],[121.5936635,25.0794041],[121.5936156,25.0794271],[121.593571,25.0794487],[121.5935518,25.0794578],[121.5935254,25.0794704],[121.5933689,25.0795454],[121.5932753,25.07959],[121.5932604,25.0795972],[121.5932543,25.0796],[121.5932247,25.0796142],[121.5931728,25.0796389],[121.5931239,25.0796622],[121.5930766,25.0796845],[121.5930276,25.0797078],[121.5929794,25.0797308],[121.5929314,25.0797539],[121.592883,25.079777],[121.5928347,25.0798002],[121.5927858,25.0798235],[121.592736,25.0798472],[121.5927078,25.0798608],[121.5926792,25.0798744],[121.5926293,25.0798985],[121.5925812,25.0799215],[121.5925326,25.0799449],[121.5924843,25.0799681],[121.5924363,25.0799911],[121.5923829,25.0800168],[121.5923435,25.0800355],[121.5923033,25.0800548],[121.5922628,25.080074],[121.5922236,25.0800931],[121.5921294,25.0801383],[121.5920902,25.0801572],[121.5920506,25.0801761],[121.5920111,25.0801952],[121.5919707,25.0802144],[121.591929,25.0802339],[121.5919131,25.0802417],[121.5918753,25.0802598],[121.5916671,25.0803596],[121.5916142,25.080385],[121.5915616,25.0804104],[121.5915085,25.0804359],[121.5914753,25.0804516],[121.5914571,25.0804604],[121.591401,25.0804872],[121.5913865,25.0804942],[121.5913792,25.0804977],[121.5912443,25.0805624],[121.5911907,25.0805881],[121.5911393,25.0806127],[121.5910591,25.0806512],[121.5907641,25.0807913],[121.5907459,25.0808241],[121.5907459,25.0808241],[121.5907571,25.0809041],[121.5907572,25.0809048],[121.5906988,25.0810708],[121.5906819,25.0811187],[121.5906661,25.0811642],[121.59065,25.0812093],[121.5906343,25.0812543],[121.5905374,25.0815309],[121.590522,25.0815748],[121.5905195,25.0815861],[121.5905195,25.0815861],[121.5905126,25.0816074],[121.5904267,25.0818671],[121.5904018,25.0819423],[121.5904017,25.0819423],[121.5903969,25.081957],[121.590392,25.0819715],[121.5903904,25.0819768],[121.5903896,25.0819823],[121.5903896,25.0819823],[121.5903899,25.0819878],[121.5903899,25.0819879],[121.5903911,25.0819932],[121.5903911,25.0819933],[121.5903932,25.0819984],[121.5903933,25.0819985],[121.5903962,25.0820032],[121.5903999,25.0820074],[121.5904,25.0820075],[121.5904045,25.0820112],[121.5904057,25.0820121],[121.590417,25.0820209],[121.5904238,25.0820262],[121.590424,25.0820264],[121.5904973,25.0820842],[121.5905007,25.0820869],[121.5905238,25.0821044],[121.590769,25.0823],[121.5908375,25.0823538],[121.5908668,25.0823772],[121.590905,25.0824075],[121.5909806,25.0824675],[121.5910273,25.0825044],[121.5911065,25.0825671],[121.5911473,25.0825995],[121.5911948,25.0826375],[121.5912205,25.0826567],[121.5912347,25.0826687],[121.5912765,25.0827018],[121.5913161,25.0827335],[121.591355,25.0827643],[121.5913942,25.0827951],[121.5914358,25.0828283],[121.5914755,25.08286],[121.5915117,25.0828884],[121.5916029,25.0829614],[121.5916381,25.082989],[121.5916718,25.0830158],[121.5917195,25.0830533],[121.5917602,25.0830856],[121.5918011,25.083118],[121.5918416,25.0831501],[121.5918823,25.0831822],[121.5919102,25.0832045],[121.591951,25.0832365],[121.5919816,25.0832608],[121.5920235,25.0832941],[121.5920656,25.0833272],[121.5921065,25.0833597],[121.5921381,25.0833844],[121.5921691,25.083409],[121.5921728,25.0834119],[121.5922077,25.0834399],[121.5922077,25.0834399],[121.59224,25.0834651],[121.59224,25.0834652],[121.5922634,25.0834837],[121.5922685,25.0834877],[121.5922803,25.0834969],[121.5922803,25.083497],[121.5923111,25.0835214],[121.5923111,25.0835214],[121.5923422,25.083546],[121.5923745,25.0835713],[121.5923746,25.0835714],[121.5924143,25.0836026],[121.5924145,25.0836027],[121.5924165,25.0836042],[121.5924459,25.0836265],[121.5924459,25.0836265],[121.5924616,25.0836401],[121.5924616,25.0836401],[121.5925689,25.083725],[121.5925689,25.083725],[121.5926136,25.0837604],[121.592662,25.0837974],[121.592662,25.0837974],[121.5927386,25.0838591],[121.5927386,25.0838591],[121.5927789,25.083891],[121.5927789,25.083891],[121.592827,25.0839291],[121.592827,25.0839291],[121.5928632,25.0839575],[121.592892,25.0839804],[121.592892,25.0839804],[121.5929823,25.0840517],[121.5929823,25.0840518],[121.5929586,25.0840695],[121.5929416,25.0840757],[121.5929092,25.0840815],[121.5928983,25.0840834],[121.592924,25.0841144],[121.592924,25.0841144],[121.5929091,25.0841377],[121.5929046,25.0842108],[121.5929043,25.084216],[121.5928708,25.0842526],[121.592847,25.0842785],[121.592844,25.0842851],[121.5928421,25.0842891],[121.5928193,25.0843393],[121.5927791,25.0844351],[121.5927755,25.0844436],[121.5927723,25.0844604],[121.5927522,25.0845481],[121.5927448,25.0845845],[121.5927367,25.0846196],[121.5927357,25.0846308],[121.5927303,25.0846969],[121.592728,25.0847178],[121.592725,25.084753],[121.5927241,25.0847569],[121.5926864,25.0848847],[121.5926836,25.0848973],[121.5926618,25.0849733],[121.5926398,25.0850617],[121.5926315,25.0850948],[121.592649,25.0850911],[121.5926704,25.0850866],[121.5927141,25.0850767],[121.5927327,25.0850727],[121.5929944,25.085014],[121.5930918,25.0849889],[121.5931135,25.0849829],[121.5931278,25.0849804],[121.5934144,25.0849351],[121.5936174,25.0849015],[121.5936256,25.0849002],[121.5936642,25.0848936],[121.5937422,25.0848799],[121.5937621,25.0848761],[121.5937723,25.0848743],[121.5939074,25.0848491],[121.5939898,25.0848327],[121.5940479,25.084818],[121.5940916,25.0848074],[121.5941477,25.0847936],[121.594295,25.0847499],[121.5943162,25.0847437],[121.5943616,25.0847277],[121.5944225,25.0847062],[121.5944459,25.084698],[121.594454,25.0846947],[121.5945294,25.0846644],[121.5945886,25.0846376],[121.5946835,25.084596],[121.5947273,25.0845744],[121.5947518,25.0845628],[121.5948472,25.0845099],[121.5948638,25.0845012],[121.5949353,25.0844634],[121.5950242,25.0844238],[121.5951232,25.0843951],[121.5952258,25.0843802]]]}},{"type":"Feature","id":261,"properties":{"sectionCode":"0463","sectionName":"康寧段四小段","districtName":"內湖區","fullName":"內湖區康寧段四小段"},"geometry":{"type":"Polygon","coordinates":[[[121.594739,25.0788727],[121.5947867,25.0788488],[121.5947964,25.0788441],[121.5948018,25.0788416],[121.5948234,25.0788305],[121.5948769,25.0788043],[121.5949235,25.0787813],[121.5949555,25.0787658],[121.5950042,25.0787431],[121.5950516,25.0787208],[121.5950997,25.0786977],[121.5952798,25.078615],[121.5954873,25.0785189],[121.5956556,25.0784381],[121.595682,25.0784266],[121.5957347,25.078403],[121.5957971,25.0783753],[121.595856,25.0783495],[121.5959062,25.0783287],[121.5959298,25.07832],[121.5959622,25.0783105],[121.5960236,25.0782929],[121.5960919,25.078279],[121.5961119,25.0782751],[121.5962033,25.0782679],[121.5962424,25.0782672],[121.5962717,25.0782665],[121.5963283,25.0782656],[121.5963828,25.0782685],[121.596418,25.0782706],[121.5964762,25.0782749],[121.5964833,25.0782752],[121.59651,25.0782775],[121.5965798,25.0782943],[121.5966923,25.0783211],[121.5967687,25.0783394],[121.5967838,25.078343],[121.5967938,25.0783384],[121.596844,25.0783557],[121.5971655,25.0784264],[121.5972086,25.0784357],[121.5973135,25.0784583],[121.597326,25.0784609],[121.5974212,25.0784788],[121.5976096,25.0785213],[121.5980138,25.0786055],[121.5980666,25.0786167],[121.5981643,25.0786382],[121.5981913,25.0786441],[121.5982202,25.0786505],[121.598238,25.0786544],[121.5982904,25.0786657],[121.5983229,25.0786729],[121.5983623,25.0786814],[121.5983997,25.0786891],[121.5984338,25.0786958],[121.5984744,25.0787039],[121.5984817,25.0787057],[121.5985035,25.0787094],[121.5985098,25.07871],[121.598543,25.0787137],[121.5986331,25.0787236],[121.5986714,25.0787264],[121.5986823,25.0787232],[121.598738,25.0787074],[121.5987426,25.0787061],[121.5987461,25.0787057],[121.598777,25.0787055],[121.5988106,25.0787054],[121.5988425,25.0787052],[121.5988777,25.0787051],[121.5989239,25.0787049],[121.5989305,25.0787051],[121.5989417,25.0787062],[121.5990498,25.0787169],[121.5990755,25.0787105],[121.5991398,25.0786944],[121.5992078,25.0786774],[121.5992899,25.0786976],[121.5992982,25.0786975],[121.5993585,25.0786962],[121.5994352,25.0786815],[121.5994858,25.0786577],[121.5995453,25.0786246],[121.5995703,25.0786061],[121.5996141,25.0785472],[121.5996406,25.0785047],[121.5996608,25.078484],[121.5996629,25.0784819],[121.5997244,25.0783484],[121.599796,25.0781959],[121.5997971,25.0781934],[121.5998673,25.0780359],[121.5998764,25.0780195],[121.5999169,25.0779415],[121.599943,25.0778922],[121.599948,25.0778827],[121.5999852,25.0778106],[121.5999985,25.0777822],[121.6000382,25.0777166],[121.6000709,25.0776641],[121.600118,25.0775872],[121.6002436,25.0774107],[121.6004252,25.0771884],[121.6004499,25.0771588],[121.6004518,25.0771435],[121.6005043,25.0770917],[121.6005069,25.0770882],[121.6006774,25.0768835],[121.6007084,25.076839],[121.6007911,25.0767618],[121.6009019,25.0766201],[121.6009368,25.076588],[121.6009543,25.0765741],[121.6010205,25.0765228],[121.6010767,25.0764788],[121.6011796,25.0764064],[121.6012666,25.076345],[121.601289,25.0763285],[121.6013115,25.0763119],[121.6013407,25.0762898],[121.6013678,25.0762679],[121.6014064,25.0762535],[121.6016498,25.0760743],[121.6016546,25.07607],[121.6016887,25.0760389],[121.6017705,25.0759668],[121.6016934,25.0758632],[121.6016921,25.0758616],[121.6015111,25.0758981],[121.6014991,25.0759005],[121.6013111,25.0759384],[121.6013023,25.0759404],[121.6011386,25.0759779],[121.6011386,25.0759779],[121.6011336,25.0759791],[121.6010802,25.0759843],[121.601054,25.0759869],[121.6010537,25.0759869],[121.6009712,25.0759935],[121.6009134,25.0759963],[121.6008463,25.0759798],[121.6008446,25.0759794],[121.6008061,25.0759699],[121.6005318,25.0759024],[121.6004404,25.0758731],[121.6004242,25.0758679],[121.6003387,25.0758386],[121.6003032,25.0758129],[121.6002809,25.0757969],[121.6002788,25.0757976],[121.6002691,25.0758008],[121.6002018,25.0758237],[121.6000643,25.0759105],[121.6000117,25.0759588],[121.60001,25.0759605],[121.5999614,25.0759949],[121.5998689,25.0759845],[121.5998592,25.0759834],[121.5998578,25.0759829],[121.5997822,25.0759551],[121.5997692,25.0759503],[121.5997616,25.0759475],[121.5996745,25.0759298],[121.5995763,25.0759353],[121.5994944,25.0759671],[121.5994922,25.0759676],[121.5994186,25.0759774],[121.5992822,25.0760695],[121.599235,25.0760799],[121.5991268,25.0761037],[121.5991169,25.0761058],[121.5990977,25.0761204],[121.5990155,25.0761837],[121.5988776,25.0762899],[121.5987147,25.0764059],[121.5985333,25.076608],[121.5984023,25.0767051],[121.5982891,25.0767473],[121.5982857,25.0767494],[121.5982854,25.0767496],[121.5981268,25.076647],[121.5980672,25.0766194],[121.5980201,25.0765979],[121.5978854,25.0765365],[121.5978804,25.0765342],[121.5978025,25.0765209],[121.5977414,25.0765255],[121.597681,25.0765306],[121.5976709,25.0765345],[121.5975782,25.0765707],[121.5975166,25.0765726],[121.5973694,25.0766565],[121.597301,25.0766953],[121.5972624,25.0767363],[121.5971661,25.0767432],[121.5971362,25.0767178],[121.597091,25.0766793],[121.5970863,25.0766753],[121.5969654,25.0766421],[121.5968556,25.0766119],[121.5966925,25.0766223],[121.5966918,25.0766204],[121.5965642,25.0762921],[121.5965561,25.0762713],[121.5965558,25.0762704],[121.5965308,25.0762423],[121.5963914,25.0760851],[121.5963343,25.0760869],[121.5961249,25.0761785],[121.596124,25.0761786],[121.5960689,25.0761823],[121.5959554,25.0761899],[121.5959538,25.0761883],[121.5959343,25.0761693],[121.5957775,25.0760164],[121.5956935,25.075915],[121.5954761,25.0758372],[121.5954722,25.0758358],[121.5954174,25.075851],[121.5953799,25.0758615],[121.5952636,25.0759358],[121.5952609,25.0759375],[121.5951539,25.0760397],[121.5950902,25.0760754],[121.5949133,25.0761012],[121.5948412,25.0760963],[121.594839,25.0760962],[121.594813,25.0760069],[121.5948105,25.0760021],[121.5947156,25.0758408],[121.5946901,25.0757418],[121.5946886,25.07574],[121.5946865,25.0757374],[121.5946792,25.0757297],[121.5946352,25.0756834],[121.5946341,25.0756822],[121.5945471,25.0756262],[121.5945331,25.0756172],[121.5944604,25.0755572],[121.5943249,25.0753981],[121.5942601,25.0753219],[121.5942594,25.0753211],[121.594251,25.0752785],[121.5942205,25.0752259],[121.5942198,25.0752247],[121.5941595,25.0752],[121.5941535,25.0751975],[121.5940782,25.0752217],[121.5940178,25.0752419],[121.5939726,25.0752565],[121.5939221,25.0752554],[121.593786,25.0752461],[121.5936696,25.0752806],[121.5936693,25.0752807],[121.5936329,25.0752963],[121.5936041,25.0753153],[121.5935148,25.0753142],[121.5934741,25.0753145],[121.5933704,25.0753146],[121.5932456,25.0754394],[121.5928689,25.0753974],[121.5927073,25.0753785],[121.5926946,25.075377],[121.592565,25.0753781],[121.5925525,25.0753782],[121.5925504,25.0753782],[121.5924341,25.0754017],[121.5923061,25.0754114],[121.5922311,25.0754037],[121.5922051,25.0753833],[121.5919701,25.0751993],[121.5919698,25.0751991],[121.591935,25.0751976],[121.5917483,25.0751421],[121.5917177,25.0751181],[121.5916635,25.0750756],[121.5915457,25.0750114],[121.5914294,25.074948],[121.5914236,25.0749431],[121.5913483,25.0748794],[121.5913478,25.0748789],[121.5913204,25.0749027],[121.5908317,25.0750631],[121.5907934,25.0751025],[121.5905486,25.075154],[121.5905314,25.0751576],[121.5904657,25.0751714],[121.590402,25.0751626],[121.5902805,25.0751018],[121.5901827,25.0750529],[121.5901824,25.0750528],[121.590069,25.074996],[121.59006,25.0749915],[121.590037,25.0749802],[121.5899806,25.0749801],[121.58987,25.07498],[121.5898701,25.0749802],[121.5898978,25.0751294],[121.5899046,25.0751663],[121.5899138,25.0752007],[121.5899281,25.0752542],[121.5900367,25.0756605],[121.590045,25.0756917],[121.5900507,25.0757132],[121.5901024,25.0759068],[121.5901122,25.0759437],[121.5901336,25.0760565],[121.5901425,25.0761707],[121.5901273,25.0763571],[121.5901029,25.0764592],[121.5898556,25.0772885],[121.5898288,25.0773786],[121.5898092,25.0774448],[121.589803,25.0774655],[121.5897983,25.0774835],[121.5897957,25.0774934],[121.589794,25.0774998],[121.5897884,25.0775213],[121.5897869,25.077527],[121.5894827,25.078544],[121.5894825,25.0785444],[121.5894709,25.0785722],[121.5894537,25.0786132],[121.5894136,25.0786777],[121.5893923,25.0787024],[121.58937,25.0787282],[121.5893634,25.0787359],[121.5893545,25.0787435],[121.5893141,25.0787781],[121.5893041,25.0787866],[121.5892988,25.0787899],[121.5892371,25.0788287],[121.5891639,25.078861],[121.5890862,25.078883],[121.5890866,25.078883],[121.5895048,25.0788819],[121.5895288,25.0788823],[121.5895741,25.0788818],[121.5895746,25.0788818],[121.589731,25.0788814],[121.5897316,25.0789032],[121.5897321,25.0789341],[121.5897323,25.0789479],[121.5897323,25.0789484],[121.5897348,25.0789926],[121.5897348,25.0789933],[121.5897396,25.079037],[121.5897397,25.0790381],[121.5897458,25.0790822],[121.5897459,25.079083],[121.5897538,25.079126],[121.589754,25.0791269],[121.5897642,25.079171],[121.5897643,25.0791718],[121.5897763,25.0792156],[121.5898291,25.0793597],[121.589831,25.0793649],[121.5898312,25.0793656],[121.5898343,25.0793713],[121.5899021,25.0794974],[121.5899075,25.0795075],[121.589973,25.0796],[121.5899737,25.0796009],[121.590042,25.0796806],[121.5900437,25.0796827],[121.5900473,25.0796868],[121.5900585,25.0796983],[121.5900742,25.0797146],[121.5900765,25.079717],[121.5900853,25.0797258],[121.5902194,25.0798592],[121.5903032,25.0799425],[121.5904524,25.0800904],[121.5904622,25.0801003],[121.5905668,25.0802045],[121.5906678,25.080303],[121.5907184,25.0803526],[121.5908028,25.0804366],[121.5910093,25.0806404],[121.5910141,25.080645],[121.5910195,25.0806487],[121.5910256,25.0806516],[121.5910322,25.0806536],[121.591039,25.0806545],[121.5910458,25.0806544],[121.5910526,25.0806533],[121.5910572,25.0806518],[121.5910591,25.0806512],[121.5911393,25.0806127],[121.5911907,25.0805881],[121.5912443,25.0805624],[121.5913792,25.0804977],[121.5913865,25.0804942],[121.591401,25.0804872],[121.5914571,25.0804604],[121.5914753,25.0804516],[121.5915085,25.0804359],[121.5915616,25.0804104],[121.5916142,25.080385],[121.5916671,25.0803596],[121.5918753,25.0802598],[121.5919131,25.0802417],[121.591929,25.0802339],[121.5919707,25.0802144],[121.5920111,25.0801952],[121.5920506,25.0801761],[121.5920902,25.0801572],[121.5921294,25.0801383],[121.5922236,25.0800931],[121.5922628,25.080074],[121.5923033,25.0800548],[121.5923435,25.0800355],[121.5923829,25.0800168],[121.5924363,25.0799911],[121.5924843,25.0799681],[121.5925326,25.0799449],[121.5925812,25.0799215],[121.5926293,25.0798985],[121.5926792,25.0798744],[121.5927078,25.0798608],[121.592736,25.0798472],[121.5927858,25.0798235],[121.5928347,25.0798002],[121.592883,25.079777],[121.5929314,25.0797539],[121.5929794,25.0797308],[121.5930276,25.0797078],[121.5930766,25.0796845],[121.5931239,25.0796622],[121.5931728,25.0796389],[121.5932247,25.0796142],[121.5932543,25.0796],[121.5932604,25.0795972],[121.5932753,25.07959],[121.5933689,25.0795454],[121.5935254,25.0794704],[121.5935518,25.0794578],[121.593571,25.0794487],[121.5936156,25.0794271],[121.5936635,25.0794041],[121.5937114,25.0793812],[121.5937149,25.0793793],[121.5937235,25.0793751],[121.5937652,25.0793547],[121.5937799,25.0793475],[121.5939353,25.0792707],[121.5939908,25.079243],[121.594109,25.0791843],[121.5941296,25.0791741],[121.5941526,25.0791627],[121.5942559,25.0791118],[121.5942724,25.0791037],[121.594289,25.0790955],[121.5943523,25.0790641],[121.5944446,25.0790183],[121.594485,25.0789983],[121.5945609,25.0789608],[121.5946085,25.0789371],[121.5946568,25.0789133],[121.5946767,25.0789033],[121.5947028,25.0788905],[121.594739,25.0788727]]]}},{"type":"Feature","id":262,"properties":{"sectionCode":"0464","sectionName":"碧湖段一小段","districtName":"內湖區","fullName":"內湖區碧湖段一小段"},"geometry":{"type":"Polygon","coordinates":[[[121.5856318,25.0982715],[121.5859357,25.0981895],[121.5859364,25.0981896],[121.5859462,25.0981908],[121.5860038,25.0981979],[121.5860799,25.0981764],[121.5861921,25.0981446],[121.5864839,25.0980954],[121.5867976,25.098027],[121.5868033,25.0980257],[121.5869757,25.0980558],[121.5869778,25.0980562],[121.587024,25.0980188],[121.5870285,25.0980152],[121.5870293,25.0980148],[121.587031,25.0980139],[121.5871194,25.0979658],[121.5871217,25.097963],[121.5871223,25.0979623],[121.5873267,25.0977074],[121.5873314,25.0977015],[121.5873316,25.0977013],[121.5873673,25.0976774],[121.5874336,25.0976329],[121.5875238,25.0975554],[121.587548,25.0974678],[121.5875516,25.0974596],[121.5875808,25.0973943],[121.5875818,25.0973942],[121.5880267,25.0973538],[121.5880314,25.0973534],[121.5880399,25.0973526],[121.5880488,25.097353],[121.5880504,25.0973531],[121.5881304,25.0973583],[121.5881305,25.0973571],[121.5881428,25.0972464],[121.5881818,25.0971478],[121.5881886,25.0971302],[121.5881942,25.0971164],[121.5882106,25.0970921],[121.5882216,25.0970749],[121.5882786,25.096989],[121.5885224,25.0966761],[121.5885548,25.0964832],[121.5885551,25.0964633],[121.5885549,25.0964569],[121.5885582,25.096439],[121.5885896,25.0962938],[121.5885874,25.0962023],[121.5887181,25.0961895],[121.5888835,25.0961625],[121.58896,25.0961253],[121.5890036,25.096104],[121.5890379,25.0960877],[121.5890411,25.0960841],[121.5890442,25.0960806],[121.5890849,25.0960695],[121.5890901,25.0960685],[121.589092,25.0960681],[121.5890922,25.0960679],[121.5891258,25.0960317],[121.5891423,25.0960145],[121.5891826,25.095947],[121.5891865,25.0959442],[121.5891978,25.0959359],[121.5891973,25.0959357],[121.5890932,25.0959107],[121.589023,25.0958937],[121.5889276,25.0958704],[121.5889101,25.0958656],[121.5889092,25.0958654],[121.5889091,25.0958653],[121.5888716,25.0958559],[121.5888658,25.0958542],[121.5888654,25.0958541],[121.588855,25.0958509],[121.588841,25.0958466],[121.5887705,25.0958173],[121.5886464,25.0957587],[121.5885718,25.0957219],[121.5885698,25.0957209],[121.5884749,25.0956717],[121.5884202,25.0956496],[121.5883628,25.0956307],[121.5882965,25.0956212],[121.5881499,25.0956015],[121.5880858,25.095593],[121.5880511,25.0955923],[121.5880287,25.0955919],[121.5878916,25.0956002],[121.5877622,25.0956037],[121.587683,25.095598],[121.5876637,25.0955975],[121.5876036,25.0955879],[121.5875668,25.0955798],[121.5875185,25.0955663],[121.5874208,25.0955465],[121.5873198,25.0955303],[121.587246,25.0955179],[121.5871978,25.0955098],[121.5871361,25.0955033],[121.5871354,25.0955033],[121.5871117,25.0955012],[121.5871082,25.0955009],[121.5870045,25.0955171],[121.5867944,25.095557],[121.5867311,25.0955687],[121.5866782,25.0955784],[121.5866423,25.0955964],[121.5866422,25.0955964],[121.5865422,25.0956467],[121.5864831,25.095677],[121.5864319,25.0957018],[121.5864289,25.0957033],[121.586428,25.0957037],[121.5863832,25.0957126],[121.5863487,25.0957037],[121.5863162,25.0956755],[121.5863069,25.0956405],[121.5863198,25.0956184],[121.58632,25.095618],[121.5863618,25.0955892],[121.586371,25.095583],[121.5863894,25.0955706],[121.5864753,25.0955275],[121.5865011,25.0955145],[121.5865034,25.0955136],[121.5865568,25.095492],[121.5866451,25.0954562],[121.5867135,25.0954317],[121.5867142,25.0954314],[121.5868596,25.0953747],[121.586864,25.0953729],[121.5868765,25.0953676],[121.5870265,25.0953081],[121.5870535,25.0952974],[121.587054,25.0952972],[121.5870576,25.0952959],[121.5870638,25.0952936],[121.5871685,25.0952464],[121.5872513,25.0952111],[121.5872951,25.0951883],[121.5873149,25.0951759],[121.5873685,25.0951423],[121.5873686,25.0951422],[121.5873914,25.0951218],[121.5874251,25.095092],[121.5874889,25.0950222],[121.5874953,25.0950152],[121.587496,25.0950144],[121.5874963,25.0950141],[121.5875243,25.0949863],[121.5875973,25.0949154],[121.5876404,25.0948637],[121.587699,25.0947648],[121.5877794,25.094627],[121.5878259,25.0945482],[121.5878516,25.0945019],[121.5878519,25.0945012],[121.5878742,25.094462],[121.5878752,25.0944568],[121.5878752,25.0944567],[121.5878755,25.0944557],[121.5878868,25.0944189],[121.5878894,25.0944026],[121.5878952,25.0943757],[121.5878922,25.0943529],[121.5878883,25.0943115],[121.5878893,25.0942569],[121.5878898,25.0942502],[121.5878898,25.0942501],[121.5878941,25.0941918],[121.5878947,25.0941799],[121.5878969,25.094124],[121.5878974,25.0941127],[121.5879,25.0940982],[121.5879134,25.0940235],[121.5879165,25.0940022],[121.5879219,25.093966],[121.5879279,25.0939261],[121.5879418,25.0938604],[121.5879722,25.0937711],[121.5880033,25.0937097],[121.5880474,25.0936359],[121.5880516,25.0936245],[121.5881003,25.0934477],[121.5881256,25.0933485],[121.5881303,25.0933288],[121.5881617,25.0931886],[121.5881672,25.093164],[121.5881833,25.0930915],[121.588218,25.0930075],[121.5882284,25.0929764],[121.5882387,25.0929458],[121.5882741,25.0928553],[121.5882761,25.0928501],[121.588295,25.0928021],[121.5883126,25.0927555],[121.5883244,25.0927247],[121.5883247,25.0927239],[121.5883368,25.0926926],[121.5883664,25.092609],[121.5884024,25.0924783],[121.5884131,25.0923969],[121.5884138,25.0923914],[121.5884141,25.0923895],[121.5884157,25.0923787],[121.5884229,25.0923384],[121.5884243,25.0923302],[121.5884251,25.0923246],[121.5884253,25.0923238],[121.5884285,25.09231],[121.5884392,25.0922805],[121.5884974,25.0921813],[121.5885612,25.0920869],[121.5885905,25.0920436],[121.5886155,25.0920113],[121.5886156,25.0920113],[121.5886482,25.0919693],[121.5886852,25.0919198],[121.5886908,25.0919123],[121.5886982,25.0919024],[121.5887204,25.0918732],[121.5887853,25.0917684],[121.5888255,25.0916928],[121.5888285,25.0916881],[121.5888357,25.0916763],[121.5888361,25.0916757],[121.5888445,25.0916634],[121.588871,25.0916249],[121.5888711,25.0916247],[121.5888747,25.0916211],[121.5888975,25.0915981],[121.588948,25.0915617],[121.5889588,25.0915539],[121.588966,25.0915495],[121.5889844,25.091538],[121.5890397,25.0915039],[121.5890399,25.0915039],[121.589089,25.0914846],[121.5890948,25.0914823],[121.5890993,25.0914807],[121.5891771,25.0914524],[121.5892045,25.0914399],[121.5892206,25.0914276],[121.5892273,25.0914224],[121.5892319,25.0914192],[121.5892373,25.0914154],[121.5892402,25.0914127],[121.5892406,25.0914123],[121.5892541,25.0914004],[121.5892829,25.091329],[121.5892877,25.0913171],[121.5893219,25.0912453],[121.589331,25.0912265],[121.5894036,25.0910835],[121.5894137,25.0910649],[121.5894212,25.0910475],[121.5894292,25.09103],[121.5894292,25.0910299],[121.5894293,25.0910298],[121.5894639,25.0909538],[121.5894764,25.090918],[121.5894869,25.0908875],[121.5895002,25.0908591],[121.5895469,25.0908097],[121.5896068,25.0907639],[121.5896621,25.0907402],[121.5896629,25.0907398],[121.5896677,25.0907375],[121.5896687,25.0907369],[121.5896767,25.0907323],[121.5897046,25.0907164],[121.5897194,25.0907032],[121.5897196,25.0907031],[121.5897383,25.0906866],[121.5897546,25.0906647],[121.5897627,25.0906537],[121.5897706,25.0906431],[121.5897743,25.0906304],[121.5897779,25.0906178],[121.5897837,25.0905991],[121.5897707,25.0904984],[121.589742,25.090362],[121.5897403,25.0903431],[121.5897346,25.0902788],[121.5897419,25.0902444],[121.589747,25.0902201],[121.5897741,25.09016],[121.589785,25.0901219],[121.5897991,25.0900733],[121.5897999,25.090067],[121.5898041,25.0900384],[121.5898062,25.090025],[121.5898015,25.090012],[121.5897969,25.0899884],[121.5897949,25.0899793],[121.5897948,25.0899788],[121.5897891,25.0899719],[121.5897759,25.0899558],[121.5896792,25.089855],[121.5895586,25.0897339],[121.5895393,25.0897127],[121.5895187,25.0896913],[121.5894927,25.0896641],[121.5894447,25.0896135],[121.5893223,25.0895004],[121.589318,25.0894959],[121.5892594,25.0894549],[121.5892216,25.0894301],[121.5891998,25.0894159],[121.5891666,25.089395],[121.5891252,25.089367],[121.5891009,25.0893407],[121.5890933,25.0893177],[121.5890982,25.0892929],[121.5890982,25.0892929],[121.5891122,25.0892682],[121.5891359,25.0892436],[121.5891801,25.089221],[121.5891809,25.0892206],[121.5892219,25.0892105],[121.5892406,25.0892071],[121.5892721,25.0892029],[121.5892954,25.0891965],[121.5893348,25.0891784],[121.589348,25.0891705],[121.5895043,25.0890774],[121.5896052,25.089017],[121.5896304,25.088999],[121.5896535,25.0889834],[121.5896979,25.0889545],[121.58972,25.0889389],[121.5897285,25.0889328],[121.5897535,25.0889149],[121.5897799,25.0888928],[121.5898102,25.0888675],[121.5898154,25.0888634],[121.5898832,25.0888207],[121.5899027,25.0888132],[121.5899451,25.0887935],[121.589975,25.0887845],[121.589996,25.0887792],[121.5900177,25.0887789],[121.5900348,25.0887769],[121.590043,25.0887772],[121.5900847,25.0887733],[121.5901176,25.0887613],[121.590152,25.0887487],[121.5901913,25.0887356],[121.5902072,25.0887277],[121.5902673,25.0886999],[121.5902924,25.0886826],[121.5903218,25.088657],[121.5903768,25.0885951],[121.5904286,25.0885408],[121.5904895,25.0884985],[121.5905384,25.0884711],[121.590584,25.088451],[121.5906547,25.0884199],[121.5906981,25.0883965],[121.5907166,25.0883857],[121.5907782,25.0883368],[121.5908052,25.088316],[121.5908206,25.0883023],[121.590835,25.088288],[121.5908665,25.0882383],[121.5909499,25.0881083],[121.5909641,25.0880758],[121.5909697,25.0880542],[121.5909842,25.0880141],[121.5909952,25.0879872],[121.5910091,25.0879331],[121.5910169,25.0878793],[121.5910183,25.0878429],[121.5910202,25.0878028],[121.5910246,25.0877486],[121.5910298,25.0876856],[121.5910433,25.0876359],[121.591058,25.0876033],[121.591062,25.0875916],[121.5910651,25.0875873],[121.5910832,25.0875435],[121.5910918,25.0875287],[121.5911063,25.08751],[121.5912138,25.0873817],[121.5912155,25.0873773],[121.5912388,25.0873502],[121.591277,25.0872336],[121.5912792,25.0872272],[121.5912816,25.0872196],[121.5912837,25.0872133],[121.5913473,25.0870143],[121.5913763,25.0869229],[121.5913804,25.08691],[121.5913888,25.0868788],[121.5913898,25.0868751],[121.5913951,25.0868566],[121.5914218,25.0866907],[121.5914232,25.0866818],[121.5914233,25.0866813],[121.5914368,25.086561],[121.5914377,25.0865145],[121.591438,25.0865025],[121.591439,25.0864605],[121.5914347,25.0863457],[121.5914305,25.0862446],[121.5914304,25.0862439],[121.5914331,25.0862336],[121.591435,25.0862261],[121.591435,25.0862261],[121.5914442,25.0862148],[121.5914667,25.0862023],[121.5914951,25.0861932],[121.5914995,25.086193],[121.5915002,25.086193],[121.5915111,25.086193],[121.5918981,25.0861949],[121.5919605,25.0861959],[121.5921477,25.0862019],[121.5921739,25.0862032],[121.592179,25.0861941],[121.5921908,25.0861732],[121.592191,25.0861731],[121.5922234,25.0861598],[121.5922306,25.0861569],[121.5922295,25.0861564],[121.5922058,25.0861469],[121.5922262,25.0861114],[121.5923038,25.0859752],[121.5923284,25.0859311],[121.5923532,25.0858875],[121.592378,25.0858437],[121.5924034,25.0857998],[121.5924286,25.0857558],[121.5924534,25.0857127],[121.5924787,25.0856692],[121.5924963,25.0856423],[121.5925068,25.0856275],[121.592533,25.0855836],[121.5925587,25.0855403],[121.5925845,25.0854967],[121.5926262,25.0854265],[121.5926368,25.0854081],[121.5926332,25.0854049],[121.5926168,25.085404],[121.5925249,25.0854563],[121.5925725,25.085396],[121.5925751,25.0853923],[121.5925755,25.0853599],[121.5925764,25.0853518],[121.5925802,25.0853328],[121.5925923,25.0852742],[121.5926236,25.0851278],[121.5926257,25.0851167],[121.5926308,25.0850952],[121.5926398,25.0850617],[121.5926836,25.0848973],[121.5926295,25.084909],[121.5925761,25.0849215],[121.5925202,25.0849346],[121.5923884,25.084967],[121.5922567,25.0850009],[121.5917935,25.0851308],[121.5916572,25.0851723],[121.5915526,25.085205],[121.5914812,25.0852292],[121.5914374,25.0852442],[121.59136,25.0852706],[121.5913273,25.0852498],[121.5912679,25.0852529],[121.5912248,25.0852549],[121.5911972,25.0852561],[121.5911117,25.0852919],[121.5910416,25.0853001],[121.5909988,25.0853229],[121.5909306,25.085339],[121.5909226,25.0853412],[121.5909163,25.0853434],[121.5909073,25.0853696],[121.5908806,25.0853728],[121.5907872,25.0853855],[121.5906865,25.0854444],[121.5906507,25.0854549],[121.5906209,25.0854643],[121.5906148,25.0854657],[121.5905823,25.0854581],[121.5905648,25.0854545],[121.5905132,25.085426],[121.5904963,25.0854163],[121.5903859,25.0853527],[121.5903525,25.0853484],[121.5903308,25.0853458],[121.5902512,25.0853501],[121.5902118,25.0853648],[121.5902073,25.0853794],[121.590197,25.0854093],[121.5902011,25.0854993],[121.5902013,25.0855192],[121.5902031,25.0855821],[121.5902052,25.0856502],[121.5902059,25.0856849],[121.5902015,25.0857207],[121.5901984,25.0857955],[121.5901984,25.0857969],[121.590198,25.0858054],[121.5901846,25.0858265],[121.5901038,25.0858293],[121.590038,25.0857879],[121.5900039,25.0857676],[121.590035,25.0857094],[121.590035,25.0857093],[121.5900614,25.08566],[121.5900614,25.0856599],[121.5900641,25.0856134],[121.5900641,25.0856134],[121.5900554,25.0855799],[121.5900444,25.0855398],[121.590012,25.0854806],[121.5899695,25.0854561],[121.5899253,25.085457],[121.5898663,25.0854582],[121.5898143,25.0854859],[121.5897977,25.0854952],[121.5897756,25.0855161],[121.5896632,25.0856237],[121.589661,25.0856284],[121.5896136,25.0857503],[121.5896083,25.0857622],[121.5895848,25.0858399],[121.5895659,25.0858698],[121.5894683,25.0859403],[121.5894385,25.0859633],[121.589395,25.0860225],[121.5893446,25.0860535],[121.5892435,25.0860801],[121.5891915,25.0861103],[121.5891604,25.0861314],[121.5891555,25.0861347],[121.5891317,25.0861523],[121.5891002,25.0861623],[121.5890687,25.0861726],[121.5890627,25.0861667],[121.5889202,25.0861682],[121.5888815,25.0861825],[121.5888418,25.0862185],[121.5888078,25.0862705],[121.5888047,25.0862825],[121.5888037,25.0862862],[121.5888234,25.0862961],[121.5888245,25.0863176],[121.5888375,25.0863435],[121.5888489,25.0863694],[121.588944,25.086445],[121.5889586,25.0864836],[121.5889554,25.0864903],[121.5885988,25.0866932],[121.5884744,25.0868106],[121.5884586,25.0868087],[121.5883973,25.086814],[121.5882935,25.0868378],[121.5882529,25.0868556],[121.5882483,25.0868852],[121.5881226,25.0869925],[121.5880774,25.0870051],[121.5880557,25.0870331],[121.5879685,25.0870759],[121.5879041,25.0871198],[121.5878071,25.0872019],[121.58775,25.0872713],[121.5877272,25.0873259],[121.587649,25.0874213],[121.5875627,25.0874935],[121.5874926,25.0874964],[121.5874893,25.0874968],[121.5873683,25.0876174],[121.5874167,25.0876878],[121.5874275,25.0877109],[121.5874374,25.087766],[121.5874029,25.0878444],[121.5872782,25.0879263],[121.5871498,25.0879554],[121.5870298,25.087968],[121.5869765,25.0880313],[121.5868858,25.0881393],[121.5868787,25.0881456],[121.5868706,25.0881507],[121.5868617,25.0881546],[121.5868523,25.0881572],[121.5868425,25.0881582],[121.5868326,25.0881579],[121.5868229,25.088156],[121.5868137,25.0881527],[121.586705,25.0881036],[121.5865647,25.0880401],[121.5865101,25.0880157],[121.5864529,25.0879896],[121.5863246,25.0880123],[121.5860605,25.0880585],[121.5860574,25.0880592],[121.5859981,25.0881612],[121.5859592,25.0882293],[121.5859436,25.0882552],[121.5858804,25.0883591],[121.5858585,25.0883963],[121.585785,25.0884705],[121.5857448,25.0885076],[121.5856531,25.0885918],[121.5856501,25.0885995],[121.5856463,25.0886092],[121.5856224,25.0886681],[121.5856176,25.0886751],[121.5856023,25.0886972],[121.585586,25.0887209],[121.5855842,25.0887821],[121.5855934,25.0888157],[121.5855874,25.0888282],[121.5855765,25.0888514],[121.5855654,25.0888731],[121.585583,25.0888897],[121.5855793,25.0889176],[121.5855382,25.0889183],[121.5855012,25.0889408],[121.5852925,25.0889835],[121.5852614,25.0889937],[121.5851836,25.0890179],[121.5850892,25.0890458],[121.5850738,25.0890506],[121.5846571,25.0891792],[121.5845932,25.0891991],[121.584508,25.089221],[121.5843489,25.0892634],[121.5842751,25.089282],[121.5839099,25.0893774],[121.583827,25.0894327],[121.5835545,25.0896125],[121.583546,25.0896181],[121.5834701,25.0896682],[121.5834348,25.089634],[121.583381,25.0896726],[121.5833124,25.0897223],[121.5832264,25.0897718],[121.5831552,25.0898202],[121.5830908,25.0898541],[121.5830376,25.0898742],[121.5829829,25.0898908],[121.5829527,25.0898999],[121.5829324,25.0899459],[121.5829333,25.0899556],[121.5829052,25.0900682],[121.5829156,25.090163],[121.5828976,25.0902662],[121.5829176,25.0904326],[121.5829212,25.0904654],[121.5829261,25.0906131],[121.5829225,25.0906469],[121.5829131,25.0907505],[121.582913,25.0907511],[121.5828781,25.0908294],[121.5828802,25.0908464],[121.5828899,25.090925],[121.5828719,25.0909605],[121.582897,25.0910818],[121.5828865,25.0911472],[121.5828871,25.091154],[121.5828892,25.09118],[121.5828897,25.0911891],[121.5828726,25.0912291],[121.5828636,25.0912498],[121.5828515,25.0912776],[121.5828158,25.0913592],[121.5827794,25.091551],[121.5827488,25.09171],[121.5827921,25.0919166],[121.5828342,25.0920013],[121.5827595,25.0920798],[121.5827377,25.0920937],[121.5826096,25.092175],[121.5824294,25.0921334],[121.5823647,25.0920908],[121.5823101,25.0920915],[121.5823,25.092093],[121.5822041,25.0921038],[121.5821212,25.0921472],[121.58202,25.0922096],[121.5819598,25.0922904],[121.5819577,25.0922933],[121.5819998,25.0924364],[121.5820389,25.0925441],[121.5819862,25.0926971],[121.5819856,25.0926987],[121.5819648,25.0927255],[121.5819615,25.0927297],[121.581956,25.0927368],[121.5819131,25.0927652],[121.5819075,25.0927689],[121.5818882,25.092804],[121.5819404,25.0928144],[121.5819787,25.092815],[121.5820209,25.0928276],[121.5821451,25.092841],[121.582177,25.0928734],[121.582208,25.0928533],[121.5822299,25.0928786],[121.5822439,25.0928946],[121.5823571,25.0931165],[121.582419,25.0931966],[121.582457,25.0932777],[121.5824268,25.0934623],[121.5824808,25.093553],[121.5824562,25.0936913],[121.5824827,25.0938131],[121.5824828,25.0938155],[121.5824976,25.0941036],[121.5825546,25.0943174],[121.582562,25.0943451],[121.5825632,25.0943498],[121.5825985,25.0949736],[121.58262,25.0950356],[121.5825942,25.0951189],[121.5826371,25.0951427],[121.5826355,25.0951453],[121.5826356,25.0952372],[121.5826248,25.0952528],[121.5825502,25.0953645],[121.5825473,25.0956595],[121.5826018,25.0958976],[121.5826224,25.0959316],[121.5826999,25.0960633],[121.5828533,25.0962459],[121.5830174,25.09644],[121.5830876,25.0965143],[121.583646,25.0971046],[121.5836666,25.0971265],[121.5836666,25.0971273],[121.5836662,25.0972109],[121.5836678,25.0972125],[121.5838607,25.0974145],[121.5838824,25.0974252],[121.5839817,25.0974743],[121.5839889,25.097476],[121.5840297,25.0974859],[121.5843672,25.0975676],[121.5843673,25.0975676],[121.5843689,25.0975689],[121.5845153,25.0976852],[121.5846212,25.0979637],[121.5847431,25.0980731],[121.5847863,25.0981119],[121.5847946,25.0981194],[121.5848729,25.0982016],[121.5849709,25.0983069],[121.585031,25.0983528],[121.5850692,25.0983577],[121.5851627,25.0984052],[121.585182,25.0983989],[121.5851821,25.0983989],[121.5853199,25.098354],[121.5853485,25.0983486],[121.5855906,25.0983056],[121.5855906,25.0983055],[121.5856112,25.0982886],[121.5856315,25.0982718],[121.5856318,25.0982715]]]}},{"type":"Feature","id":263,"properties":{"sectionCode":"0465","sectionName":"碧湖段二小段","districtName":"內湖區","fullName":"內湖區碧湖段二小段"},"geometry":{"type":"Polygon","coordinates":[[[121.5829131,25.0907505],[121.5829225,25.0906469],[121.5829261,25.0906131],[121.5829212,25.0904654],[121.5829176,25.0904326],[121.5828976,25.0902662],[121.5829156,25.090163],[121.5829052,25.0900682],[121.5829333,25.0899556],[121.5829324,25.0899459],[121.5829527,25.0898999],[121.5829829,25.0898908],[121.5830376,25.0898742],[121.5830908,25.0898541],[121.5831552,25.0898202],[121.5832264,25.0897718],[121.5833124,25.0897223],[121.583381,25.0896726],[121.5834348,25.089634],[121.5834701,25.0896682],[121.583546,25.0896181],[121.5835545,25.0896125],[121.583827,25.0894327],[121.5839099,25.0893774],[121.5842751,25.089282],[121.5843489,25.0892634],[121.584508,25.089221],[121.5845932,25.0891991],[121.5846571,25.0891792],[121.5850738,25.0890506],[121.5850892,25.0890458],[121.5851836,25.0890179],[121.5852614,25.0889937],[121.5852925,25.0889835],[121.5855012,25.0889408],[121.5855382,25.0889183],[121.5855793,25.0889176],[121.585583,25.0888897],[121.5855654,25.0888731],[121.5855765,25.0888514],[121.5855874,25.0888282],[121.5855934,25.0888157],[121.5855842,25.0887821],[121.585586,25.0887209],[121.5856023,25.0886972],[121.5856176,25.0886751],[121.5856224,25.0886681],[121.5856463,25.0886092],[121.5856501,25.0885995],[121.5856531,25.0885918],[121.5857448,25.0885076],[121.585785,25.0884705],[121.5858585,25.0883963],[121.5858804,25.0883591],[121.5859436,25.0882552],[121.5859592,25.0882293],[121.5859981,25.0881612],[121.5860574,25.0880592],[121.5860605,25.0880585],[121.5863246,25.0880123],[121.5864529,25.0879896],[121.5865101,25.0880157],[121.5865647,25.0880401],[121.586705,25.0881036],[121.5868137,25.0881527],[121.5868229,25.088156],[121.5868326,25.0881579],[121.5868425,25.0881582],[121.5868523,25.0881572],[121.5868617,25.0881546],[121.5868706,25.0881507],[121.5868787,25.0881456],[121.5868858,25.0881393],[121.5869765,25.0880313],[121.5870298,25.087968],[121.5871498,25.0879554],[121.5872782,25.0879263],[121.5874029,25.0878444],[121.5874374,25.087766],[121.5874275,25.0877109],[121.5874167,25.0876878],[121.5873683,25.0876174],[121.5874893,25.0874968],[121.5874926,25.0874964],[121.5875627,25.0874935],[121.587649,25.0874213],[121.5877272,25.0873259],[121.58775,25.0872713],[121.5878071,25.0872019],[121.5879041,25.0871198],[121.5879685,25.0870759],[121.5880557,25.0870331],[121.5880774,25.0870051],[121.5881226,25.0869925],[121.5882483,25.0868852],[121.5882529,25.0868556],[121.5882935,25.0868378],[121.5883973,25.086814],[121.5884586,25.0868087],[121.5884744,25.0868106],[121.5885988,25.0866932],[121.5889554,25.0864903],[121.5889586,25.0864836],[121.588944,25.086445],[121.5888489,25.0863694],[121.5888375,25.0863435],[121.5888245,25.0863176],[121.5888234,25.0862961],[121.5888037,25.0862862],[121.5888047,25.0862825],[121.5888078,25.0862705],[121.5888418,25.0862185],[121.5888815,25.0861825],[121.5889202,25.0861682],[121.5890627,25.0861667],[121.5890687,25.0861726],[121.5891002,25.0861623],[121.5891317,25.0861523],[121.5891555,25.0861347],[121.5891604,25.0861314],[121.5891915,25.0861103],[121.5892435,25.0860801],[121.5893446,25.0860535],[121.589395,25.0860225],[121.5894385,25.0859633],[121.5894683,25.0859403],[121.5895659,25.0858698],[121.5895848,25.0858399],[121.5896083,25.0857622],[121.5896136,25.0857503],[121.589661,25.0856284],[121.5896632,25.0856237],[121.5897756,25.0855161],[121.5897977,25.0854952],[121.5898143,25.0854859],[121.5898663,25.0854582],[121.5899253,25.085457],[121.5899695,25.0854561],[121.590012,25.0854806],[121.5900444,25.0855398],[121.5900554,25.0855799],[121.5900641,25.0856134],[121.5900641,25.0856135],[121.5900614,25.0856599],[121.5900614,25.0856599],[121.5900349,25.0857093],[121.5900038,25.0857675],[121.590038,25.0857879],[121.5901038,25.0858293],[121.5901846,25.0858265],[121.590198,25.0858054],[121.5901984,25.0857969],[121.5901984,25.0857955],[121.5902015,25.0857207],[121.5902059,25.0856849],[121.5902052,25.0856502],[121.5902031,25.0855821],[121.5902013,25.0855192],[121.5902011,25.0854993],[121.590197,25.0854093],[121.5902073,25.0853794],[121.5902118,25.0853648],[121.5902512,25.0853501],[121.5903308,25.0853458],[121.5903525,25.0853484],[121.5903859,25.0853527],[121.5904963,25.0854163],[121.5905132,25.085426],[121.5905648,25.0854545],[121.5905823,25.0854581],[121.5906148,25.0854657],[121.5906209,25.0854643],[121.5906507,25.0854549],[121.5906865,25.0854444],[121.5907872,25.0853855],[121.5908806,25.0853728],[121.5909073,25.0853696],[121.5909163,25.0853434],[121.5909226,25.0853412],[121.5909306,25.085339],[121.5909988,25.0853229],[121.5910416,25.0853001],[121.5911117,25.0852919],[121.5911972,25.0852561],[121.5912248,25.0852549],[121.5912679,25.0852529],[121.5913273,25.0852498],[121.59136,25.0852706],[121.5914374,25.0852442],[121.5914812,25.0852292],[121.5915526,25.085205],[121.5916572,25.0851723],[121.5917935,25.0851308],[121.5922567,25.0850009],[121.5923884,25.084967],[121.5925202,25.0849346],[121.5925761,25.0849215],[121.5926295,25.084909],[121.5926836,25.0848973],[121.5926864,25.0848847],[121.5927241,25.0847569],[121.592725,25.084753],[121.592728,25.0847178],[121.592728,25.0847175],[121.59273,25.0846974],[121.5927357,25.0846308],[121.5927367,25.0846196],[121.5927448,25.0845845],[121.5927522,25.0845481],[121.5927723,25.0844604],[121.5927755,25.0844436],[121.5927791,25.0844351],[121.5928193,25.0843393],[121.5928421,25.0842891],[121.592844,25.0842851],[121.592847,25.0842785],[121.5928708,25.0842526],[121.5929043,25.084216],[121.5929046,25.0842108],[121.5929091,25.0841377],[121.592924,25.0841144],[121.5928983,25.0840834],[121.5928983,25.0840834],[121.5929081,25.0840817],[121.5929093,25.0840815],[121.5929416,25.0840757],[121.5929586,25.0840695],[121.5929823,25.0840517],[121.592892,25.0839804],[121.592892,25.0839804],[121.5928632,25.0839575],[121.5928631,25.0839575],[121.592827,25.0839291],[121.592827,25.0839291],[121.5927789,25.083891],[121.5927789,25.083891],[121.5927386,25.0838591],[121.5927386,25.0838591],[121.592662,25.0837974],[121.592662,25.0837974],[121.5926136,25.0837604],[121.5926136,25.0837604],[121.5925689,25.083725],[121.5925689,25.083725],[121.5924616,25.0836401],[121.5924616,25.0836401],[121.5924459,25.0836265],[121.5924459,25.0836265],[121.5924151,25.0836021],[121.5924143,25.0836025],[121.5923746,25.0835713],[121.5923746,25.0835713],[121.5923422,25.083546],[121.5923112,25.0835214],[121.5923112,25.0835213],[121.5922804,25.0834969],[121.5922803,25.0834969],[121.5922679,25.0834872],[121.5922634,25.0834837],[121.59224,25.0834651],[121.59224,25.0834651],[121.5922077,25.0834399],[121.5922077,25.0834398],[121.5921728,25.0834119],[121.5921691,25.083409],[121.5921381,25.0833844],[121.5921065,25.0833597],[121.5920656,25.0833272],[121.5920235,25.0832941],[121.5919816,25.0832608],[121.591951,25.0832365],[121.5919102,25.0832045],[121.5918823,25.0831822],[121.5918416,25.0831501],[121.5918011,25.083118],[121.5917602,25.0830856],[121.5917195,25.0830533],[121.5916718,25.0830158],[121.5916381,25.082989],[121.5916029,25.0829614],[121.5915117,25.0828884],[121.5914755,25.08286],[121.5914358,25.0828283],[121.5913942,25.0827951],[121.591355,25.0827643],[121.5913161,25.0827335],[121.5912765,25.0827018],[121.5912347,25.0826687],[121.5912205,25.0826567],[121.5911948,25.0826376],[121.5911473,25.0825995],[121.5911065,25.0825672],[121.5910273,25.0825044],[121.5909806,25.0824675],[121.590905,25.0824075],[121.5908668,25.0823772],[121.5908375,25.0823538],[121.590769,25.0823],[121.5905238,25.0821044],[121.5905007,25.0820869],[121.5904973,25.0820842],[121.5904241,25.0820259],[121.5904155,25.0820194],[121.5904057,25.0820121],[121.5904045,25.0820112],[121.5903914,25.0820005],[121.5903503,25.0819686],[121.5903227,25.0819618],[121.5902626,25.0819469],[121.5900746,25.0819027],[121.5900675,25.0819011],[121.5900044,25.0818862],[121.589881,25.0818576],[121.589671,25.0818075],[121.5896619,25.0818053],[121.5894579,25.0817568],[121.5894484,25.0817545],[121.5893039,25.0817201],[121.589292,25.0817173],[121.5890903,25.0816695],[121.5889833,25.0816436],[121.5889653,25.081639],[121.5889503,25.0816351],[121.588852,25.0816123],[121.5887839,25.0815964],[121.5887172,25.0815789],[121.5886499,25.0815626],[121.5885825,25.0815466],[121.588554,25.0815398],[121.588351,25.0814913],[121.5878559,25.0813728],[121.5874916,25.0812869],[121.5874872,25.0813056],[121.5874782,25.0813475],[121.5874687,25.0813948],[121.5874642,25.0814151],[121.5874573,25.0814475],[121.5874158,25.0816419],[121.5874064,25.0816834],[121.5873835,25.0817983],[121.5873712,25.0818612],[121.5873612,25.0818862],[121.5873458,25.0819277],[121.5873351,25.0819549],[121.5871831,25.0823555],[121.5871625,25.0824114],[121.5871269,25.0825081],[121.5870955,25.0825893],[121.587072,25.0826436],[121.5870586,25.0826734],[121.5870401,25.0827136],[121.5870186,25.0827572],[121.5870141,25.0827666],[121.5870081,25.0827772],[121.5869826,25.0828208],[121.5869793,25.0828267],[121.586966,25.0828487],[121.5869417,25.0828883],[121.5868613,25.0830068],[121.58683,25.0830496],[121.5867973,25.0830932],[121.5867604,25.0831426],[121.5867385,25.0831708],[121.5867211,25.0831939],[121.5866801,25.0832478],[121.5866573,25.0832767],[121.586651,25.083285],[121.5866315,25.0833072],[121.5866133,25.0833298],[121.5866126,25.0833307],[121.5865768,25.083372],[121.5865642,25.0833858],[121.5864831,25.083466],[121.5864732,25.083476],[121.5864533,25.0834961],[121.5863926,25.0835553],[121.5863644,25.0835815],[121.5863293,25.083614],[121.5862928,25.0836458],[121.5862539,25.0836784],[121.5862092,25.0837149],[121.5861704,25.0837465],[121.5861417,25.0837677],[121.5861084,25.0837931],[121.5860878,25.0838086],[121.5860764,25.0838168],[121.5860708,25.0838207],[121.5860297,25.0838459],[121.5859815,25.0838746],[121.5859257,25.0839068],[121.5859061,25.0839185],[121.5857391,25.0840118],[121.5856448,25.0840655],[121.5854048,25.0841803],[121.5852365,25.0841884],[121.5852361,25.0841884],[121.5852294,25.0841887],[121.5852124,25.0841892],[121.5852109,25.0841888],[121.5851509,25.0842029],[121.5850446,25.0842267],[121.58498,25.084242],[121.5848459,25.0842736],[121.58478,25.08429],[121.5846739,25.0843143],[121.584653,25.0843181],[121.5845654,25.0843357],[121.584457,25.0843533],[121.5843502,25.0843714],[121.5842426,25.0843903],[121.5841343,25.0844053],[121.5840265,25.0844188],[121.5839175,25.0844305],[121.5838655,25.0844351],[121.5836954,25.0844497],[121.5836464,25.0844537],[121.5835427,25.0844613],[121.5834374,25.0844692],[121.5834116,25.0844711],[121.5833351,25.0844769],[121.5832384,25.0844847],[121.5832294,25.0844854],[121.5829974,25.0845032],[121.5829692,25.0845053],[121.5829521,25.0845066],[121.5828967,25.0845105],[121.5828868,25.0845114],[121.5822798,25.0845526],[121.5820655,25.0845672],[121.5818721,25.0845742],[121.5818697,25.0845743],[121.5816596,25.0845813],[121.5813963,25.0845882],[121.5812141,25.0845947],[121.5810808,25.0845977],[121.5810243,25.0845996],[121.5808895,25.0846034],[121.5807849,25.0846036],[121.5806705,25.0846047],[121.5805892,25.084605],[121.5806017,25.0846193],[121.580612,25.0846323],[121.5806315,25.084741],[121.5806336,25.0847505],[121.5806366,25.0847608],[121.580633,25.0847662],[121.580624,25.0847839],[121.5806179,25.0847817],[121.5806074,25.0847866],[121.5805793,25.0848023],[121.5804827,25.084855],[121.5804489,25.0848737],[121.5804566,25.0849132],[121.5804938,25.0850881],[121.5805884,25.0851857],[121.5806394,25.0852382],[121.5807492,25.0854428],[121.5808041,25.085693],[121.5809019,25.0858438],[121.5808501,25.0859279],[121.580723,25.0860921],[121.5807672,25.0862429],[121.5807254,25.0864325],[121.5807601,25.0869341],[121.5806833,25.0872506],[121.5807087,25.0873904],[121.5806226,25.0875798],[121.5805102,25.0876116],[121.5804359,25.0878804],[121.5804887,25.0882399],[121.5800855,25.0883656],[121.5800038,25.0884675],[121.5798297,25.0891992],[121.5798335,25.089199],[121.5799785,25.0892235],[121.5801117,25.0892401],[121.5802738,25.0894899],[121.580794,25.0897186],[121.5809187,25.0899143],[121.5810598,25.090014],[121.581135,25.0900282],[121.5813549,25.0901822],[121.5815237,25.0902409],[121.5815255,25.0902425],[121.5815306,25.0902468],[121.5815306,25.0902468],[121.5817473,25.0904292],[121.5817483,25.09043],[121.5817571,25.0904335],[121.581816,25.0904568],[121.5818382,25.090462],[121.5818705,25.090469],[121.581871,25.0904706],[121.5818756,25.0904851],[121.5818785,25.0904851],[121.5818866,25.090485],[121.5819063,25.0904848],[121.5819334,25.0904806],[121.5819366,25.0904794],[121.5819394,25.0904784],[121.5819402,25.090479],[121.5819556,25.0904905],[121.5819556,25.0904905],[121.5819729,25.0905032],[121.5819729,25.0905033],[121.5819744,25.0905043],[121.5820308,25.0905444],[121.5820325,25.0905457],[121.5820621,25.0905411],[121.5820746,25.0905391],[121.5821015,25.0905365],[121.5821451,25.0905322],[121.5821541,25.0905314],[121.5821544,25.0905313],[121.5822417,25.0904914],[121.5823228,25.0904758],[121.5823228,25.0904761],[121.5823263,25.090508],[121.5823094,25.0905279],[121.5823253,25.0905513],[121.5823224,25.0905663],[121.5823249,25.0905665],[121.5823292,25.0905668],[121.5823487,25.0905683],[121.5823403,25.0905987],[121.5824165,25.0906684],[121.582418,25.0906679],[121.5824621,25.0906547],[121.582463,25.0906525],[121.5824679,25.0906541],[121.5824702,25.0906549],[121.5827192,25.0907359],[121.58282,25.090736],[121.582913,25.0907511],[121.5829131,25.0907505]]]}},{"type":"Feature","id":264,"properties":{"sectionCode":"0466","sectionName":"碧湖段三小段","districtName":"內湖區","fullName":"內湖區碧湖段三小段"},"geometry":{"type":"Polygon","coordinates":[[[121.5806705,25.0846047],[121.5807849,25.0846036],[121.5808895,25.0846034],[121.5810243,25.0845996],[121.5810808,25.0845977],[121.5812141,25.0845947],[121.5813963,25.0845882],[121.5816596,25.0845813],[121.5818697,25.0845743],[121.5818721,25.0845742],[121.5820655,25.0845672],[121.5822798,25.0845526],[121.5828868,25.0845114],[121.5828967,25.0845105],[121.5829521,25.0845066],[121.5829692,25.0845053],[121.5829974,25.0845032],[121.5832294,25.0844854],[121.5832384,25.0844847],[121.5833351,25.0844769],[121.5834116,25.0844711],[121.5834374,25.0844692],[121.5835427,25.0844613],[121.5836464,25.0844537],[121.5836954,25.0844497],[121.5838655,25.0844351],[121.5839175,25.0844305],[121.5840265,25.0844188],[121.5841343,25.0844053],[121.5842426,25.0843903],[121.5843502,25.0843714],[121.584457,25.0843533],[121.5845654,25.0843357],[121.584653,25.0843181],[121.5846739,25.0843143],[121.58478,25.08429],[121.5848459,25.0842736],[121.58498,25.084242],[121.5850446,25.0842267],[121.5851509,25.0842029],[121.5852109,25.0841888],[121.5852124,25.0841892],[121.5852294,25.0841887],[121.5852361,25.0841884],[121.5852365,25.0841884],[121.5854048,25.0841803],[121.5856448,25.0840655],[121.5857391,25.0840118],[121.5859061,25.0839185],[121.5859257,25.0839068],[121.5859815,25.0838746],[121.5860297,25.0838459],[121.5860708,25.0838207],[121.5860764,25.0838168],[121.5860878,25.0838086],[121.5861084,25.0837931],[121.5861417,25.0837677],[121.5861704,25.0837465],[121.5862092,25.0837149],[121.5862539,25.0836784],[121.5862928,25.0836458],[121.5863293,25.083614],[121.5863644,25.0835815],[121.5863926,25.0835553],[121.5864533,25.0834961],[121.5864732,25.083476],[121.5864831,25.083466],[121.5865642,25.0833858],[121.5865768,25.083372],[121.5866126,25.0833307],[121.5866133,25.0833298],[121.5866315,25.0833072],[121.586651,25.083285],[121.5866573,25.0832767],[121.5866801,25.0832478],[121.5867211,25.0831939],[121.5867385,25.0831708],[121.5867604,25.0831426],[121.5867973,25.0830932],[121.58683,25.0830496],[121.5868613,25.0830068],[121.5869417,25.0828883],[121.586966,25.0828487],[121.5869793,25.0828267],[121.5869826,25.0828208],[121.5870081,25.0827772],[121.5870141,25.0827666],[121.5870186,25.0827572],[121.5870401,25.0827136],[121.5870586,25.0826734],[121.587072,25.0826436],[121.5870955,25.0825893],[121.5871269,25.0825081],[121.5871625,25.0824114],[121.5871831,25.0823555],[121.5873351,25.0819549],[121.5873458,25.0819277],[121.5873612,25.0818862],[121.5873712,25.0818612],[121.5873835,25.0817983],[121.5874064,25.0816834],[121.5874158,25.0816419],[121.5874573,25.0814475],[121.5874642,25.0814151],[121.5874687,25.0813948],[121.5874782,25.0813475],[121.5874872,25.0813056],[121.5874916,25.0812869],[121.5873444,25.081253],[121.5871522,25.0812073],[121.5871423,25.0812049],[121.5871406,25.0812045],[121.5870369,25.0811799],[121.5870199,25.081176],[121.586988,25.0811683],[121.586851,25.081136],[121.5867741,25.0811178],[121.5867094,25.0811028],[121.5866933,25.0810987],[121.5865385,25.0810625],[121.5864789,25.0810483],[121.5864742,25.0810471],[121.586334,25.0810138],[121.5862763,25.0810002],[121.5862,25.0809831],[121.5861589,25.0809729],[121.5861244,25.0809647],[121.5860424,25.0809457],[121.5860398,25.0809451],[121.585232,25.0807536],[121.5852051,25.0807473],[121.5850455,25.0807094],[121.5848639,25.0806542],[121.584692,25.0805771],[121.5846218,25.0805401],[121.5845264,25.0804897],[121.5844856,25.0804682],[121.5844162,25.0804315],[121.5843735,25.080409],[121.5841999,25.0803173],[121.584147,25.0802894],[121.5839296,25.0801747],[121.5837692,25.0800977],[121.5837516,25.0800902],[121.5836938,25.080067],[121.5836713,25.0800585],[121.5835934,25.0800312],[121.5835837,25.080028],[121.5835557,25.080019],[121.5835407,25.0800141],[121.5835132,25.0800048],[121.5834808,25.0799935],[121.5834148,25.0799707],[121.5834072,25.0799682],[121.5833685,25.0799566],[121.5829257,25.0798052],[121.582865,25.0797847],[121.5828463,25.0797786],[121.5827952,25.0797621],[121.5827496,25.0797473],[121.5827002,25.0797312],[121.5826825,25.0797255],[121.582598,25.0796982],[121.5824957,25.0796653],[121.5824371,25.0796464],[121.5824206,25.079641],[121.5822255,25.079578],[121.5821751,25.079562],[121.5821239,25.0795454],[121.5820721,25.0795287],[121.5820575,25.0795239],[121.5820382,25.0795177],[121.5820154,25.0795104],[121.5820059,25.0795083],[121.5819911,25.0795028],[121.5819727,25.0794968],[121.5819387,25.0794861],[121.581882,25.0794682],[121.5818191,25.0794478],[121.5817647,25.0794305],[121.5817243,25.0794175],[121.5816845,25.0794047],[121.5816348,25.0793889],[121.5815935,25.0793757],[121.5815455,25.0793598],[121.5814943,25.0793433],[121.5814412,25.0793265],[121.5813929,25.0793118],[121.5813407,25.079295],[121.5812829,25.0792764],[121.5812371,25.0792619],[121.5811344,25.0792287],[121.5810835,25.0792122],[121.5810331,25.0791959],[121.5809809,25.0791791],[121.5809374,25.079165],[121.5808805,25.0791466],[121.5808704,25.0791433],[121.5807684,25.0791098],[121.5807396,25.0791012],[121.5807326,25.0790991],[121.5807002,25.0790887],[121.5806962,25.0790876],[121.5806915,25.0790861],[121.580653,25.0790738],[121.5806457,25.0790715],[121.5805787,25.07905],[121.5805786,25.07905],[121.5805734,25.0790483],[121.5805733,25.0790483],[121.5805458,25.0790394],[121.5805458,25.0790394],[121.5805381,25.079037],[121.5805052,25.0790265],[121.5805051,25.0790265],[121.5804633,25.0790132],[121.5804633,25.0790132],[121.5804173,25.0789982],[121.5804173,25.0789982],[121.5803667,25.0789819],[121.580111,25.0788995],[121.580111,25.0788995],[121.5797676,25.0787882],[121.5797671,25.0787881],[121.5797448,25.0787812],[121.5797445,25.0787811],[121.5797257,25.0787745],[121.5796755,25.0787583],[121.5795546,25.0787193],[121.5795542,25.0787191],[121.579472,25.0786921],[121.5794717,25.078692],[121.579374,25.0786604],[121.5788627,25.0784948],[121.5788625,25.0784947],[121.5788342,25.0785024],[121.5788341,25.0785024],[121.5788134,25.0785071],[121.5787569,25.0785243],[121.5787569,25.0785243],[121.5787359,25.0785306],[121.5787356,25.0785307],[121.5787261,25.0785343],[121.5787258,25.0785344],[121.5786232,25.0785686],[121.5785965,25.0785784],[121.5785954,25.0785788],[121.578538,25.0786019],[121.5784606,25.0786334],[121.5783981,25.0786588],[121.5782015,25.07874],[121.5781743,25.0787511],[121.5781658,25.0787546],[121.5781475,25.0787621],[121.5780427,25.0788048],[121.5780267,25.0788114],[121.5775934,25.0789883],[121.5773744,25.0790783],[121.5773221,25.0790998],[121.5772899,25.0790647],[121.5772888,25.0790637],[121.5772537,25.0790331],[121.5771974,25.078993],[121.5771364,25.0789592],[121.5770714,25.0789321],[121.5770087,25.0789135],[121.5769441,25.0789019],[121.5768759,25.0788964],[121.5768075,25.0788981],[121.5767405,25.0789067],[121.5766748,25.0789215],[121.5766409,25.0789332],[121.5765767,25.0789602],[121.5765164,25.078994],[121.5764611,25.0790341],[121.5764347,25.0790572],[121.5763705,25.0791274],[121.5763202,25.0792063],[121.576285,25.0792918],[121.576266,25.0793814],[121.5762638,25.0794727],[121.5762669,25.0795008],[121.5762754,25.0795488],[121.5762892,25.0795958],[121.5762892,25.0795959],[121.5763049,25.0796352],[121.5763317,25.0796885],[121.5763352,25.0796954],[121.576373,25.0797519],[121.576373,25.0797519],[121.5763733,25.0797522],[121.5764222,25.0798046],[121.576435,25.0798183],[121.576451,25.0798308],[121.5764902,25.0798612],[121.5765079,25.0798749],[121.5765224,25.0798829],[121.5765675,25.0799078],[121.5765898,25.0799201],[121.5766015,25.0799244],[121.5766528,25.0799433],[121.5766785,25.0799528],[121.5766868,25.0799545],[121.5767466,25.0799669],[121.5767719,25.0799722],[121.5767761,25.0799724],[121.5768674,25.0799777],[121.5768854,25.0799771],[121.5768936,25.0799767],[121.5769806,25.0799657],[121.5770649,25.0799434],[121.5770739,25.0799406],[121.5770826,25.0799368],[121.5771115,25.0799752],[121.5771438,25.0800184],[121.5771785,25.0800645],[121.5772138,25.0801112],[121.5772473,25.0801557],[121.5772835,25.0802031],[121.5773164,25.0802475],[121.577358,25.080303],[121.5773962,25.0803535],[121.5774313,25.0804002],[121.5774496,25.0804241],[121.5776838,25.0807319],[121.5777527,25.0808232],[121.5777841,25.080863],[121.5779377,25.0811028],[121.578045,25.0813626],[121.578103,25.0816352],[121.5781138,25.0818078],[121.5781138,25.0818546],[121.5781131,25.0818841],[121.5781131,25.0818842],[121.5781116,25.081904],[121.5781026,25.0821464],[121.5780745,25.0821504],[121.5781015,25.0822014],[121.5781005,25.082258],[121.5780987,25.0823639],[121.5780949,25.082566],[121.5780942,25.0825883],[121.578092,25.0826965],[121.5780908,25.0827707],[121.5780835,25.0831967],[121.578083,25.0832006],[121.578083,25.083201],[121.5780828,25.0832116],[121.5780821,25.0832458],[121.578082,25.0832565],[121.578082,25.0832865],[121.5780653,25.0832969],[121.5780592,25.0833007],[121.5780633,25.0833019],[121.5780673,25.0833037],[121.5780708,25.083306],[121.5780739,25.0833088],[121.578074,25.0833088],[121.5780766,25.083312],[121.5780786,25.0833156],[121.57808,25.0833193],[121.5780808,25.0833233],[121.5780727,25.0837814],[121.5780728,25.0837863],[121.5780719,25.0837911],[121.5780701,25.0837957],[121.5780675,25.0838],[121.5780641,25.0838038],[121.57806,25.0838069],[121.578067,25.0838276],[121.5782321,25.0839055],[121.5782322,25.0839056],[121.5783415,25.0839695],[121.5783415,25.0839695],[121.5789288,25.0843091],[121.5789501,25.0843221],[121.5789778,25.0843379],[121.5790356,25.0843728],[121.5790953,25.0844057],[121.579119,25.0844184],[121.5792614,25.0844818],[121.5793451,25.0845136],[121.5794791,25.084553],[121.5795035,25.0845592],[121.5795035,25.0845592],[121.5796476,25.0845866],[121.5796573,25.0845882],[121.5798595,25.0846056],[121.5799179,25.0846066],[121.580077,25.084606],[121.5802164,25.0846049],[121.5802247,25.084605],[121.5803852,25.0846044],[121.5805892,25.084605],[121.5806705,25.0846047]]]}},{"type":"Feature","id":265,"properties":{"sectionCode":"0467","sectionName":"碧湖段四小段","districtName":"內湖區","fullName":"內湖區碧湖段四小段"},"geometry":{"type":"Polygon","coordinates":[[[121.5710908,25.0932333],[121.571159,25.0932324],[121.5717075,25.0932324],[121.5720523,25.0931511],[121.5723202,25.0930984],[121.572571,25.0930394],[121.5725776,25.0930368],[121.5729164,25.0929061],[121.5729166,25.092906],[121.5729616,25.0928887],[121.5732202,25.0928871],[121.5732251,25.0928859],[121.5734018,25.0928423],[121.5734019,25.0928422],[121.5735955,25.0927944],[121.5736191,25.0927886],[121.5736475,25.0927815],[121.5738461,25.0926251],[121.5738583,25.0926155],[121.5738603,25.0926139],[121.573889,25.092533],[121.5741283,25.0923998],[121.5741394,25.0923937],[121.5741737,25.0923748],[121.574174,25.0923736],[121.574203,25.0922557],[121.5742169,25.0921993],[121.5743269,25.0920941],[121.5743271,25.0920938],[121.5743817,25.0920285],[121.5745079,25.0918772],[121.5745087,25.0918745],[121.5745394,25.0917606],[121.5745466,25.0917338],[121.5746487,25.0915639],[121.5747095,25.091488],[121.5747214,25.091473],[121.5747217,25.0914728],[121.5748452,25.091395],[121.5749472,25.0913308],[121.5750083,25.0912842],[121.5750586,25.0912467],[121.5750596,25.0912466],[121.5750781,25.0912448],[121.5750781,25.0912446],[121.5750774,25.0912281],[121.575153,25.0911479],[121.5752139,25.0910832],[121.5753255,25.0910596],[121.575456,25.0910321],[121.5755369,25.0909768],[121.5755905,25.0909405],[121.5756031,25.0909344],[121.5757035,25.0908856],[121.5758374,25.0908274],[121.5759085,25.0907576],[121.5760454,25.0906237],[121.5764492,25.0904594],[121.576598,25.090463],[121.5766541,25.0904923],[121.5766578,25.0904919],[121.5767706,25.0904669],[121.5773183,25.0902533],[121.5775212,25.0900789],[121.5778049,25.0899565],[121.5779028,25.0899722],[121.5779609,25.0900185],[121.5779615,25.090019],[121.5779794,25.0898328],[121.5780657,25.0895419],[121.5780788,25.0894978],[121.5780716,25.0894177],[121.5780716,25.0894176],[121.5780696,25.0893952],[121.5781041,25.0893423],[121.5781559,25.0892627],[121.5783468,25.0891988],[121.5784797,25.089155],[121.5787471,25.0891666],[121.5789427,25.0892027],[121.5791357,25.0892491],[121.5792332,25.0892282],[121.5793668,25.0892478],[121.5798297,25.0891992],[121.5800038,25.0884675],[121.5800855,25.0883656],[121.5804887,25.0882399],[121.5804359,25.0878804],[121.5805102,25.0876116],[121.5806226,25.0875798],[121.5807087,25.0873904],[121.5806833,25.0872506],[121.5807601,25.0869341],[121.5807254,25.0864325],[121.5807672,25.0862429],[121.580723,25.0860921],[121.5808501,25.0859279],[121.5809019,25.0858438],[121.5808041,25.085693],[121.5807492,25.0854428],[121.5806394,25.0852382],[121.5805884,25.0851857],[121.5804938,25.0850881],[121.5804566,25.0849132],[121.5804489,25.0848737],[121.5804827,25.084855],[121.5805793,25.0848023],[121.5806074,25.0847866],[121.5806179,25.0847817],[121.580624,25.0847839],[121.580633,25.0847662],[121.5806366,25.0847608],[121.5806336,25.0847505],[121.5806315,25.084741],[121.580612,25.0846323],[121.5806017,25.0846193],[121.5805892,25.084605],[121.5803852,25.0846044],[121.5802248,25.084605],[121.5802164,25.0846049],[121.580077,25.084606],[121.5799179,25.0846066],[121.5798595,25.0846056],[121.5796574,25.0845882],[121.5796476,25.0845866],[121.5795035,25.0845592],[121.5795035,25.0845592],[121.5794791,25.084553],[121.5793451,25.0845136],[121.5792614,25.0844818],[121.579119,25.0844184],[121.5790953,25.0844057],[121.5790356,25.0843728],[121.5789778,25.0843379],[121.5789501,25.0843221],[121.5789288,25.0843091],[121.5783415,25.0839695],[121.5783415,25.0839695],[121.5782322,25.0839056],[121.5782321,25.0839055],[121.578067,25.0838276],[121.5780669,25.0838276],[121.5780599,25.0838069],[121.578064,25.0838037],[121.5780674,25.0838],[121.5780701,25.0837957],[121.5780719,25.0837911],[121.5780728,25.0837863],[121.5780727,25.0837814],[121.5780732,25.0837544],[121.5780807,25.0833233],[121.57808,25.0833193],[121.5780786,25.0833156],[121.5780766,25.083312],[121.578074,25.0833088],[121.5780739,25.0833088],[121.5780708,25.083306],[121.5780673,25.0833037],[121.5780633,25.0833019],[121.5780592,25.0833007],[121.5780591,25.0833007],[121.5780652,25.0832969],[121.578082,25.0832865],[121.578082,25.0832565],[121.5780821,25.0832458],[121.5780826,25.0832199],[121.5780828,25.0832116],[121.578083,25.083201],[121.578083,25.0832006],[121.5780835,25.0831967],[121.5780908,25.0827707],[121.578092,25.0826965],[121.5780942,25.0825883],[121.5780949,25.082566],[121.5780987,25.0823639],[121.5781005,25.082258],[121.5781015,25.0822014],[121.5780745,25.0821504],[121.5781026,25.0821464],[121.5781116,25.081904],[121.5781131,25.0818842],[121.5781131,25.0818841],[121.5781138,25.0818546],[121.5781138,25.0818078],[121.578103,25.0816352],[121.578045,25.0813626],[121.5779377,25.0811028],[121.5777841,25.080863],[121.5777527,25.0808232],[121.5776838,25.0807319],[121.5774496,25.0804241],[121.5774313,25.0804002],[121.5773962,25.0803535],[121.577358,25.080303],[121.5773164,25.0802475],[121.5772835,25.0802031],[121.5772531,25.0801637],[121.5772473,25.0801557],[121.5772138,25.0801112],[121.5771785,25.0800645],[121.5771438,25.0800184],[121.5771115,25.0799752],[121.5770826,25.0799368],[121.5770826,25.0799368],[121.5770739,25.0799405],[121.5770649,25.0799434],[121.5769806,25.0799656],[121.5768936,25.0799767],[121.5768854,25.0799771],[121.5768674,25.0799777],[121.5767808,25.0799733],[121.5767761,25.0799724],[121.5767466,25.0799669],[121.5766958,25.0799575],[121.5766868,25.0799545],[121.5766528,25.0799433],[121.5766142,25.0799306],[121.5766015,25.0799244],[121.5765675,25.0799078],[121.5765377,25.0798933],[121.5765224,25.0798829],[121.5764902,25.0798612],[121.576468,25.0798462],[121.576451,25.0798308],[121.5764222,25.0798046],[121.5764066,25.0797904],[121.5763733,25.0797522],[121.576373,25.0797519],[121.576373,25.0797519],[121.5763317,25.0796885],[121.5763284,25.0796834],[121.5763049,25.0796352],[121.5763049,25.0796352],[121.5762892,25.0795959],[121.5762892,25.0795958],[121.5762754,25.0795488],[121.5762669,25.0795008],[121.5762403,25.0795116],[121.5760105,25.0796054],[121.5756929,25.0797349],[121.5753866,25.0798598],[121.5752475,25.0799165],[121.5751831,25.0799427],[121.5751422,25.079957],[121.575114,25.0799668],[121.5747835,25.0800818],[121.5742124,25.0802806],[121.5742095,25.0802816],[121.5741375,25.0803069],[121.5732833,25.0806049],[121.5732692,25.0806097],[121.5731344,25.0806569],[121.5730562,25.0806831],[121.5726644,25.0808196],[121.5724984,25.0808774],[121.5724927,25.0808794],[121.5724552,25.0808924],[121.5724294,25.0809014],[121.5723676,25.0809229],[121.5723595,25.0809258],[121.5723539,25.0809277],[121.5723123,25.0809422],[121.5722632,25.0809594],[121.5722576,25.0809613],[121.5722224,25.0809735],[121.572117,25.0810059],[121.5720802,25.0810172],[121.5719918,25.0810444],[121.5719034,25.0810715],[121.5717252,25.0811262],[121.571631,25.0811551],[121.5709647,25.0813596],[121.5707824,25.0814157],[121.5707581,25.0814244],[121.5707925,25.0815171],[121.5707982,25.0815325],[121.5708171,25.0815832],[121.5708202,25.0815916],[121.5708302,25.0816191],[121.5708369,25.0816376],[121.5708527,25.0816812],[121.5708531,25.0816823],[121.5709179,25.0818578],[121.5710019,25.082085],[121.5710053,25.0820943],[121.5710112,25.0821103],[121.5710496,25.0822142],[121.5710572,25.0822347],[121.5712192,25.0826735],[121.5712401,25.0827162],[121.5713744,25.0829909],[121.5714293,25.0831032],[121.5714569,25.0831597],[121.5714623,25.0831707],[121.5715386,25.0833252],[121.5715947,25.0834388],[121.571616,25.083482],[121.5716605,25.0835722],[121.5717417,25.0837366],[121.5718099,25.0838748],[121.5718109,25.0838799],[121.571811,25.083885],[121.5718102,25.08389],[121.5718086,25.0838949],[121.5718062,25.0838995],[121.571803,25.0839037],[121.5717994,25.0839074],[121.571795,25.0839105],[121.5717902,25.0839129],[121.5717849,25.0839145],[121.5714859,25.0840059],[121.5713907,25.0840338],[121.5712541,25.0840725],[121.5710173,25.084132],[121.5710172,25.0841321],[121.5709259,25.0841529],[121.5708071,25.0841779],[121.570777,25.0841837],[121.5707728,25.0841845],[121.5706875,25.084201],[121.5706407,25.0842101],[121.5706162,25.0842137],[121.5706118,25.0842143],[121.5702087,25.0842732],[121.5701984,25.0842747],[121.5701969,25.0842749],[121.5702013,25.0842913],[121.5702013,25.0842916],[121.5702049,25.084304],[121.5702257,25.084377],[121.5702313,25.0843965],[121.5702342,25.0844084],[121.5702897,25.0846117],[121.5702934,25.0846249],[121.5702922,25.0847014],[121.5702921,25.0847045],[121.5702891,25.0848944],[121.5702675,25.0851019],[121.5702575,25.0851311],[121.5702478,25.0851596],[121.5702457,25.0851656],[121.5702449,25.0851679],[121.5702425,25.0851751],[121.5702238,25.0852294],[121.5702237,25.0852297],[121.570217,25.0852467],[121.5701601,25.0853104],[121.5701528,25.0853468],[121.5701445,25.0853883],[121.5701016,25.0856018],[121.5700931,25.0856092],[121.57009,25.0856119],[121.5700671,25.0856312],[121.5699282,25.0857484],[121.5697955,25.0857927],[121.5697953,25.0857937],[121.5697695,25.0859839],[121.5697654,25.0860172],[121.5697653,25.0860178],[121.5697748,25.0860554],[121.5697749,25.0860556],[121.5697812,25.0860796],[121.5697819,25.0860825],[121.5698469,25.0863355],[121.569847,25.0863359],[121.569862,25.0863943],[121.5698622,25.0863948],[121.5698259,25.0865153],[121.5697762,25.0866816],[121.5697798,25.086722],[121.5697814,25.0867395],[121.5697842,25.0867681],[121.5697886,25.0868145],[121.5697975,25.0869073],[121.5697977,25.086909],[121.5698075,25.0870114],[121.5698079,25.0870126],[121.569949,25.0874019],[121.569948,25.0874828],[121.5699471,25.0875146],[121.5699464,25.0875159],[121.5699447,25.0875187],[121.5699144,25.0875717],[121.5698909,25.0876222],[121.5698384,25.0877351],[121.5697813,25.0878576],[121.5697335,25.0879604],[121.569796,25.0880829],[121.5698571,25.0882028],[121.5698573,25.0882044],[121.5698743,25.0883351],[121.569878,25.0883633],[121.569805,25.0884531],[121.569805,25.0884532],[121.5698147,25.0884782],[121.5698394,25.0885422],[121.5698689,25.0886184],[121.5698801,25.088632],[121.5699802,25.0887522],[121.5699821,25.0887545],[121.5701496,25.0890412],[121.5701961,25.0891207],[121.5701983,25.0891252],[121.5702162,25.0891974],[121.5703672,25.0894846],[121.5703562,25.0896201],[121.5702313,25.0898625],[121.5702313,25.0898626],[121.5701741,25.0899735],[121.5702199,25.090249],[121.5702456,25.0904533],[121.5702484,25.0904742],[121.5702495,25.0904822],[121.5702277,25.0908122],[121.5702151,25.0910035],[121.5700289,25.091405],[121.5699101,25.0917337],[121.5698258,25.0919898],[121.5697729,25.0921508],[121.5698565,25.09224],[121.5700753,25.0924737],[121.5701523,25.0925333],[121.5701805,25.0925548],[121.5704639,25.0929427],[121.570464,25.0929427],[121.5708585,25.0932666],[121.57086,25.0932679],[121.5709002,25.0932519],[121.5710908,25.0932333]]]}},{"type":"Feature","id":266,"properties":{"sectionCode":"0468","sectionName":"碧湖段五小段","districtName":"內湖區","fullName":"內湖區碧湖段五小段"},"geometry":{"type":"Polygon","coordinates":[[[121.5768075,25.0788981],[121.5768759,25.0788964],[121.5769441,25.0789019],[121.5770087,25.0789135],[121.5770714,25.0789321],[121.5771364,25.0789592],[121.5771974,25.078993],[121.5772537,25.0790331],[121.577288,25.0790628],[121.5772888,25.0790637],[121.5773221,25.0790998],[121.5773744,25.0790783],[121.5775934,25.0789883],[121.5780267,25.0788114],[121.5780427,25.0788048],[121.5781473,25.0787621],[121.5781475,25.0787621],[121.5781658,25.0787546],[121.5781743,25.0787511],[121.5781745,25.078751],[121.5782009,25.0787403],[121.5782015,25.07874],[121.578267,25.078713],[121.5783986,25.0786586],[121.5784606,25.0786334],[121.578538,25.078602],[121.5785954,25.0785789],[121.5786232,25.0785687],[121.5787262,25.0785343],[121.5787356,25.0785308],[121.5787569,25.0785244],[121.5788134,25.0785072],[121.5788134,25.0785072],[121.5788342,25.0785025],[121.5788341,25.0785024],[121.5787269,25.0784068],[121.5786644,25.078351],[121.5785045,25.0782084],[121.5784631,25.0781717],[121.5784235,25.0781362],[121.578392,25.0781081],[121.5783686,25.0780872],[121.5783272,25.0780502],[121.5782874,25.0780146],[121.5782204,25.0779545],[121.5781022,25.0778491],[121.5780802,25.0778297],[121.5780507,25.0778016],[121.5779784,25.0777383],[121.5779674,25.0777283],[121.5777241,25.0775101],[121.5776939,25.0774832],[121.577665,25.0774574],[121.5776518,25.0774457],[121.5776435,25.0774383],[121.5775732,25.0773763],[121.5775577,25.0773628],[121.5775565,25.0773618],[121.5775391,25.0773456],[121.5774152,25.0772356],[121.5773905,25.0772137],[121.5773756,25.0772007],[121.5773756,25.0772007],[121.5773599,25.077188],[121.5773598,25.077188],[121.5772436,25.0770925],[121.5771699,25.0770354],[121.5769137,25.0768618],[121.5768413,25.0768188],[121.5766427,25.0767077],[121.5766425,25.0767076],[121.5765973,25.0766825],[121.576495,25.0766264],[121.5764178,25.076584],[121.5761879,25.0764576],[121.5760411,25.076377],[121.5759682,25.0763366],[121.5756267,25.0761486],[121.5756033,25.0761361],[121.5755991,25.0761337],[121.5755555,25.0761094],[121.5755367,25.0761209],[121.5754965,25.0761458],[121.5754657,25.0761648],[121.5754316,25.0761857],[121.5753802,25.0762176],[121.5751217,25.0763807],[121.5751186,25.0763826],[121.5751163,25.0763839],[121.5751115,25.0763879],[121.5751113,25.0763882],[121.5751094,25.0763904],[121.5751076,25.0763926],[121.5751058,25.0763956],[121.5751045,25.0763977],[121.5751036,25.0764001],[121.5751024,25.0764033],[121.5751014,25.0764091],[121.5751015,25.076415],[121.5751026,25.0764208],[121.5751031,25.0764219],[121.5751034,25.0764227],[121.5751048,25.0764263],[121.5751348,25.0764728],[121.5752221,25.0766127],[121.575278,25.0767013],[121.5755369,25.0771121],[121.575577,25.0771762],[121.575746,25.077446],[121.5758518,25.0776165],[121.5758716,25.0776485],[121.5760381,25.0779132],[121.5760581,25.0779447],[121.5760797,25.0779788],[121.576093,25.0780001],[121.57612,25.0780429],[121.5761524,25.0780944],[121.5760334,25.0781418],[121.5759252,25.0781849],[121.5759241,25.0781853],[121.5758188,25.0782273],[121.5755978,25.0783154],[121.5752995,25.0784342],[121.57521,25.0784699],[121.5749135,25.078588],[121.5743898,25.0787958],[121.5743737,25.0788022],[121.5742762,25.0788409],[121.5742509,25.0788509],[121.5741251,25.0789008],[121.5741033,25.0789095],[121.5736619,25.0790846],[121.5736527,25.0790892],[121.5736445,25.0790951],[121.5736375,25.0791021],[121.5736319,25.0791102],[121.573628,25.079119],[121.5736257,25.0791283],[121.5736252,25.0791378],[121.5736265,25.0791473],[121.5736295,25.0791564],[121.5736897,25.0792933],[121.5737624,25.0794587],[121.573923,25.0798242],[121.5739277,25.0798349],[121.5741088,25.0802471],[121.5741197,25.080258],[121.5741321,25.080267],[121.5741323,25.0802672],[121.5741325,25.0802673],[121.5741453,25.0802739],[121.5741464,25.0802744],[121.574147,25.0802747],[121.5741615,25.0802796],[121.574177,25.0802825],[121.5741773,25.0802826],[121.5741934,25.0802833],[121.5742095,25.0802816],[121.5742124,25.0802806],[121.5747835,25.0800818],[121.575114,25.0799668],[121.5751422,25.079957],[121.5751831,25.0799427],[121.5752475,25.0799165],[121.5753866,25.0798598],[121.5756929,25.0797349],[121.5760105,25.0796054],[121.5762403,25.0795116],[121.5762669,25.0795008],[121.5762638,25.0794726],[121.576266,25.0793814],[121.576285,25.0792917],[121.5763202,25.0792062],[121.5763705,25.0791273],[121.5764347,25.0790572],[121.5764611,25.0790341],[121.5765164,25.078994],[121.5765767,25.0789601],[121.5766409,25.0789332],[121.5766748,25.0789215],[121.5767405,25.0789067],[121.5768075,25.0788981]],[[121.5765674,25.0767724],[121.5765335,25.0767535],[121.5767591,25.0768787],[121.5765674,25.0767724]]]}},{"type":"Feature","id":267,"properties":{"sectionCode":"0469","sectionName":"潭美段一小段","districtName":"內湖區","fullName":"內湖區潭美段一小段"},"geometry":{"type":"Polygon","coordinates":[[[121.6182053,25.0663865],[121.6182193,25.0661405],[121.6182193,25.0659957],[121.6182189,25.0659509],[121.6182134,25.0659063],[121.6182043,25.0658278],[121.6182017,25.0658102],[121.6181849,25.065718],[121.618171,25.0656576],[121.6181089,25.0654618],[121.6180229,25.0652736],[121.6179166,25.0650991],[121.617815,25.0649659],[121.6176804,25.0648219],[121.6175175,25.0646777],[121.6174871,25.0646515],[121.6174648,25.0646296],[121.6174468,25.0646045],[121.6174336,25.0645772],[121.6174255,25.0645482],[121.6174227,25.0645183],[121.6174254,25.0644885],[121.6174334,25.0644595],[121.6174466,25.0644321],[121.6174608,25.0644117],[121.6174779,25.0643931],[121.6174975,25.0643768],[121.6175193,25.064363],[121.6175589,25.0643465],[121.6175984,25.0643313],[121.6175873,25.0642968],[121.6175708,25.0642448],[121.6175225,25.0641034],[121.6175181,25.0640921],[121.6175142,25.0640817],[121.6174411,25.0638727],[121.617391,25.0637298],[121.617299,25.0637755],[121.6169638,25.0640205],[121.6168869,25.0640312],[121.6167759,25.0640761],[121.6167646,25.0641259],[121.6166972,25.0641454],[121.6166338,25.0641972],[121.6165769,25.0642546],[121.6161968,25.0642169],[121.6161371,25.0642766],[121.6161052,25.0642822],[121.6160861,25.0642932],[121.6160034,25.0643224],[121.6159262,25.0643709],[121.6157696,25.0644276],[121.615766,25.0644653],[121.6155445,25.0645599],[121.615593,25.0646394],[121.6154957,25.0646841],[121.6154517,25.0645462],[121.6152729,25.0647088],[121.6152558,25.0646307],[121.6148805,25.064761],[121.6149146,25.0648813],[121.614886,25.0648931],[121.6147436,25.0649117],[121.6146665,25.0649335],[121.6146418,25.0648368],[121.6145388,25.0648598],[121.6141738,25.0649676],[121.614057,25.0650527],[121.6140629,25.0650951],[121.6140405,25.0651248],[121.6140333,25.0651043],[121.6139684,25.0650589],[121.6139282,25.0650525],[121.6139104,25.0650764],[121.6138634,25.0650768],[121.6137116,25.0650293],[121.6136749,25.0650526],[121.6136407,25.0650559],[121.6136291,25.0650674],[121.61361,25.0650674],[121.6135704,25.0650263],[121.6135346,25.0650273],[121.6132965,25.0649037],[121.6132872,25.0649015],[121.6132757,25.0649144],[121.6131615,25.064929],[121.6131118,25.0648996],[121.6130188,25.0648613],[121.6129827,25.0648081],[121.6128758,25.0647885],[121.6127959,25.0647609],[121.6127324,25.0647963],[121.6126059,25.0647315],[121.6125842,25.0646231],[121.6125668,25.0646138],[121.6124732,25.0644604],[121.6125104,25.0644212],[121.6123745,25.0643169],[121.6123165,25.0642127],[121.6122227,25.0641225],[121.6122603,25.0641172],[121.6122199,25.0640026],[121.6121718,25.0639616],[121.6120866,25.063778],[121.612048,25.0637229],[121.6119568,25.0636142],[121.6118961,25.0635497],[121.6118747,25.0635277],[121.61186,25.0635143],[121.6118492,25.0634808],[121.611818,25.0634542],[121.6117945,25.0634081],[121.611772,25.0633775],[121.6117565,25.0633566],[121.6117044,25.063287],[121.6116339,25.0632113],[121.6116225,25.063194],[121.6116088,25.0631649],[121.6115804,25.0631054],[121.6114562,25.062977],[121.6114131,25.0629283],[121.6113773,25.0629082],[121.6113053,25.062863],[121.6112807,25.0628452],[121.6111684,25.0627535],[121.6110029,25.0626845],[121.6109677,25.0626799],[121.6109068,25.0626343],[121.610838,25.062611],[121.61082,25.0625825],[121.6107981,25.0625452],[121.6106775,25.062473],[121.6105993,25.0624058],[121.610575,25.0623974],[121.6105181,25.0623978],[121.6104885,25.0623501],[121.6104933,25.0622844],[121.6104726,25.0622407],[121.6104487,25.062219],[121.6104044,25.0621731],[121.6103473,25.0621522],[121.6102584,25.0620826],[121.6101976,25.0620341],[121.6101705,25.0620054],[121.6101222,25.0619839],[121.6101193,25.0619364],[121.6100926,25.0619095],[121.6100486,25.06189],[121.6100141,25.0618575],[121.6100081,25.0618228],[121.6098795,25.0617362],[121.6098813,25.0616494],[121.6098113,25.0615723],[121.609811,25.0615323],[121.60968,25.0614171],[121.6096051,25.0613983],[121.6094731,25.0612728],[121.6093898,25.0612084],[121.6093133,25.0611473],[121.6091889,25.0610644],[121.6090905,25.061],[121.6089949,25.06095],[121.6089152,25.0609143],[121.6088277,25.06089],[121.6087911,25.0608391],[121.6087562,25.0608101],[121.6087021,25.0607875],[121.6084632,25.0606794],[121.6082045,25.0605862],[121.6081024,25.0605453],[121.6080756,25.0605373],[121.6079062,25.0604924],[121.6078298,25.060451],[121.6075647,25.0603959],[121.6074139,25.0603614],[121.6072591,25.0603308],[121.6070924,25.0602958],[121.6069667,25.0602747],[121.6068253,25.0602523],[121.606687,25.0602267],[121.6063883,25.0601439],[121.6063015,25.0601244],[121.6061534,25.0601012],[121.605985,25.0600843],[121.6059294,25.0600703],[121.6056788,25.0600348],[121.6056676,25.0600333],[121.6052109,25.059999],[121.6049751,25.0599674],[121.6043863,25.0599122],[121.604388,25.0598773],[121.6041413,25.0598497],[121.6036083,25.0598409],[121.6033881,25.0598368],[121.6029526,25.0598198],[121.6028601,25.0598174],[121.6026909,25.0598176],[121.6026408,25.059847],[121.602687,25.0598971],[121.6027115,25.059937],[121.6027406,25.0600044],[121.6027702,25.0600736],[121.6027774,25.0600807],[121.6028404,25.0600889],[121.6029384,25.0601016],[121.6029264,25.0601892],[121.6029224,25.0602182],[121.6029139,25.0602805],[121.6028689,25.0606074],[121.602829,25.0608978],[121.6028241,25.0609338],[121.6028117,25.0610239],[121.602687,25.0610099],[121.6026532,25.0610054],[121.6016244,25.0608853],[121.6012101,25.0608367],[121.6010043,25.0608125],[121.6009632,25.0608076],[121.6007462,25.0607821],[121.6007107,25.0607779],[121.6005544,25.0607595],[121.6003046,25.0607301],[121.6001809,25.0607156],[121.6001352,25.0607101],[121.599949,25.0606881],[121.5996949,25.0606581],[121.5994411,25.0606282],[121.5993643,25.0606192],[121.5993347,25.0606157],[121.5990981,25.0605878],[121.5990761,25.0605852],[121.5990305,25.0605798],[121.5990007,25.0605763],[121.5988023,25.0605533],[121.5986471,25.0605352],[121.598634,25.0605337],[121.5985091,25.0605192],[121.5983581,25.0605016],[121.5983513,25.0605008],[121.5983453,25.0605001],[121.5981518,25.0604775],[121.598087,25.06047],[121.5979224,25.0604508],[121.5977794,25.0604342],[121.5977463,25.0604303],[121.5976974,25.0604246],[121.5975869,25.0604118],[121.5975681,25.0604096],[121.5973705,25.0603866],[121.5973523,25.0603845],[121.5970962,25.0603537],[121.597073,25.0603522],[121.5970654,25.0603523],[121.5970498,25.0603525],[121.5970229,25.0603551],[121.5970097,25.0603564],[121.5969713,25.0603719],[121.5969565,25.0603779],[121.59687,25.0604128],[121.5968588,25.0604208],[121.5968551,25.060424],[121.5968485,25.0604299],[121.5968156,25.0604623],[121.596789,25.0604991],[121.5967692,25.0605393],[121.5967569,25.0605819],[121.5967369,25.0606737],[121.5967155,25.0607711],[121.5966867,25.0609028],[121.5966665,25.0609936],[121.5966209,25.0612027],[121.5965926,25.0613319],[121.596587,25.0613582],[121.596446,25.0619967],[121.5964253,25.0620905],[121.5964179,25.0621237],[121.5964171,25.0621277],[121.5963987,25.0621867],[121.5963938,25.0622004],[121.5963712,25.0622493],[121.596342,25.0622953],[121.5963134,25.0623312],[121.5962861,25.0623618],[121.5962574,25.0623881],[121.5962556,25.0623897],[121.5962439,25.0623983],[121.596208,25.0624245],[121.5961938,25.062435],[121.596125,25.0624709],[121.5960664,25.0624981],[121.5960599,25.0625011],[121.5960442,25.0625105],[121.5959988,25.0625376],[121.5959914,25.0625429],[121.5959846,25.0625479],[121.5959505,25.062573],[121.5959449,25.0625779],[121.595914,25.0626055],[121.5959128,25.0626066],[121.59591,25.0626096],[121.5959066,25.0626134],[121.5959041,25.0626158],[121.5958931,25.0626262],[121.5958873,25.0626332],[121.5958465,25.0626821],[121.5958374,25.0626931],[121.5958302,25.0627047],[121.5958265,25.062711],[121.5957952,25.0627636],[121.5957679,25.0628258],[121.595763,25.0628326],[121.595757,25.0628387],[121.59575,25.0628439],[121.5957423,25.062848],[121.5957339,25.062851],[121.5957252,25.0628528],[121.5957162,25.0628533],[121.5957073,25.0628526],[121.5954979,25.0627898],[121.5953653,25.06275],[121.5953501,25.0627451],[121.5953207,25.0627335],[121.5953023,25.0627258],[121.5952845,25.0627193],[121.595232,25.0626994],[121.5951268,25.0626613],[121.5950168,25.0626369],[121.5949781,25.0626317],[121.5949295,25.0626251],[121.5948712,25.0626208],[121.5948475,25.0626197],[121.594837,25.0626192],[121.5944285,25.0626054],[121.5943901,25.0626039],[121.5938533,25.0625851],[121.5938089,25.0625833],[121.5936825,25.0625787],[121.5936745,25.0625785],[121.5936093,25.0625764],[121.5935538,25.0625698],[121.5935,25.0625558],[121.5934492,25.0625346],[121.5934023,25.0625068],[121.5933605,25.0624729],[121.5933419,25.0624547],[121.593246,25.0623397],[121.5932091,25.062296],[121.592988,25.0620364],[121.5929307,25.0619676],[121.5928777,25.061903],[121.5927986,25.0618095],[121.592787,25.0617952],[121.5927791,25.0617854],[121.5927716,25.0617768],[121.5927075,25.0617037],[121.5927028,25.0616984],[121.5926951,25.0616904],[121.5926715,25.0616662],[121.5926573,25.0616504],[121.5926393,25.0616331],[121.5925965,25.061592],[121.5925637,25.0615617],[121.5925489,25.0615479],[121.5925322,25.0615332],[121.5924602,25.0614698],[121.5923302,25.0613614],[121.5922175,25.0612672],[121.5921343,25.0611965],[121.5921167,25.0611821],[121.5921026,25.0611706],[121.5919884,25.0610751],[121.5918426,25.0609536],[121.5917722,25.0608951],[121.5916049,25.0607561],[121.5915074,25.060675],[121.5914988,25.0606665],[121.591492,25.0606569],[121.5914876,25.0606474],[121.591485,25.0606374],[121.5914842,25.0606272],[121.5914851,25.0606173],[121.5914851,25.060617],[121.5914527,25.0607092],[121.5914162,25.0608161],[121.5914016,25.06086],[121.591396,25.0608763],[121.5913945,25.0608811],[121.591381,25.0609225],[121.5913516,25.0610175],[121.5913454,25.061038],[121.5913203,25.0611255],[121.5912977,25.0612064],[121.5912949,25.0612169],[121.5912112,25.0615421],[121.5912087,25.0615525],[121.5912012,25.0615841],[121.5911573,25.0617544],[121.5911538,25.0617692],[121.5911422,25.061814],[121.5911189,25.0619058],[121.591088,25.0620255],[121.5910516,25.0620107],[121.5909125,25.0619549],[121.5909116,25.0621456],[121.5909119,25.0621484],[121.5909149,25.0622397],[121.5909174,25.0623121],[121.5909243,25.0623146],[121.5909959,25.0623419],[121.5910361,25.0623573],[121.5910642,25.0623685],[121.5910234,25.0627283],[121.5909982,25.0629418],[121.5909903,25.0630092],[121.5909823,25.0630777],[121.5909702,25.06318],[121.5909504,25.0633477],[121.5909446,25.0633961],[121.5909181,25.0633933],[121.5909118,25.0634491],[121.5908461,25.0640225],[121.590751,25.0648638],[121.5907236,25.0651038],[121.5906976,25.0653316],[121.5906974,25.0653362],[121.5906688,25.065743],[121.5906681,25.0657752],[121.590673,25.0660402],[121.5907634,25.0660357],[121.5907654,25.0660356],[121.5907659,25.0660335],[121.590774,25.0660003],[121.5907835,25.0659608],[121.5907875,25.0659443],[121.5907883,25.0659409],[121.5907938,25.0659197],[121.5907944,25.0659174],[121.5908481,25.0656955],[121.5909129,25.0656136],[121.5910212,25.0654766],[121.5910717,25.0654127],[121.5911405,25.0653256],[121.5911601,25.0653008],[121.5911605,25.0653006],[121.5913263,25.065234],[121.5913325,25.0652315],[121.5913344,25.0652307],[121.5913346,25.0652306],[121.5913458,25.0652261],[121.5913696,25.0652153],[121.5915391,25.0651382],[121.5917803,25.0650284],[121.5918033,25.0650154],[121.5918479,25.0649902],[121.5920167,25.0648948],[121.5921817,25.0648019],[121.5922065,25.0647876],[121.5926657,25.0646424],[121.5931195,25.0644639],[121.5934051,25.0645458],[121.5934633,25.0645625],[121.5935402,25.0645846],[121.5935414,25.0645849],[121.5934918,25.0645211],[121.5934798,25.0645056],[121.5934253,25.0644355],[121.5934222,25.0644315],[121.5934051,25.0644094],[121.5934034,25.0644072],[121.5935991,25.0643782],[121.5940672,25.0643089],[121.5945372,25.0641609],[121.5948123,25.0641347],[121.5950385,25.0641131],[121.5954286,25.0641065],[121.5954287,25.0641065],[121.5954742,25.064111],[121.5955183,25.0641225],[121.5955595,25.0641407],[121.5955903,25.0641613],[121.5956176,25.0641858],[121.5956407,25.0642135],[121.5956593,25.064244],[121.5956609,25.0642444],[121.5957235,25.0642594],[121.5957235,25.0642594],[121.5958562,25.0642914],[121.5959167,25.0643058],[121.5959509,25.0643139],[121.5960915,25.064349],[121.5962467,25.0643879],[121.5962467,25.0643879],[121.5962646,25.0643928],[121.5962646,25.0643928],[121.596306,25.0644032],[121.5964261,25.0644333],[121.5964799,25.064447],[121.59648,25.064447],[121.5965142,25.0644551],[121.5965143,25.0644551],[121.5967107,25.0645317],[121.5967107,25.0645317],[121.5967523,25.0645473],[121.5968912,25.0644926],[121.5969439,25.0644719],[121.5969899,25.064454],[121.597009,25.064457],[121.5970383,25.0644615],[121.5972285,25.0644893],[121.5974647,25.0644722],[121.5975126,25.0644688],[121.5975126,25.0644688],[121.5975472,25.0644665],[121.5975472,25.0644665],[121.5975547,25.0644655],[121.5975547,25.0644655],[121.5975615,25.0644363],[121.5975937,25.0643371],[121.5975984,25.0643241],[121.5976067,25.0643013],[121.5976275,25.0642439],[121.5977419,25.0642579],[121.5979569,25.0642393],[121.5979925,25.0642099],[121.5980272,25.0641812],[121.5980282,25.0641803],[121.5980585,25.064222],[121.5984685,25.0641618],[121.5984898,25.0641587],[121.5984996,25.0641572],[121.598716,25.0641254],[121.5994183,25.0641288],[121.5999094,25.0641584],[121.6003628,25.0642336],[121.6003916,25.0642383],[121.6003916,25.0642384],[121.6007029,25.0643372],[121.6007041,25.0642994],[121.6007049,25.0642754],[121.6007049,25.0642747],[121.6008809,25.0643273],[121.6008821,25.0643285],[121.600925,25.0643679],[121.6010656,25.064497],[121.6013197,25.0647302],[121.6013211,25.0647295],[121.601862,25.0644521],[121.6023148,25.0645832],[121.6023413,25.0645908],[121.6023417,25.0645908],[121.6028383,25.0646125],[121.6030397,25.0645949],[121.6030906,25.0645905],[121.6033468,25.0645682],[121.6033476,25.0645681],[121.6036226,25.0647056],[121.6037856,25.0647871],[121.6038084,25.0647986],[121.6038118,25.0648002],[121.6042654,25.0651029],[121.604697,25.0652828],[121.604735,25.0652983],[121.6047702,25.0652765],[121.6052891,25.0649553],[121.6054107,25.0649798],[121.605494,25.0649965],[121.605495,25.0649967],[121.6056046,25.0650188],[121.605863,25.0650707],[121.6062565,25.0651499],[121.6062597,25.0651505],[121.6064471,25.0651355],[121.6067665,25.06511],[121.607236,25.06531],[121.6077603,25.0651541],[121.6081976,25.065215],[121.6082499,25.0652223],[121.6082712,25.0652246],[121.6087433,25.0652746],[121.6092319,25.0653361],[121.6094019,25.0653703],[121.6094754,25.0653851],[121.6094919,25.0653875],[121.6097213,25.0654209],[121.6102067,25.0655148],[121.6102068,25.0655149],[121.6102405,25.0655174],[121.610252,25.0655183],[121.6103202,25.0655232],[121.6104004,25.0655289],[121.6105104,25.0655372],[121.6106595,25.0655485],[121.6106905,25.0655508],[121.610703,25.0655518],[121.6107542,25.0655556],[121.6107683,25.0655567],[121.6108101,25.0655597],[121.6108278,25.065561],[121.6108482,25.0655624],[121.6108901,25.0655657],[121.610922,25.0655682],[121.6110036,25.0655746],[121.611034,25.0655769],[121.6111156,25.0655833],[121.611152,25.0655861],[121.6111811,25.0655884],[121.6111959,25.0655896],[121.6112046,25.0655908],[121.6113678,25.0656148],[121.611402,25.0656198],[121.6115789,25.0656457],[121.6116876,25.0656616],[121.6117506,25.0656689],[121.6118811,25.0656839],[121.611979,25.0656952],[121.6119791,25.0656952],[121.6121774,25.0657181],[121.6126682,25.065785],[121.6127258,25.0657901],[121.61292,25.0658079],[121.612931,25.0658089],[121.6129478,25.0658105],[121.61298,25.0658134],[121.6130036,25.0658156],[121.6130589,25.0658207],[121.6131233,25.0658266],[121.6131484,25.0658289],[121.6131614,25.0658301],[121.6132281,25.0658449],[121.6132306,25.0658455],[121.6132855,25.0658577],[121.6133436,25.0658707],[121.6134039,25.0658841],[121.6136654,25.0659424],[121.6136772,25.0659433],[121.6139322,25.0659619],[121.6140294,25.0659689],[121.6141404,25.065977],[121.6142832,25.0659857],[121.61443,25.0659947],[121.6145377,25.0660012],[121.6146374,25.0660073],[121.6147695,25.0660231],[121.6148684,25.0660349],[121.6150421,25.0660556],[121.6151305,25.0660661],[121.6152388,25.066077],[121.6153667,25.0660899],[121.6158874,25.0661424],[121.6161195,25.0661658],[121.6162624,25.0661932],[121.6162759,25.0661957],[121.6162841,25.0661973],[121.6170973,25.0663531],[121.6175971,25.0663449],[121.6175956,25.0663621],[121.6177644,25.066376],[121.6177725,25.0663767],[121.6178457,25.0663827],[121.6179164,25.0663886],[121.6179196,25.0663884],[121.6179446,25.0663888],[121.6179935,25.0663897],[121.6180665,25.0663828],[121.6181061,25.0663859],[121.618205,25.0663938],[121.6182053,25.0663865]],[[121.6096085,25.0633242],[121.6093464,25.0632541],[121.6094776,25.0632887],[121.6096085,25.0633242]]]}},{"type":"Feature","id":268,"properties":{"sectionCode":"0470","sectionName":"潭美段二小段","districtName":"內湖區","fullName":"內湖區潭美段二小段"},"geometry":{"type":"Polygon","coordinates":[[[121.5864494,25.0669685],[121.5864683,25.0669474],[121.5864763,25.0669528],[121.5866485,25.0668519],[121.5867787,25.0667777],[121.5867949,25.0667693],[121.5868644,25.0667355],[121.5868805,25.0667272],[121.5868987,25.0667183],[121.5871372,25.0666008],[121.5871987,25.0665695],[121.5872067,25.0665653],[121.5872389,25.0665535],[121.5872627,25.0665452],[121.5874552,25.0664743],[121.5875889,25.0664272],[121.5876546,25.0664032],[121.5877109,25.0663832],[121.5878017,25.0663516],[121.5878347,25.0663394],[121.5878468,25.0663354],[121.5879218,25.0663099],[121.5879329,25.0663063],[121.5879553,25.0662981],[121.5879717,25.0662925],[121.5880264,25.0662741],[121.5880519,25.0662662],[121.5881334,25.0662394],[121.5882397,25.0662091],[121.588356,25.066176],[121.5884699,25.0661431],[121.5884907,25.0661371],[121.5886084,25.0661034],[121.5889236,25.0660053],[121.5889491,25.0659974],[121.5890723,25.0659591],[121.5890738,25.0659587],[121.5890898,25.0659475],[121.5891142,25.0659303],[121.5892347,25.0658456],[121.589263,25.0658257],[121.5892782,25.065815],[121.5893658,25.0657528],[121.5894882,25.0657093],[121.5895816,25.065678],[121.5898691,25.0655794],[121.5899454,25.0655533],[121.5901966,25.0656748],[121.5902536,25.0659368],[121.5902804,25.0660601],[121.5903752,25.0660544],[121.5905742,25.0660449],[121.5905957,25.066044],[121.5906453,25.0660416],[121.5906609,25.0660408],[121.590673,25.0660402],[121.5906681,25.0657752],[121.5906688,25.065743],[121.5906974,25.0653362],[121.5906976,25.0653316],[121.5907236,25.0651038],[121.590751,25.0648638],[121.5908461,25.0640225],[121.5909118,25.0634491],[121.5909181,25.0633933],[121.5909446,25.0633961],[121.5909504,25.0633477],[121.5909702,25.06318],[121.5909823,25.0630777],[121.5909903,25.0630092],[121.5909982,25.0629418],[121.5910234,25.0627283],[121.5910642,25.0623685],[121.5910361,25.0623573],[121.5909959,25.0623419],[121.5909243,25.0623146],[121.5909174,25.0623121],[121.5909149,25.0622397],[121.5909119,25.0621484],[121.5909116,25.0621456],[121.5909125,25.0619549],[121.5908937,25.0619467],[121.590851,25.0619278],[121.5908385,25.0619222],[121.5908122,25.0619104],[121.5907209,25.0618698],[121.5906883,25.0618545],[121.5906729,25.0618478],[121.5902356,25.0616447],[121.589833,25.0614345],[121.5893809,25.0612049],[121.589356,25.061192],[121.5892314,25.0611262],[121.5891272,25.0610717],[121.5890088,25.0610085],[121.5889121,25.0609574],[121.5887436,25.0608676],[121.5885457,25.0607615],[121.5881751,25.060561],[121.5880437,25.060489],[121.587076,25.0599675],[121.5866488,25.0597385],[121.586482,25.0596498],[121.5864464,25.0596312],[121.5859856,25.0593837],[121.5858447,25.0593083],[121.5856725,25.0592157],[121.5855178,25.0591332],[121.585197,25.058962],[121.5850121,25.0588637],[121.5850084,25.058861],[121.5848878,25.0587972],[121.5847771,25.0587383],[121.5845244,25.0586046],[121.5843559,25.0585152],[121.5838788,25.0582566],[121.5837378,25.0581822],[121.5834911,25.0580528],[121.5831031,25.0578427],[121.5827902,25.0576736],[121.5826018,25.0575719],[121.582237,25.0573764],[121.5817804,25.057132],[121.581642,25.0570576],[121.5816376,25.0570553],[121.5816333,25.057053],[121.581477,25.0569683],[121.5814655,25.0569621],[121.5813084,25.0568782],[121.5808563,25.0566376],[121.5805404,25.0564699],[121.5804661,25.0564303],[121.5803882,25.0563891],[121.5799588,25.0561613],[121.5799038,25.056132],[121.5797326,25.0560414],[121.5794711,25.0559018],[121.5793868,25.0558566],[121.5792699,25.0557941],[121.5792411,25.0557789],[121.5792121,25.0557636],[121.5791196,25.0557141],[121.5790175,25.0556595],[121.5789064,25.0556004],[121.5788399,25.0555645],[121.5782509,25.0552493],[121.5769735,25.0545689],[121.5767447,25.0544453],[121.5766192,25.0543774],[121.5765201,25.0543244],[121.5764141,25.0542674],[121.576357,25.0542366],[121.5762393,25.0541734],[121.57623,25.0541685],[121.5757452,25.0539084],[121.5756569,25.0538605],[121.5755719,25.0538148],[121.5748992,25.0534548],[121.5748331,25.0534196],[121.5747175,25.0533576],[121.5746615,25.0533272],[121.5746612,25.0533271],[121.5745752,25.0532808],[121.574512,25.0532469],[121.5744643,25.0532779],[121.5744633,25.0532785],[121.5743695,25.0533396],[121.5742409,25.0534479],[121.5742428,25.0534488],[121.5742525,25.0534537],[121.5745559,25.0536158],[121.5746429,25.0536623],[121.5746564,25.0536523],[121.574657,25.0536519],[121.574703,25.0536765],[121.5789795,25.055968],[121.5802888,25.056669],[121.5808369,25.0569624],[121.5812106,25.0571625],[121.5812044,25.0571748],[121.5812033,25.0571768],[121.5812721,25.0572139],[121.5813059,25.0572317],[121.5813069,25.0572323],[121.5814596,25.0573146],[121.581486,25.0573288],[121.5826675,25.057962],[121.5842427,25.0588061],[121.5847832,25.0590914],[121.5848788,25.059142],[121.5848941,25.0591499],[121.5850546,25.0592362],[121.587386,25.0604869],[121.5886222,25.0611501],[121.5889271,25.0613108],[121.5892659,25.0614871],[121.5893813,25.0615477],[121.5898199,25.0617787],[121.5903084,25.0620248],[121.5903202,25.0620306],[121.5905097,25.0621237],[121.5906234,25.0621779],[121.5907221,25.0622243],[121.5907494,25.0622373],[121.5907532,25.0622388],[121.5907451,25.0624546],[121.5907443,25.0624804],[121.5907405,25.0625735],[121.5907262,25.0627069],[121.5907067,25.0628773],[121.5906905,25.0630176],[121.5906861,25.063054],[121.5906815,25.0630924],[121.5906809,25.0630977],[121.5906771,25.0631308],[121.5906709,25.063185],[121.5906583,25.0632931],[121.590653,25.0633407],[121.5906499,25.063367],[121.590622,25.0633642],[121.5905331,25.0633559],[121.5905257,25.0634187],[121.5904977,25.0635209],[121.5904045,25.0638613],[121.5902718,25.0640073],[121.5902613,25.0640192],[121.5901618,25.0641282],[121.590152,25.0641387],[121.5900361,25.0642666],[121.5900264,25.0642777],[121.5899363,25.0642999],[121.589474,25.0645043],[121.5893439,25.0645657],[121.5890239,25.0647163],[121.5890185,25.0647166],[121.5889908,25.06473],[121.5886293,25.0649051],[121.5886024,25.0649182],[121.5885094,25.0649646],[121.588272,25.0650861],[121.5881515,25.0651478],[121.5881257,25.0651632],[121.5878592,25.0653222],[121.5877262,25.0654016],[121.5872965,25.065615],[121.586945,25.0657894],[121.5865316,25.0659946],[121.586397,25.0660614],[121.586164,25.0661174],[121.5861459,25.0661217],[121.5859114,25.0661781],[121.5858975,25.0661814],[121.5858651,25.0661986],[121.585841,25.0662114],[121.5858113,25.0662272],[121.5857729,25.0662475],[121.5856968,25.0662879],[121.5856567,25.0663092],[121.5856567,25.0663092],[121.5856561,25.0663095],[121.5856433,25.0663515],[121.5856229,25.0664186],[121.5855535,25.0666685],[121.585552,25.0666739],[121.5855378,25.0667162],[121.5854981,25.0668189],[121.5854589,25.0669161],[121.5854172,25.0670257],[121.5853865,25.0671014],[121.5853487,25.0671908],[121.5853479,25.0671926],[121.5852915,25.0673131],[121.5852942,25.0673119],[121.5853783,25.0672744],[121.5855332,25.067256],[121.585562,25.0672528],[121.5855809,25.0672506],[121.5857516,25.0672298],[121.5858986,25.0672115],[121.5859858,25.0671755],[121.5861205,25.0671205],[121.5861656,25.0671021],[121.586348,25.0670265],[121.5863989,25.0669971],[121.5864494,25.0669685]]]}},{"type":"Feature","id":269,"properties":{"sectionCode":"0471","sectionName":"潭美段三小段","districtName":"內湖區","fullName":"內湖區潭美段三小段"},"geometry":{"type":"Polygon","coordinates":[[[121.5890972,25.0569778],[121.5886823,25.056623],[121.5885941,25.056613],[121.588617,25.0565853],[121.5886084,25.0565776],[121.5885859,25.056559],[121.5885518,25.0565313],[121.5882961,25.0563202],[121.588216,25.056253],[121.5878701,25.0560239],[121.5877275,25.0559129],[121.5876649,25.055878],[121.5876181,25.0558457],[121.5870584,25.0555098],[121.5870531,25.0555727],[121.5870749,25.0556421],[121.5870234,25.0557102],[121.5870055,25.0557447],[121.5869761,25.0557982],[121.5869283,25.0558815],[121.586881,25.0559742],[121.5868236,25.0560245],[121.5867874,25.0560422],[121.5867937,25.0559954],[121.5868226,25.0559155],[121.5868258,25.0559098],[121.5868951,25.0558089],[121.5869295,25.0557405],[121.5869771,25.0556503],[121.5869901,25.0555888],[121.5870238,25.0555593],[121.587029,25.055481],[121.5867998,25.0553606],[121.5867709,25.055346],[121.5864627,25.0551896],[121.5860636,25.0549781],[121.5859681,25.0549422],[121.5858885,25.0549424],[121.585903,25.0549113],[121.5857747,25.0548431],[121.5857079,25.0548185],[121.5855902,25.0547713],[121.5854368,25.0547202],[121.5853802,25.0547026],[121.5851551,25.0546145],[121.5849628,25.054568],[121.5848936,25.0545291],[121.584726,25.0544784],[121.5844445,25.0543998],[121.5843041,25.0543639],[121.5841203,25.0543175],[121.5840384,25.0544801],[121.58399,25.0544676],[121.5838019,25.0543933],[121.5832883,25.0542624],[121.5832388,25.0542466],[121.5829957,25.0541721],[121.5829855,25.05417],[121.5828057,25.0541329],[121.5826276,25.0547097],[121.5826197,25.0547349],[121.5826059,25.0547815],[121.5825787,25.05487],[121.5825637,25.0549209],[121.5825462,25.0549771],[121.582528,25.0550362],[121.5823845,25.055507],[121.5823501,25.0556209],[121.5823355,25.055667],[121.5823329,25.0556772],[121.5823327,25.05569],[121.5823343,25.0557027],[121.5823376,25.0557151],[121.5823409,25.0557224],[121.5823451,25.0557294],[121.5823503,25.0557358],[121.5823592,25.0557442],[121.5824087,25.0557779],[121.5824019,25.0557933],[121.5824114,25.0558001],[121.5823921,25.0558451],[121.5823863,25.0558585],[121.5823296,25.0558093],[121.5822912,25.0559174],[121.5822854,25.055916],[121.5822794,25.0559155],[121.5822734,25.055916],[121.5822676,25.0559173],[121.5822622,25.0559195],[121.5822572,25.0559226],[121.5822529,25.0559263],[121.5822493,25.0559307],[121.5822411,25.0559461],[121.5822268,25.0559726],[121.5822144,25.0559952],[121.5821522,25.056109],[121.5821271,25.0561548],[121.582082,25.0562371],[121.5820308,25.0563313],[121.5819736,25.0564359],[121.5819442,25.0564901],[121.5819086,25.0565551],[121.5817991,25.0567562],[121.581759,25.0568313],[121.5817544,25.056829],[121.5816447,25.0570319],[121.5816333,25.057053],[121.5816376,25.0570553],[121.581642,25.0570576],[121.5817804,25.057132],[121.582237,25.0573764],[121.5826018,25.0575719],[121.5827902,25.0576736],[121.5831031,25.0578427],[121.5834911,25.0580528],[121.5837378,25.0581822],[121.5838788,25.0582566],[121.5843559,25.0585152],[121.5845244,25.0586046],[121.5847771,25.0587383],[121.5848878,25.0587972],[121.5850084,25.058861],[121.5850121,25.0588637],[121.585197,25.058962],[121.5855178,25.0591332],[121.5856725,25.0592157],[121.5858447,25.0593083],[121.5859856,25.0593837],[121.5864464,25.0596312],[121.586482,25.0596498],[121.5866488,25.0597385],[121.587076,25.0599675],[121.5880437,25.060489],[121.5881751,25.060561],[121.5885457,25.0607615],[121.5887436,25.0608676],[121.5889121,25.0609574],[121.5890088,25.0610085],[121.5891272,25.0610717],[121.5892314,25.0611262],[121.589356,25.061192],[121.5893809,25.0612049],[121.589833,25.0614345],[121.5902356,25.0616447],[121.5906729,25.0618478],[121.5906883,25.0618545],[121.5907209,25.0618698],[121.5908122,25.0619104],[121.5908385,25.0619222],[121.590851,25.0619278],[121.5908937,25.0619467],[121.5909125,25.0619549],[121.5910516,25.0620107],[121.591088,25.0620255],[121.5911189,25.0619058],[121.5911422,25.061814],[121.5911538,25.0617692],[121.5911573,25.0617544],[121.5912012,25.0615841],[121.5912087,25.0615525],[121.5912112,25.0615421],[121.5912949,25.0612169],[121.5912977,25.0612064],[121.5913203,25.0611255],[121.5913454,25.061038],[121.5913516,25.0610175],[121.591381,25.0609225],[121.5913945,25.0608811],[121.591396,25.0608763],[121.5914016,25.06086],[121.5914162,25.0608161],[121.5914527,25.0607092],[121.5914851,25.0606173],[121.5914852,25.060617],[121.5915255,25.0605012],[121.5915988,25.0603188],[121.5916895,25.0601431],[121.5917145,25.0600998],[121.5917616,25.060018],[121.5917632,25.0600152],[121.5917763,25.0599939],[121.5917116,25.0599013],[121.5917204,25.0598949],[121.5917223,25.0598935],[121.5917779,25.0598532],[121.5916311,25.0596649],[121.5916009,25.0596266],[121.5914859,25.0595185],[121.5914157,25.0594522],[121.591449,25.059425],[121.5913801,25.0593334],[121.5912951,25.0591977],[121.5912396,25.0591241],[121.5911806,25.059051],[121.5911604,25.0590258],[121.5910513,25.0589402],[121.5910249,25.0588987],[121.5908308,25.0587302],[121.5908285,25.0587265],[121.5908102,25.0586936],[121.5907679,25.0586183],[121.5906491,25.0584888],[121.5905695,25.0584219],[121.5905243,25.0583805],[121.5904313,25.0582965],[121.5903002,25.0581827],[121.5901904,25.0581066],[121.5901608,25.0580465],[121.5900733,25.0579367],[121.5899382,25.0578152],[121.5898843,25.0577441],[121.5897982,25.0576499],[121.5896028,25.0574482],[121.5895966,25.0574429],[121.5895366,25.0573895],[121.5894525,25.0572989],[121.589404,25.0572543],[121.5892483,25.0571093],[121.5891949,25.0570641],[121.5891614,25.0570358],[121.5891247,25.0570004],[121.5890972,25.0569778]]]}},{"type":"Feature","id":270,"properties":{"sectionCode":"0472","sectionName":"潭美段四小段","districtName":"內湖區","fullName":"內湖區潭美段四小段"},"geometry":{"type":"Polygon","coordinates":[[[121.5816447,25.0570319],[121.5817544,25.056829],[121.581759,25.0568313],[121.5817991,25.0567562],[121.5819086,25.0565551],[121.5819442,25.0564901],[121.5819736,25.0564359],[121.5820308,25.0563313],[121.582082,25.0562371],[121.5821271,25.0561548],[121.5821522,25.056109],[121.5822144,25.0559952],[121.5822268,25.0559726],[121.5822411,25.0559461],[121.5822493,25.0559307],[121.5822529,25.0559263],[121.5822572,25.0559226],[121.5822622,25.0559195],[121.5822676,25.0559173],[121.5822734,25.055916],[121.5822794,25.0559155],[121.5822854,25.055916],[121.5822912,25.0559174],[121.5823296,25.0558093],[121.5823863,25.0558585],[121.5823921,25.0558451],[121.5824114,25.0558001],[121.5824019,25.0557933],[121.5824087,25.0557779],[121.5823592,25.0557442],[121.5823503,25.0557358],[121.5823451,25.0557294],[121.5823409,25.0557224],[121.5823376,25.0557151],[121.5823343,25.0557027],[121.5823327,25.05569],[121.5823329,25.0556772],[121.5823355,25.055667],[121.5823501,25.0556209],[121.5823845,25.055507],[121.582528,25.0550362],[121.5825462,25.0549771],[121.5825637,25.0549209],[121.5825787,25.05487],[121.5826059,25.0547815],[121.5826197,25.0547349],[121.5826276,25.0547097],[121.5828057,25.0541329],[121.5826114,25.0540981],[121.5825603,25.0542643],[121.5825205,25.0543941],[121.5824634,25.054572],[121.5824302,25.0546831],[121.5824293,25.0546859],[121.5824265,25.0546905],[121.582423,25.0546947],[121.5824188,25.0546982],[121.582414,25.0547012],[121.5824088,25.0547034],[121.5824032,25.0547049],[121.5823975,25.0547056],[121.5823918,25.0547054],[121.5823918,25.0547054],[121.5823862,25.0547045],[121.5823861,25.0547044],[121.582385,25.054704],[121.5823194,25.0546808],[121.5823087,25.0546776],[121.5820179,25.0545784],[121.5818673,25.0545267],[121.5816319,25.0544469],[121.5815838,25.0544307],[121.5815803,25.0544295],[121.5815731,25.0544271],[121.5815342,25.0544137],[121.5815264,25.0544111],[121.5814903,25.0543991],[121.5814799,25.0543957],[121.5814671,25.0543886],[121.5814616,25.0543847],[121.5814551,25.05438],[121.5814494,25.0543747],[121.5814433,25.0543684],[121.5814383,25.0543614],[121.5814154,25.054328],[121.5813849,25.0542827],[121.5813718,25.0542634],[121.581318,25.0541843],[121.5812646,25.0541058],[121.5812321,25.0540581],[121.5812102,25.0540251],[121.581207,25.0540203],[121.5811901,25.0540019],[121.5811759,25.0539864],[121.5811697,25.0539815],[121.5811394,25.0539573],[121.5810993,25.053934],[121.5810985,25.0539335],[121.5810732,25.0539228],[121.5810469,25.0539143],[121.5809949,25.0539038],[121.5809684,25.0538982],[121.5809628,25.0538969],[121.5807646,25.0538567],[121.5807158,25.0538468],[121.5805516,25.0538129],[121.5805501,25.0538126],[121.5805148,25.0538052],[121.5804766,25.0537973],[121.5804642,25.0537948],[121.5803648,25.0537742],[121.5802751,25.0537556],[121.5801892,25.0537379],[121.5801548,25.0537311],[121.5801051,25.0537212],[121.5800958,25.0537191],[121.5800541,25.0537106],[121.5800072,25.0537009],[121.5799441,25.0536876],[121.5798872,25.0536759],[121.5797388,25.0536456],[121.5797243,25.0536428],[121.5796802,25.0536339],[121.5794543,25.0535866],[121.5793207,25.0535587],[121.579269,25.0535481],[121.5792211,25.0535385],[121.579221,25.0535385],[121.579215,25.0535373],[121.5792092,25.0535361],[121.5792091,25.0535361],[121.5791762,25.053529],[121.5791349,25.0535207],[121.5790778,25.053509],[121.5790687,25.0535071],[121.5789649,25.0534856],[121.5788961,25.0534715],[121.5788869,25.0534697],[121.578185,25.0533255],[121.5779494,25.0532751],[121.5779493,25.0532751],[121.5777439,25.0532336],[121.5777439,25.0532336],[121.577734,25.0532314],[121.5771392,25.0530973],[121.576989,25.0530635],[121.5769889,25.0530634],[121.5769004,25.0530433],[121.5769004,25.0530433],[121.5768245,25.0530272],[121.5768244,25.0530271],[121.5767856,25.0530183],[121.5767855,25.0530183],[121.5767336,25.0530072],[121.5767335,25.0530072],[121.5766895,25.0529974],[121.5766895,25.0529974],[121.5765162,25.0529588],[121.5765158,25.0529587],[121.5764858,25.052952],[121.5764858,25.052952],[121.5763223,25.052916],[121.5763223,25.0529159],[121.5762579,25.0529017],[121.5762579,25.0529017],[121.5762124,25.0528914],[121.5761999,25.0528902],[121.5761873,25.052891],[121.5761751,25.0528936],[121.5761651,25.0528974],[121.5761635,25.052898],[121.5761529,25.0529041],[121.5761435,25.0529118],[121.5761356,25.0529207],[121.5761317,25.0529275],[121.5760729,25.0530302],[121.5760646,25.0530447],[121.5760567,25.0530585],[121.5760355,25.0530959],[121.575908,25.05332],[121.5758594,25.0534071],[121.5757721,25.0535585],[121.5757671,25.0535656],[121.5757608,25.0535717],[121.5757536,25.0535769],[121.5757455,25.053581],[121.5757368,25.0535838],[121.5757277,25.0535852],[121.5757185,25.0535854],[121.5757094,25.0535841],[121.5757006,25.0535815],[121.5756924,25.0535777],[121.5753484,25.0533944],[121.575015,25.0532167],[121.5750139,25.0532161],[121.5749931,25.0532195],[121.5748756,25.053246],[121.5748754,25.0532461],[121.5747476,25.0532894],[121.5746615,25.0533272],[121.5747175,25.0533576],[121.5748331,25.0534196],[121.5748992,25.0534548],[121.5755719,25.0538148],[121.5756569,25.0538605],[121.5757452,25.0539084],[121.57623,25.0541685],[121.5762393,25.0541734],[121.576357,25.0542366],[121.5764141,25.0542674],[121.5765201,25.0543244],[121.5766192,25.0543774],[121.5767447,25.0544453],[121.5768776,25.0545171],[121.5769735,25.0545689],[121.5782509,25.0552493],[121.5788399,25.0555645],[121.5789064,25.0556004],[121.5790175,25.0556595],[121.5791196,25.0557141],[121.5792411,25.0557789],[121.5793868,25.0558566],[121.5794711,25.0559018],[121.5797326,25.0560414],[121.5799038,25.056132],[121.5799588,25.0561613],[121.5803882,25.0563891],[121.5804661,25.0564303],[121.5805404,25.0564699],[121.5808563,25.0566376],[121.5813084,25.0568782],[121.5814655,25.0569621],[121.581477,25.0569683],[121.5816333,25.057053],[121.5816447,25.0570319]]]}},{"type":"Feature","id":271,"properties":{"sectionCode":"0473","sectionName":"東湖段一小段","districtName":"內湖區","fullName":"內湖區東湖段一小段"},"geometry":{"type":"MultiPolygon","coordinates":[[[[121.6155983,25.0721268],[121.6156179,25.072092],[121.6156431,25.0720989],[121.6156618,25.0721038],[121.6159823,25.0721888],[121.6162202,25.0722518],[121.6165272,25.072333],[121.6168674,25.0724239],[121.6169607,25.072449],[121.6174459,25.0725779],[121.6174673,25.0725836],[121.6174714,25.0726018],[121.6175159,25.0727957],[121.617225,25.0732171],[121.6177096,25.0736642],[121.617801,25.0737472],[121.6178369,25.073781],[121.6178398,25.0737834],[121.6178824,25.073823],[121.6179137,25.0737865],[121.6179438,25.0737516],[121.6180414,25.0736383],[121.6181337,25.0735315],[121.6181856,25.0734703],[121.6181787,25.0734638],[121.6181923,25.0734633],[121.6195089,25.0733536],[121.6203786,25.0732928],[121.6204426,25.0732884],[121.6204588,25.0732501],[121.6205104,25.0731201],[121.6205497,25.0730211],[121.6205987,25.0728978],[121.6206056,25.0728804],[121.6206847,25.0726823],[121.6208422,25.0722877],[121.6208723,25.0722123],[121.6210278,25.0718229],[121.6210364,25.0718225],[121.6211888,25.0701775],[121.6211985,25.0700723],[121.6206746,25.0698902],[121.6206387,25.0698777],[121.6205993,25.069864],[121.6205747,25.0698554],[121.6205408,25.0698436],[121.6205007,25.069708],[121.6204692,25.0696014],[121.6204304,25.0694701],[121.6204147,25.0694167],[121.620398,25.0693601],[121.620127,25.0692677],[121.6198379,25.0691692],[121.6195008,25.0690542],[121.6194683,25.0690432],[121.6194102,25.0690233],[121.6193087,25.0689887],[121.619303,25.0689774],[121.6192704,25.0689133],[121.6192689,25.0689105],[121.619244,25.0688615],[121.6190823,25.0685436],[121.6183361,25.0683941],[121.6182794,25.0682785],[121.618276,25.0682715],[121.6182554,25.0682434],[121.6182032,25.0681724],[121.618194,25.0681599],[121.6181683,25.0681353],[121.6181092,25.0680786],[121.6180924,25.0680625],[121.6180667,25.068045],[121.6179994,25.0679993],[121.6179743,25.0679822],[121.6179517,25.0679717],[121.6178429,25.0679213],[121.6177102,25.0678816],[121.6177002,25.0678796],[121.6176933,25.0678781],[121.6176159,25.0678968],[121.6175714,25.0679079],[121.6174117,25.0679477],[121.6170772,25.0680298],[121.617053,25.0680353],[121.6168452,25.0680877],[121.6163736,25.0682036],[121.6163599,25.0682069],[121.6163524,25.068209],[121.6163162,25.0682179],[121.6162717,25.0682288],[121.6158352,25.0683466],[121.6153984,25.0684634],[121.6153863,25.0684668],[121.6150811,25.0685474],[121.6147649,25.0686328],[121.6140273,25.0687757],[121.6140273,25.068776],[121.614096,25.0692709],[121.614096,25.069271],[121.6136559,25.0697613],[121.612938,25.0705611],[121.6133161,25.0708377],[121.6133163,25.0708379],[121.6133264,25.0708222],[121.6133265,25.0708219],[121.613524,25.0709661],[121.613557,25.0709897],[121.6136131,25.0709711],[121.613757,25.0709232],[121.6138501,25.0708923],[121.6138708,25.0708854],[121.6140171,25.0708361],[121.6140487,25.070826],[121.6140693,25.0708481],[121.6141214,25.0708962],[121.6141452,25.0709153],[121.6141743,25.0709369],[121.6145029,25.0711883],[121.6149613,25.0715392],[121.6149709,25.0715466],[121.6149324,25.0715957],[121.6148643,25.0716824],[121.6148693,25.0716903],[121.6149755,25.071862],[121.6149956,25.0718945],[121.6147829,25.0729424],[121.6146646,25.0735255],[121.6146481,25.0736128],[121.6150484,25.0737728],[121.6150983,25.0737924],[121.6153406,25.0738886],[121.6154533,25.0739331],[121.6155692,25.0739789],[121.6156259,25.0740011],[121.6155878,25.0738688],[121.6155414,25.0737083],[121.6154341,25.0733347],[121.6154397,25.0729467],[121.6154481,25.0723898],[121.6155983,25.0721268]],[[121.6153884,25.0704543],[121.6153832,25.0704367],[121.6153859,25.0704455],[121.6153884,25.0704543]],[[121.6150625,25.0686529],[121.615059,25.0686517],[121.6150606,25.0686521],[121.6150625,25.0686529]],[[121.6150562,25.0686511],[121.6150525,25.0686506],[121.6150545,25.0686507],[121.6150562,25.0686511]],[[121.6150459,25.0686504],[121.6150483,25.0686502],[121.6150497,25.0686503],[121.6150459,25.0686504]],[[121.6150685,25.0686555],[121.6150651,25.0686539],[121.6150664,25.0686543],[121.6150685,25.0686555]],[[121.615042,25.0686506],[121.6150431,25.0686505],[121.6150392,25.0686512],[121.615042,25.0686506]],[[121.615074,25.0686591],[121.6150708,25.0686569],[121.6150717,25.0686573],[121.615074,25.0686591]],[[121.6150789,25.0686637],[121.6150759,25.0686607],[121.6150764,25.0686611],[121.6150789,25.0686637]],[[121.6150837,25.0686703],[121.6150802,25.0686652],[121.6150805,25.0686654],[121.6150837,25.0686703]],[[121.6162552,25.0683268],[121.6162528,25.0683272],[121.6162546,25.0683269],[121.6162552,25.0683268]],[[121.6162579,25.0683267],[121.6162597,25.0683266],[121.6162602,25.0683267],[121.6162579,25.0683267]],[[121.6162652,25.0683273],[121.6162629,25.068327],[121.6162648,25.0683272],[121.6162652,25.0683273]],[[121.6195816,25.0733105],[121.6195797,25.0733105],[121.6195793,25.0733104],[121.6195816,25.0733105]],[[121.6162701,25.0683286],[121.6162679,25.0683279],[121.6162698,25.0683284],[121.6162701,25.0683286]],[[121.6195746,25.0733097],[121.6195768,25.0733101],[121.619575,25.0733098],[121.6195746,25.0733097]],[[121.6195701,25.0733084],[121.6195722,25.073309],[121.6195704,25.0733085],[121.6195701,25.0733084]],[[121.6162747,25.0683306],[121.6162727,25.0683297],[121.6162744,25.0683304],[121.6162747,25.0683306]],[[121.6184109,25.0689062],[121.61841,25.0689044],[121.6184102,25.0689046],[121.6184109,25.0689062]],[[121.6184086,25.0689025],[121.6184074,25.0689009],[121.6184076,25.0689011],[121.6184086,25.0689025]],[[121.6195659,25.0733063],[121.6195678,25.0733073],[121.6195661,25.0733065],[121.6195659,25.0733063]],[[121.6177807,25.0696511],[121.6177823,25.0696509],[121.6177826,25.0696509],[121.6177807,25.0696511]],[[121.6184057,25.0688993],[121.6184042,25.0688979],[121.6184044,25.068898],[121.6184057,25.0688993]],[[121.6162788,25.0683332],[121.6162771,25.068332],[121.6162787,25.068333],[121.6162788,25.0683332]],[[121.6177868,25.069651],[121.6177849,25.069651],[121.6177866,25.069651],[121.6177868,25.069651]],[[121.6153101,25.0690726],[121.6153086,25.0690706],[121.6153087,25.0690707],[121.6153101,25.0690726]]],[[[121.6184023,25.0688965],[121.6184006,25.0688953],[121.6184007,25.0688954],[121.6184023,25.0688965]],[[121.6195622,25.0733037],[121.6195638,25.0733049],[121.6195623,25.0733039],[121.6195622,25.0733037]]],[[[121.615298,25.0690625],[121.6152957,25.0690614],[121.6152958,25.0690615],[121.615298,25.0690625]],[[121.6183983,25.0688943],[121.6183965,25.0688934],[121.6183966,25.0688934],[121.6183983,25.0688943]],[[121.6153066,25.0690686],[121.6153049,25.0690669],[121.615305,25.069067],[121.6153066,25.0690686]],[[121.6195589,25.0733006],[121.6195603,25.073302],[121.619559,25.0733007],[121.6195589,25.0733006]],[[121.6177909,25.0696517],[121.6177891,25.0696514],[121.6177908,25.0696517],[121.6177909,25.0696517]],[[121.6162825,25.0683364],[121.616281,25.0683351],[121.6162824,25.0683363],[121.6162825,25.0683364]],[[121.6153025,25.0690652],[121.6153006,25.0690638],[121.6153007,25.0690639],[121.6153025,25.0690652]],[[121.618394,25.0688926],[121.6183921,25.0688921],[121.6183923,25.0688921],[121.618394,25.0688926]],[[121.6195562,25.073297],[121.6195573,25.0732985],[121.6195562,25.0732971],[121.6195562,25.073297]],[[121.6177949,25.0696531],[121.6177933,25.0696525],[121.6177948,25.069653],[121.6177949,25.0696531]],[[121.6183895,25.0688917],[121.6183876,25.0688914],[121.6183877,25.0688914],[121.6183895,25.0688917]]]]}},{"type":"Feature","id":272,"properties":{"sectionCode":"0474","sectionName":"東湖段二小段","districtName":"內湖區","fullName":"內湖區東湖段二小段"},"geometry":{"type":"Polygon","coordinates":[[[121.6150833,25.0762085],[121.6155821,25.0752784],[121.6155692,25.0747238],[121.6155676,25.0746579],[121.6151617,25.0745918],[121.6150416,25.0745722],[121.6150319,25.0745706],[121.6149738,25.0745612],[121.6148056,25.0746866],[121.6147477,25.0747303],[121.6147346,25.0747402],[121.6146904,25.0747734],[121.6146454,25.0748072],[121.6145996,25.0748416],[121.6145504,25.0748785],[121.6144862,25.0749273],[121.6144283,25.0749714],[121.6143976,25.0749944],[121.6143467,25.0750327],[121.6142945,25.0750719],[121.614241,25.0751121],[121.6141897,25.0751507],[121.6141861,25.0751534],[121.6141296,25.0751959],[121.6140704,25.0752403],[121.6140068,25.0752882],[121.6139762,25.0753112],[121.6139381,25.0753398],[121.6133479,25.0753226],[121.6132658,25.0753202],[121.6131787,25.0753178],[121.6131655,25.0753174],[121.6130853,25.0753157],[121.6128397,25.0745938],[121.6128192,25.0745339],[121.6127991,25.0744765],[121.6128015,25.0744221],[121.6128049,25.0743419],[121.6128439,25.0734282],[121.6128467,25.0733629],[121.6128487,25.0733156],[121.6128499,25.0732868],[121.6128636,25.0729562],[121.6128674,25.0728698],[121.6128724,25.0727574],[121.6128744,25.0727127],[121.6128819,25.072551],[121.6128827,25.0725255],[121.6129383,25.072435],[121.6129958,25.0723416],[121.6132746,25.0718884],[121.6132805,25.0718673],[121.6133454,25.0716269],[121.6133873,25.0714719],[121.6134096,25.0713895],[121.6134219,25.0713442],[121.6134378,25.0712854],[121.6134709,25.0711628],[121.613483,25.0711178],[121.6135149,25.0710001],[121.613524,25.0709661],[121.6133264,25.0708222],[121.6133262,25.070822],[121.6133161,25.0708377],[121.613316,25.0708379],[121.6129377,25.0705612],[121.6136559,25.0697613],[121.614096,25.0692711],[121.614096,25.069271],[121.6140273,25.068776],[121.6140016,25.0687784],[121.613981,25.0687803],[121.6135721,25.0688118],[121.6127324,25.0688438],[121.6122318,25.0688622],[121.6122305,25.0689794],[121.6122275,25.0690056],[121.612189,25.0693277],[121.6121673,25.0694141],[121.6121309,25.0695333],[121.6120789,25.0696658],[121.6120448,25.0697386],[121.6119946,25.0698329],[121.6119692,25.0698758],[121.6119557,25.0698986],[121.6119265,25.0699454],[121.6119092,25.0699708],[121.6119076,25.0699731],[121.6118585,25.0700395],[121.6118123,25.070102],[121.6118116,25.0701029],[121.6117026,25.0702238],[121.6114321,25.0704586],[121.6113706,25.0705044],[121.6110289,25.0707588],[121.6109374,25.070827],[121.610907,25.0708498],[121.6108367,25.0709026],[121.6103853,25.0712189],[121.6103586,25.0712367],[121.6103457,25.0712453],[121.6103162,25.0712647],[121.6102516,25.071307],[121.610189,25.0713475],[121.610141,25.0713795],[121.610092,25.0714093],[121.6100134,25.0714579],[121.6099522,25.0714952],[121.6099301,25.0715077],[121.6097169,25.0716344],[121.6096482,25.071673],[121.6096226,25.0716875],[121.6090766,25.0719776],[121.6089607,25.0720344],[121.6088553,25.072086],[121.6089501,25.0722625],[121.6089759,25.0723386],[121.6090523,25.0726382],[121.6090822,25.0729446],[121.609065,25.0732519],[121.6090308,25.0735087],[121.6090211,25.0735815],[121.6090172,25.0736154],[121.6090143,25.0736494],[121.6090149,25.0738123],[121.6090397,25.0739737],[121.6090883,25.0741305],[121.6091847,25.0743212],[121.6092738,25.0744451],[121.6093789,25.074558],[121.6094951,25.0746556],[121.6096232,25.0747399],[121.6098223,25.0748746],[121.609881,25.074923],[121.6099371,25.074974],[121.6101191,25.0751801],[121.6102595,25.0754116],[121.6105338,25.0759736],[121.6106464,25.0761617],[121.6107909,25.0763308],[121.6108095,25.076801],[121.6108096,25.0768055],[121.6108222,25.0771229],[121.6110326,25.0772888],[121.6116512,25.0777807],[121.6117081,25.0778259],[121.6118147,25.077911],[121.6119378,25.0778754],[121.6121201,25.0778228],[121.6121465,25.0778153],[121.612209,25.0777976],[121.6125257,25.0777077],[121.61272,25.0776527],[121.6130367,25.077563],[121.6132482,25.0775031],[121.613431,25.077452],[121.6137134,25.0773692],[121.6137414,25.0773612],[121.6137683,25.0773469],[121.6137829,25.077339],[121.613889,25.0772814],[121.6140317,25.0772035],[121.6141045,25.0771641],[121.6142469,25.0770871],[121.6143915,25.0770087],[121.6144672,25.0769677],[121.6145325,25.0769326],[121.6145686,25.0769128],[121.6146969,25.0768432],[121.6147618,25.0768081],[121.6147821,25.0767708],[121.614832,25.0766765],[121.6150833,25.0762085]]]}},{"type":"Feature","id":273,"properties":{"sectionCode":"0475","sectionName":"東湖段三小段","districtName":"內湖區","fullName":"內湖區東湖段三小段"},"geometry":{"type":"Polygon","coordinates":[[[121.6067554,25.0718253],[121.6068389,25.0717676],[121.6069127,25.0717155],[121.6069507,25.0716885],[121.6070829,25.0715923],[121.6072376,25.0714739],[121.6073378,25.071394],[121.607382,25.0713582],[121.6074349,25.0713146],[121.6074662,25.0712888],[121.6074969,25.0712627],[121.6080855,25.070761],[121.608685,25.0702699],[121.6087135,25.0702466],[121.6087471,25.0702239],[121.6090032,25.0700508],[121.609427,25.0697631],[121.6094511,25.0697986],[121.609465,25.0698177],[121.6094671,25.0698209],[121.6100669,25.0706863],[121.610289,25.0710049],[121.610699,25.0707183],[121.6108422,25.0706123],[121.6111481,25.0703801],[121.6111554,25.0703746],[121.6112122,25.0703314],[121.6112278,25.0703202],[121.6112368,25.0703131],[121.6112593,25.070296],[121.6114714,25.0701202],[121.6116258,25.0699511],[121.6117547,25.0697651],[121.6118558,25.0695654],[121.6118588,25.0695582],[121.6118791,25.0695068],[121.6119107,25.0694141],[121.6119241,25.0693692],[121.6119468,25.0692797],[121.6119487,25.0692708],[121.6119706,25.0691418],[121.6119754,25.0691001],[121.6119779,25.0690832],[121.6119798,25.0690476],[121.6119803,25.0690339],[121.6119818,25.0690068],[121.6119816,25.0689794],[121.6119819,25.0689591],[121.6119839,25.0688383],[121.6119855,25.0687238],[121.6119823,25.0686039],[121.6119772,25.0685501],[121.6119373,25.0683194],[121.6118639,25.0680956],[121.6117584,25.0678827],[121.6117479,25.0678653],[121.6116871,25.0677663],[121.6116475,25.0677017],[121.6115008,25.0674625],[121.6114447,25.067371],[121.6114241,25.0673374],[121.6113907,25.0672848],[121.6113652,25.0672433],[121.6113466,25.067213],[121.6113091,25.0671496],[121.6112847,25.0671105],[121.6112838,25.067109],[121.6111867,25.0669477],[121.6110991,25.066782],[121.6110351,25.0666473],[121.6109896,25.0665381],[121.6109551,25.066448],[121.6109464,25.0664237],[121.6109313,25.0663815],[121.6109119,25.0663285],[121.610826,25.0663493],[121.6107684,25.0662146],[121.6107406,25.0661621],[121.6107041,25.0661143],[121.6106597,25.0660723],[121.6106086,25.0660373],[121.6105521,25.06601],[121.6104915,25.0659913],[121.6096396,25.0658065],[121.6093763,25.0658909],[121.6092364,25.0657424],[121.6091905,25.0656948],[121.6087044,25.0653991],[121.6085228,25.0653628],[121.6087396,25.0656942],[121.6087393,25.0656956],[121.6087216,25.0657827],[121.6085826,25.0664244],[121.6083992,25.0664811],[121.6082078,25.0665388],[121.6081982,25.0665392],[121.6079982,25.0665563],[121.6078518,25.0665678],[121.607233,25.0665166],[121.6072077,25.0665145],[121.6072031,25.0665148],[121.6071985,25.0665158],[121.6071942,25.0665174],[121.6071902,25.0665196],[121.6071867,25.0665224],[121.6071837,25.0665257],[121.6071813,25.0665294],[121.6071796,25.0665333],[121.6071792,25.0665352],[121.6071786,25.0665375],[121.6071786,25.066539],[121.6071787,25.0665473],[121.607179,25.0666248],[121.6071822,25.0673688],[121.6071822,25.0673695],[121.6071828,25.0674099],[121.6071835,25.0674141],[121.6071848,25.0674182],[121.6071868,25.067422],[121.6071895,25.0674255],[121.6071927,25.0674285],[121.6071964,25.067431],[121.6072006,25.067433],[121.607205,25.0674343],[121.6072096,25.067435],[121.6072142,25.067435],[121.6072188,25.0674344],[121.6084458,25.067066],[121.6084497,25.0670651],[121.6084538,25.0670647],[121.6084579,25.067065],[121.6084619,25.0670658],[121.6084656,25.0670673],[121.6084691,25.0670692],[121.6084722,25.0670717],[121.6084748,25.0670746],[121.6084768,25.0670778],[121.6084783,25.0670813],[121.6086014,25.0674657],[121.6087732,25.068002],[121.6089107,25.0684313],[121.6089495,25.0685523],[121.6089497,25.0685531],[121.6089505,25.0685569],[121.6089506,25.0685607],[121.60895,25.0685645],[121.6089488,25.0685682],[121.6089469,25.0685716],[121.6089458,25.0685731],[121.6089445,25.0685747],[121.6089416,25.0685775],[121.6089382,25.0685797],[121.6089344,25.0685815],[121.6089304,25.0685826],[121.6072774,25.0688953],[121.6071499,25.0689191],[121.6066529,25.0690118],[121.6066005,25.0690212],[121.6065728,25.0689996],[121.6058086,25.0684426],[121.6058061,25.0684406],[121.6058033,25.0684391],[121.6058002,25.068438],[121.605797,25.0684373],[121.6057937,25.0684371],[121.6057904,25.0684374],[121.6057873,25.0684382],[121.6057843,25.0684395],[121.6057827,25.0684405],[121.6057815,25.0684412],[121.6057791,25.0684433],[121.6057771,25.0684457],[121.6055805,25.0686481],[121.6055385,25.0686913],[121.6055361,25.0686941],[121.6055349,25.0686958],[121.6055341,25.0686971],[121.6055328,25.0687005],[121.6055321,25.0687039],[121.605532,25.0687075],[121.6055326,25.068711],[121.6055339,25.0687143],[121.6055357,25.0687174],[121.6055382,25.0687202],[121.6058438,25.0690248],[121.6062784,25.069463],[121.606604,25.0694621],[121.606684,25.0694621],[121.6085027,25.0694583],[121.6085073,25.069459],[121.6085117,25.0694604],[121.6085157,25.0694624],[121.6085193,25.0694651],[121.6085224,25.0694683],[121.6085248,25.0694719],[121.6085266,25.0694758],[121.6085275,25.0694799],[121.6085277,25.0694842],[121.6085271,25.0694884],[121.6085257,25.0694924],[121.6085235,25.0694962],[121.6082074,25.0698342],[121.6081559,25.0698893],[121.6075692,25.0705187],[121.6075107,25.0705731],[121.6074438,25.0706186],[121.60737,25.0706542],[121.607291,25.0706791],[121.607266,25.0706843],[121.6072525,25.0706869],[121.6072424,25.0706888],[121.6072176,25.0706925],[121.6071182,25.0707043],[121.6070317,25.070715],[121.6067628,25.0707479],[121.6066927,25.0707564],[121.6065931,25.0707686],[121.6062024,25.0703774],[121.6060357,25.0702105],[121.6055144,25.0696886],[121.6054605,25.0696346],[121.6046484,25.0688218],[121.6046456,25.0688198],[121.6046424,25.0688182],[121.604639,25.068817],[121.6046354,25.0688165],[121.6046318,25.0688165],[121.6046283,25.068817],[121.6046248,25.0688181],[121.6046217,25.0688197],[121.6046189,25.0688218],[121.6046167,25.068824],[121.6046165,25.0688242],[121.6046164,25.0688244],[121.6046161,25.0688248],[121.6046146,25.0688271],[121.6046132,25.0688301],[121.6046124,25.0688333],[121.6046123,25.0688366],[121.6045959,25.069322],[121.6045973,25.0693245],[121.6049816,25.0699584],[121.6050202,25.0700223],[121.605238,25.0703824],[121.6058826,25.071452],[121.6058838,25.0714563],[121.6058843,25.0714607],[121.6058839,25.0714651],[121.6058827,25.0714694],[121.6058807,25.0714734],[121.6058779,25.0714771],[121.6058746,25.0714801],[121.6058745,25.0714802],[121.6057484,25.0715648],[121.6054024,25.0717966],[121.6054936,25.0717354],[121.6054931,25.0717351],[121.6053151,25.0716406],[121.6047657,25.0713371],[121.6047306,25.0713177],[121.6047079,25.0713051],[121.6047032,25.0713034],[121.6046984,25.0713023],[121.6046934,25.071302],[121.6046884,25.0713024],[121.6046835,25.0713035],[121.604679,25.0713054],[121.6046309,25.0713346],[121.6045824,25.071364],[121.6045297,25.0713959],[121.6045289,25.0713964],[121.6044056,25.0714708],[121.6044061,25.0714716],[121.6047529,25.0719663],[121.6049689,25.0722744],[121.6051637,25.0725523],[121.6052121,25.0725329],[121.6053011,25.0724972],[121.6055452,25.0723984],[121.6063247,25.0720861],[121.6063585,25.0720726],[121.606394,25.0720585],[121.6064274,25.0720375],[121.6065543,25.0719577],[121.6066438,25.0718997],[121.6067554,25.0718253]],[[121.6059526,25.071412],[121.6059518,25.0714114],[121.6059537,25.0714126],[121.6059526,25.071412]],[[121.6059485,25.071409],[121.6059502,25.0714104],[121.6059494,25.0714098],[121.6059485,25.071409]],[[121.6059465,25.0714071],[121.6059457,25.0714061],[121.6059472,25.0714077],[121.6059465,25.0714071]],[[121.6059563,25.0714138],[121.6059554,25.0714134],[121.6059576,25.0714142],[121.6059563,25.0714138]],[[121.6059601,25.0714149],[121.6059594,25.0714147],[121.6059616,25.0714152],[121.6059601,25.0714149]],[[121.6059635,25.0714154],[121.6059659,25.0714155],[121.6059642,25.0714155],[121.6059635,25.0714154]],[[121.6066514,25.0709357],[121.6066505,25.070934],[121.6066511,25.0709349],[121.6066514,25.0709357]],[[121.6066493,25.0709321],[121.6066482,25.0709306],[121.6066488,25.0709313],[121.6066493,25.0709321]],[[121.6066528,25.0709395],[121.6066522,25.0709377],[121.6066526,25.0709388],[121.6066528,25.0709395]],[[121.6059677,25.0714155],[121.6059702,25.0714153],[121.6059683,25.0714155],[121.6059677,25.0714155]],[[121.6066535,25.0709435],[121.6066533,25.0709417],[121.6066535,25.0709428],[121.6066535,25.0709435]],[[121.6066535,25.0709475],[121.6066536,25.0709457],[121.6066536,25.0709469],[121.6066535,25.0709475]],[[121.6059719,25.071415],[121.6059744,25.0714143],[121.6059723,25.0714149],[121.6059719,25.071415]],[[121.6066528,25.0709515],[121.6066531,25.0709497],[121.6066529,25.070951],[121.6066528,25.0709515]],[[121.605976,25.0714138],[121.6059785,25.0714127],[121.6059762,25.0714138],[121.605976,25.0714138]],[[121.6066513,25.0709552],[121.606652,25.0709536],[121.6066515,25.070955],[121.6066513,25.0709552]],[[121.6059797,25.0714121],[121.6059831,25.0714098],[121.6059798,25.071412],[121.6059797,25.0714121]],[[121.6066492,25.0709588],[121.6066501,25.0709574],[121.6066494,25.0709586],[121.6066492,25.0709588]],[[121.6066465,25.0709619],[121.6066474,25.0709609],[121.6066466,25.0709619],[121.6066465,25.0709619]]]}},{"type":"Feature","id":274,"properties":{"sectionCode":"0486","sectionName":"東湖段四小段","districtName":"內湖區","fullName":"內湖區東湖段四小段"},"geometry":{"type":"Polygon","coordinates":[[[121.6220354,25.0764683],[121.6220692,25.0763799],[121.6221803,25.0764154],[121.6223161,25.0764586],[121.6223427,25.0764672],[121.6223898,25.0764828],[121.622472,25.0765198],[121.6225016,25.076536],[121.6225423,25.0765609],[121.6225894,25.0765953],[121.6226358,25.0766354],[121.6226611,25.0766605],[121.6227187,25.0767298],[121.6227658,25.0768054],[121.6228013,25.0768861],[121.6228833,25.0771296],[121.6229335,25.0769825],[121.6230408,25.0765927],[121.6231182,25.0760679],[121.6231177,25.0755385],[121.623019,25.075238],[121.6229134,25.0750223],[121.6229006,25.0750025],[121.6228542,25.0749304],[121.6227821,25.0748186],[121.6227298,25.07475],[121.6226784,25.0746872],[121.622665,25.0746737],[121.6226494,25.0746623],[121.6226322,25.0746532],[121.6226136,25.0746467],[121.6225941,25.0746428],[121.6225741,25.0746417],[121.6225543,25.0746434],[121.6225128,25.0746496],[121.6219995,25.074733],[121.6219703,25.0747358],[121.6219411,25.0747345],[121.6219123,25.0747293],[121.6218847,25.0747203],[121.6218589,25.0747076],[121.6211051,25.0742648],[121.6210423,25.0742279],[121.6210259,25.074219],[121.6208815,25.0739691],[121.6207762,25.0737868],[121.6207494,25.073736],[121.6205991,25.0737495],[121.6205603,25.0737531],[121.6205257,25.0737563],[121.6204935,25.0737593],[121.6203682,25.0737711],[121.6201761,25.073789],[121.6201504,25.0737914],[121.6200861,25.0737972],[121.6200713,25.0737984],[121.6200419,25.0738011],[121.6199922,25.0738057],[121.6199589,25.0738088],[121.6198932,25.073815],[121.6197909,25.0738246],[121.6197216,25.0738313],[121.6196928,25.0738342],[121.6196795,25.0738354],[121.6196895,25.0738794],[121.619699,25.0739201],[121.6197279,25.0740452],[121.619745,25.074121],[121.6197871,25.0743058],[121.61979,25.0743194],[121.6198002,25.0743691],[121.6199264,25.0747603],[121.6199304,25.0747703],[121.6199812,25.0748955],[121.6200555,25.0750825],[121.6200581,25.0750893],[121.6200765,25.0751356],[121.6200902,25.0751698],[121.6200959,25.0751846],[121.6201029,25.0752019],[121.6201144,25.0752285],[121.620127,25.0752563],[121.6201461,25.0752946],[121.6201622,25.075324],[121.6201796,25.0753577],[121.6202384,25.0754508],[121.6202028,25.0755177],[121.6201776,25.0755641],[121.6200677,25.0757718],[121.6199829,25.075932],[121.6199519,25.075991],[121.6198844,25.0761194],[121.6198788,25.07613],[121.6198101,25.07626],[121.6197426,25.0763874],[121.61983,25.0764791],[121.6200008,25.0766546],[121.6199693,25.0768752],[121.6199672,25.0768871],[121.6199646,25.0769047],[121.6199582,25.0769478],[121.619952,25.076989],[121.6199637,25.0770126],[121.6200013,25.0770889],[121.6200603,25.0772082],[121.6201395,25.0773682],[121.6201821,25.0774554],[121.6201913,25.0774743],[121.6202544,25.0776015],[121.6205191,25.0775787],[121.6205443,25.0775765],[121.6205697,25.0775743],[121.6206545,25.077567],[121.6207217,25.0775613],[121.6207673,25.0775575],[121.6207788,25.0775565],[121.6207785,25.0775554],[121.6207534,25.0774619],[121.6207042,25.077279],[121.6207115,25.0772686],[121.6208384,25.0770901],[121.6208853,25.0770242],[121.6209215,25.0769736],[121.6209244,25.0769694],[121.6209609,25.0769183],[121.6210193,25.0768363],[121.6210364,25.0768122],[121.6210481,25.0767958],[121.6211008,25.0767221],[121.6215091,25.0766171],[121.6216467,25.0765814],[121.62203,25.0764825],[121.6220354,25.0764683]]]}},{"type":"Feature","id":275,"properties":{"sectionCode":"0490","sectionName":"大湖段一小段","districtName":"內湖區","fullName":"內湖區大湖段一小段"},"geometry":{"type":"Polygon","coordinates":[[[121.6069775,25.0959368],[121.6073064,25.0959209],[121.6075885,25.0957707],[121.6076132,25.0957558],[121.6077842,25.0957985],[121.6078932,25.0957057],[121.6078957,25.095703],[121.6079034,25.0956969],[121.6080872,25.0955907],[121.6083262,25.0953382],[121.6083385,25.0953247],[121.6084959,25.0951481],[121.6086022,25.0951239],[121.608713,25.0951251],[121.6088274,25.0950897],[121.6091136,25.0950548],[121.609317,25.0949048],[121.6094234,25.0948264],[121.6095237,25.0948203],[121.6096382,25.0947957],[121.6097863,25.0948213],[121.609868,25.094817],[121.6099505,25.0947146],[121.6099966,25.0946302],[121.6100605,25.0944429],[121.6101785,25.0943656],[121.6102737,25.0942184],[121.6101723,25.0939644],[121.610067,25.0937564],[121.6099013,25.0935247],[121.6098271,25.0934209],[121.6098476,25.0933118],[121.6098957,25.0930509],[121.6098116,25.0929905],[121.6097744,25.092921],[121.6097801,25.0928625],[121.6097849,25.0928146],[121.6097101,25.0927131],[121.6095696,25.0925956],[121.6094964,25.0925344],[121.6094942,25.0924334],[121.6095612,25.0923706],[121.6095612,25.0923654],[121.6095687,25.0922335],[121.6095893,25.0920897],[121.6096753,25.0919062],[121.6097498,25.0916472],[121.609758,25.0916226],[121.6098193,25.0914127],[121.6098927,25.0913818],[121.6099821,25.0912833],[121.610117,25.0909929],[121.6101427,25.0908959],[121.6101921,25.0907171],[121.6102807,25.0905935],[121.6103014,25.0905869],[121.6101535,25.0904709],[121.6100589,25.0903109],[121.6098793,25.0900554],[121.6098182,25.0899189],[121.6097351,25.0898121],[121.6095683,25.0897262],[121.6094693,25.0896185],[121.6094302,25.0895123],[121.6093145,25.0893627],[121.6092965,25.0892935],[121.6093202,25.0892131],[121.6093782,25.0890289],[121.6094531,25.0888325],[121.6094831,25.0886184],[121.6095645,25.0884717],[121.6094954,25.0883701],[121.6093178,25.0882059],[121.6093266,25.0880757],[121.6093896,25.0879316],[121.6093877,25.0877288],[121.6093871,25.0876758],[121.6092966,25.0875501],[121.6093258,25.087432],[121.6093376,25.0873791],[121.6093093,25.0871316],[121.6093057,25.0871233],[121.6092361,25.0869397],[121.609245,25.086818],[121.6092736,25.0867505],[121.6090221,25.0866742],[121.6090044,25.086651],[121.6089396,25.0865657],[121.6089069,25.0863916],[121.608974,25.086099],[121.6089708,25.0858053],[121.6089711,25.085799],[121.6090077,25.0856799],[121.6091973,25.085541],[121.6093381,25.0853737],[121.6094004,25.0852242],[121.6094373,25.0851885],[121.6094447,25.0850885],[121.609556,25.0848902],[121.6095888,25.0848568],[121.6096187,25.0847637],[121.6096039,25.0847156],[121.6095807,25.0846404],[121.609558,25.0846043],[121.6095168,25.0845385],[121.609524,25.0844872],[121.60951,25.0844287],[121.6095284,25.0843097],[121.6095083,25.0842673],[121.6094954,25.0841451],[121.6096435,25.0840648],[121.6096657,25.084039],[121.6096265,25.0840069],[121.6096356,25.0839377],[121.6096343,25.0837202],[121.6096561,25.0835918],[121.6096879,25.0833978],[121.609582,25.0832608],[121.6095711,25.0832241],[121.6095886,25.0831856],[121.6096343,25.0830917],[121.6097395,25.0829927],[121.6096802,25.0828835],[121.6097771,25.0828039],[121.6098721,25.0825691],[121.6099215,25.0824988],[121.6100612,25.082278],[121.6102238,25.0821948],[121.6104525,25.0820438],[121.6105229,25.0818967],[121.6106997,25.0817736],[121.6110622,25.0817076],[121.6111476,25.0816385],[121.6112039,25.0816132],[121.6113071,25.081383],[121.6113569,25.0813496],[121.6113719,25.0812159],[121.6112284,25.0810948],[121.6111452,25.0810175],[121.6109625,25.0807559],[121.6107049,25.0805327],[121.6106847,25.0805152],[121.6105717,25.0802923],[121.6105705,25.0802909],[121.6103551,25.0800601],[121.6103331,25.0800365],[121.6103325,25.0800357],[121.6103307,25.080033],[121.6103012,25.0799904],[121.6102981,25.0799647],[121.610298,25.0799643],[121.609899,25.0800335],[121.6098826,25.0800298],[121.6096847,25.0799861],[121.6095458,25.0799285],[121.6094251,25.0799595],[121.6093442,25.0799802],[121.6092491,25.0801416],[121.6091032,25.0802301],[121.6088658,25.0803119],[121.608712,25.0802664],[121.6086244,25.0802671],[121.6086221,25.0802671],[121.6086351,25.080197],[121.6086384,25.0801793],[121.6086041,25.0801009],[121.6085942,25.0800781],[121.6085918,25.0800728],[121.6084852,25.0799216],[121.6083307,25.0797104],[121.6083261,25.0797025],[121.6081945,25.0795741],[121.6081933,25.0795729],[121.6081834,25.0794966],[121.6081834,25.0794966],[121.608173,25.079417],[121.6081712,25.0794118],[121.6081692,25.079406],[121.6081485,25.0793464],[121.608055,25.0792218],[121.6080511,25.0792166],[121.6080214,25.0790341],[121.6080158,25.0789993],[121.6080147,25.0789929],[121.6080084,25.0789309],[121.6079965,25.0788135],[121.6079959,25.0788135],[121.6075708,25.0787991],[121.6074807,25.0787661],[121.6073751,25.0787259],[121.6073147,25.0787029],[121.6073111,25.0787018],[121.6073108,25.0787017],[121.6072902,25.0786956],[121.6072839,25.0786938],[121.6072787,25.0786921],[121.6072722,25.07869],[121.6072718,25.0786899],[121.6072718,25.07869],[121.6072729,25.0786991],[121.607274,25.0787078],[121.6072769,25.0787334],[121.6072842,25.0787967],[121.6072959,25.0788973],[121.6073234,25.0790779],[121.6073415,25.0791757],[121.6073436,25.0791871],[121.6073635,25.0793363],[121.6073705,25.0794519],[121.6073705,25.079455],[121.6073711,25.0797288],[121.6073711,25.0797312],[121.6073713,25.0798053],[121.6073716,25.0798895],[121.6073715,25.0799064],[121.6073713,25.0799596],[121.6073713,25.0799724],[121.6073717,25.0800768],[121.6073718,25.0801119],[121.6073741,25.0802716],[121.6073733,25.0802987],[121.6073734,25.0803224],[121.6073735,25.0803715],[121.6073719,25.0803921],[121.6073572,25.0805807],[121.6073562,25.0805943],[121.607356,25.080597],[121.6073515,25.0806232],[121.6073184,25.0807662],[121.6072952,25.080834],[121.6072836,25.0808679],[121.6072706,25.0809057],[121.6072099,25.0810293],[121.6071735,25.0811033],[121.607171,25.0811084],[121.6070189,25.0813665],[121.6069094,25.0815541],[121.6068374,25.0816766],[121.6067261,25.0818659],[121.6067164,25.0818824],[121.6065902,25.0820955],[121.606519,25.0822014],[121.6064291,25.0823128],[121.6064152,25.0823302],[121.6063751,25.0823798],[121.606211,25.0825431],[121.6061955,25.0825563],[121.6060552,25.082669],[121.6060138,25.0826949],[121.6058452,25.0827999],[121.605761,25.0828525],[121.6057405,25.0828633],[121.605679,25.0828932],[121.6055915,25.0829318],[121.6055766,25.0829366],[121.6052095,25.0830554],[121.6048364,25.0831165],[121.6048105,25.0831207],[121.6047579,25.083126],[121.6047287,25.083129],[121.6047262,25.0831292],[121.6046712,25.0832569],[121.6046695,25.0832578],[121.6045586,25.0833127],[121.6044615,25.0833105],[121.6044081,25.0833449],[121.6043106,25.0835606],[121.6043114,25.0835626],[121.6043399,25.0836304],[121.6043888,25.0836866],[121.6043933,25.0836903],[121.6043971,25.0836933],[121.6043945,25.0836605],[121.6043944,25.0836588],[121.6044171,25.0836632],[121.6044771,25.083731],[121.6045436,25.0837928],[121.6046142,25.0838655],[121.6046796,25.0839045],[121.6047716,25.0839815],[121.6048106,25.0839916],[121.6048586,25.0840592],[121.6049032,25.0841639],[121.6048523,25.084224],[121.60476,25.0842955],[121.6047066,25.0843573],[121.6047045,25.0843585],[121.6046992,25.0843614],[121.6046992,25.0843614],[121.6044918,25.0844756],[121.6044067,25.0846049],[121.6043977,25.0846157],[121.6043905,25.0846388],[121.6044181,25.0846846],[121.6044067,25.0847236],[121.6044059,25.0847241],[121.6043587,25.0847541],[121.6042841,25.0847547],[121.6041875,25.0847866],[121.6041291,25.0848242],[121.6040741,25.084891],[121.6040479,25.0849228],[121.6040344,25.084965],[121.6040234,25.0850419],[121.6040251,25.0850459],[121.6040424,25.0850909],[121.604071,25.0851368],[121.604125,25.0852165],[121.6041325,25.0852124],[121.604242,25.0851625],[121.6042825,25.0852398],[121.6043533,25.0853272],[121.604422,25.0854001],[121.6045548,25.0855048],[121.6047608,25.0855806],[121.6047696,25.0855685],[121.604774,25.0855616],[121.6047866,25.0855686],[121.6049156,25.0854065],[121.6049551,25.0854332],[121.6050435,25.0854865],[121.6051586,25.0855573],[121.6052911,25.0856443],[121.605553,25.0857701],[121.6056917,25.0858494],[121.6058117,25.0859379],[121.6059135,25.0860512],[121.6059704,25.0860898],[121.6061412,25.0863184],[121.6060442,25.0863413],[121.6060367,25.0863319],[121.6058424,25.086445],[121.6058267,25.0864904],[121.6058677,25.0865095],[121.6057004,25.0866768],[121.6056165,25.0867278],[121.6055145,25.0867655],[121.6054269,25.087086],[121.605426,25.0870974],[121.6054174,25.0872058],[121.6053847,25.087265],[121.6053813,25.0872988],[121.6053794,25.0873184],[121.6053704,25.0874096],[121.6053651,25.0874625],[121.605352,25.0876567],[121.6052817,25.0877021],[121.6051502,25.087725],[121.6048017,25.0878941],[121.6047792,25.0880094],[121.6047501,25.0880435],[121.6047038,25.0880475],[121.6046711,25.0880503],[121.6046705,25.0880512],[121.6046305,25.0881143],[121.6042771,25.0882664],[121.6040083,25.0884813],[121.6038799,25.0885363],[121.6038782,25.0885357],[121.6038136,25.0885119],[121.6038012,25.0885073],[121.6036764,25.088415],[121.6035633,25.0883035],[121.6035089,25.0881525],[121.6034755,25.0880601],[121.6034671,25.0880369],[121.6034227,25.0879857],[121.6033066,25.0878471],[121.6032179,25.0877695],[121.603188,25.0875209],[121.6031041,25.0874591],[121.6030049,25.087386],[121.6029532,25.0872178],[121.6028545,25.0871564],[121.6026973,25.0870043],[121.6026548,25.0869632],[121.6025923,25.0869027],[121.6024502,25.0868828],[121.6024203,25.0869289],[121.6023956,25.086967],[121.6023953,25.086963],[121.6023947,25.0869518],[121.6023934,25.0869501],[121.6023668,25.0869144],[121.6023612,25.0869069],[121.6023258,25.0868593],[121.6023243,25.0868586],[121.6022868,25.0868422],[121.6021752,25.0867622],[121.6021068,25.0867833],[121.6019888,25.086819],[121.6018947,25.0868475],[121.6018032,25.0868386],[121.6017747,25.0869241],[121.6023753,25.0870007],[121.6024332,25.0870081],[121.6024788,25.0870139],[121.6024804,25.0871371],[121.6024809,25.0872393],[121.6024891,25.0881963],[121.6024927,25.0885042],[121.6024926,25.0885385],[121.602492,25.0885387],[121.6016456,25.0887417],[121.6013554,25.0888885],[121.6013548,25.0888889],[121.6012272,25.0888493],[121.6010623,25.0887982],[121.6010199,25.0887856],[121.6010194,25.0887858],[121.6009719,25.0888033],[121.6009603,25.0888064],[121.6007099,25.0888742],[121.6003457,25.0889719],[121.6003259,25.0889794],[121.600326,25.0889801],[121.6004081,25.0894623],[121.6004535,25.0897369],[121.6004708,25.0898384],[121.6005484,25.0902924],[121.6005295,25.0902963],[121.6005201,25.0902982],[121.6004379,25.0903148],[121.6003224,25.090338],[121.6003034,25.0903423],[121.6002072,25.0903619],[121.600105,25.0903827],[121.5998624,25.0904322],[121.5997958,25.0903757],[121.5997349,25.0903241],[121.599687,25.0902834],[121.5997268,25.0903323],[121.5997358,25.0903716],[121.5997352,25.0903721],[121.5997266,25.0903783],[121.599727,25.0903786],[121.599823,25.090432],[121.5998762,25.0904673],[121.5999107,25.0905073],[121.5999984,25.0905616],[121.6000656,25.0905804],[121.6002312,25.0906669],[121.6002483,25.0906972],[121.6002533,25.0907061],[121.6002596,25.0907173],[121.6002616,25.0907292],[121.6002701,25.0907809],[121.600326,25.0908369],[121.6004961,25.0908815],[121.6005409,25.0909102],[121.600922,25.0909873],[121.6009538,25.0909864],[121.600964,25.0909595],[121.6009643,25.0909586],[121.6009887,25.0909665],[121.6010075,25.0909727],[121.6010145,25.0909844],[121.6010362,25.0910208],[121.6010366,25.091023],[121.6010411,25.0910544],[121.6011484,25.0911255],[121.6011665,25.0912114],[121.6012709,25.0913065],[121.6014033,25.0913813],[121.6015169,25.091533],[121.601662,25.0916519],[121.6018311,25.0918019],[121.6021395,25.0918905],[121.6023231,25.0919818],[121.6026991,25.0920876],[121.602781,25.0921267],[121.6030638,25.0922924],[121.6031286,25.0923023],[121.6031583,25.0923069],[121.6031616,25.0923074],[121.6033432,25.092477],[121.6035688,25.0925752],[121.6035884,25.0926306],[121.6036646,25.0927009],[121.6041726,25.0929102],[121.6041722,25.0929438],[121.6042125,25.0929983],[121.6043497,25.093107],[121.6044022,25.0931868],[121.6044162,25.0931961],[121.6044715,25.0932349],[121.6045209,25.0932292],[121.604537,25.0932274],[121.6045394,25.0932271],[121.604568,25.093243],[121.6045755,25.0932472],[121.6045779,25.0932485],[121.6045999,25.0933277],[121.6047297,25.0933689],[121.604799,25.0934012],[121.6048348,25.0934294],[121.6048548,25.0934434],[121.6049937,25.0935431],[121.6051488,25.0935997],[121.6052111,25.0936078],[121.6052258,25.0936096],[121.6052285,25.09361],[121.6052818,25.0936318],[121.6053608,25.0937131],[121.6055974,25.093759],[121.6056599,25.0937815],[121.6058801,25.0938091],[121.6060203,25.0937729],[121.6060657,25.0938022],[121.6060977,25.0938652],[121.6062336,25.0939768],[121.6062379,25.0940322],[121.6061819,25.0941145],[121.6059966,25.0942228],[121.6058629,25.0943213],[121.6057422,25.0944603],[121.6056203,25.0945214],[121.6055046,25.0945806],[121.6054673,25.0946809],[121.6054257,25.0947267],[121.605408,25.0947328],[121.6053667,25.0947469],[121.6052295,25.0948102],[121.6050628,25.0948872],[121.6048742,25.0949799],[121.6047865,25.0949849],[121.6042436,25.0950161],[121.6040783,25.0950255],[121.6040533,25.0950512],[121.6040275,25.0951922],[121.6040847,25.0953563],[121.604159,25.0954644],[121.6041598,25.0954698],[121.6041634,25.0954943],[121.6041634,25.0954944],[121.6041916,25.0956875],[121.6041917,25.0956883],[121.604201,25.095704],[121.6042581,25.0958004],[121.6044708,25.0958029],[121.6048803,25.0959498],[121.605203,25.095917],[121.6054441,25.0959653],[121.6055188,25.0959427],[121.6055329,25.0959383],[121.6057068,25.0959624],[121.605827,25.0960254],[121.6060699,25.0960843],[121.6061942,25.096193],[121.6064214,25.0961398],[121.6065896,25.0961353],[121.6066934,25.0960934],[121.6067356,25.0960544],[121.6067412,25.0960515],[121.6069686,25.0959415],[121.6069775,25.0959368]]]}},{"type":"Feature","id":276,"properties":{"sectionCode":"0491","sectionName":"大湖段二小段","districtName":"內湖區","fullName":"內湖區大湖段二小段"},"geometry":{"type":"Polygon","coordinates":[[[121.6009603,25.0888064],[121.601019,25.0887856],[121.6010194,25.0887858],[121.6010624,25.0887989],[121.6012272,25.0888493],[121.6013554,25.0888885],[121.6013595,25.0888898],[121.6016514,25.0887413],[121.602492,25.0885389],[121.602492,25.0885387],[121.6024915,25.0884792],[121.602491,25.0884188],[121.6024786,25.0870665],[121.6024788,25.0870139],[121.6023753,25.0870007],[121.6017747,25.0869241],[121.6018032,25.0868386],[121.6018057,25.0868312],[121.6018214,25.0867232],[121.6018434,25.0866753],[121.6018763,25.0865219],[121.6019576,25.0863436],[121.601976,25.0863086],[121.6019922,25.0862512],[121.6020018,25.086222],[121.6020066,25.0862055],[121.6020384,25.0861851],[121.6020378,25.0861573],[121.6020171,25.0861551],[121.601944,25.0861271],[121.6017698,25.086102],[121.6017698,25.086102],[121.6017963,25.0860351],[121.6018133,25.0859922],[121.6018134,25.0859921],[121.6018356,25.085936],[121.6018649,25.0858172],[121.6018649,25.0858172],[121.6017985,25.0858591],[121.6017906,25.0859319],[121.601747,25.0859881],[121.6017103,25.0860353],[121.6017103,25.0860352],[121.6017129,25.0860227],[121.6017219,25.0859783],[121.6016034,25.0859644],[121.6016024,25.0859737],[121.6016019,25.0859674],[121.6016019,25.0859673],[121.6016002,25.0859612],[121.6016002,25.0859611],[121.6015976,25.0859552],[121.6015975,25.0859552],[121.6015939,25.0859498],[121.6015893,25.0859449],[121.6015839,25.0859408],[121.6015779,25.0859375],[121.6015679,25.0859329],[121.6013708,25.0858427],[121.6012874,25.0857989],[121.601209,25.0857481],[121.601209,25.0857481],[121.6011359,25.0856903],[121.6011358,25.0856903],[121.6010692,25.0856263],[121.6010691,25.0856263],[121.6010295,25.0855817],[121.6010295,25.0855817],[121.6010143,25.085563],[121.6010142,25.085563],[121.6010098,25.0855573],[121.6010098,25.0855573],[121.6009333,25.0854416],[121.6009333,25.0854416],[121.600903,25.0853818],[121.6008609,25.0852884],[121.6008686,25.0852764],[121.6008661,25.085267],[121.6008465,25.0851932],[121.6007983,25.0851096],[121.6007708,25.0849923],[121.6007343,25.084941],[121.6006993,25.084928],[121.6006983,25.0849276],[121.6006613,25.0849138],[121.6006697,25.0848888],[121.6006702,25.0848872],[121.6006805,25.0848866],[121.6007313,25.0848833],[121.600736,25.084883],[121.6006605,25.0847186],[121.6006599,25.0847172],[121.6006553,25.0847182],[121.6006085,25.0847288],[121.6006083,25.0847288],[121.6004898,25.0847495],[121.6002587,25.0847807],[121.6002278,25.0847837],[121.6002192,25.0847845],[121.6001803,25.0847871],[121.6001346,25.0847896],[121.6000723,25.0847931],[121.5998845,25.0848044],[121.5998249,25.0848077],[121.5995848,25.0848189],[121.5995398,25.0848201],[121.5992919,25.0848268],[121.5990662,25.0848306],[121.5990132,25.0848315],[121.5989128,25.084831],[121.5987968,25.0848296],[121.5987552,25.084829],[121.5987177,25.0848283],[121.5986204,25.0848257],[121.5985476,25.0848235],[121.5984486,25.0848211],[121.5983352,25.0848158],[121.5983207,25.0848151],[121.5982278,25.0848108],[121.5981404,25.0848058],[121.5980465,25.0848],[121.5980433,25.0847999],[121.5980032,25.0847979],[121.5979904,25.0847968],[121.5979676,25.0847949],[121.5978622,25.0847867],[121.5977926,25.0847812],[121.5977311,25.0847758],[121.597634,25.084768],[121.5975136,25.0847558],[121.5973786,25.0847417],[121.5972739,25.0847293],[121.5972724,25.0847291],[121.5972251,25.0847931],[121.597223,25.0848547],[121.5971786,25.0849168],[121.5971101,25.0849689],[121.5971021,25.0849745],[121.5970774,25.0849936],[121.5970668,25.0850019],[121.5970613,25.0850061],[121.5970657,25.0850274],[121.5971041,25.0852175],[121.5971179,25.0852822],[121.5971184,25.0852842],[121.597131,25.0855426],[121.597055,25.0858753],[121.5970655,25.0859438],[121.5970724,25.0859885],[121.5970709,25.0860646],[121.5970398,25.0862561],[121.5969338,25.0864919],[121.5969338,25.086492],[121.5969317,25.0865126],[121.5969244,25.0865652],[121.5968536,25.0866895],[121.5968385,25.0867085],[121.5967407,25.0868263],[121.596748,25.086883],[121.5967539,25.0869284],[121.5967936,25.0870505],[121.5968634,25.0871434],[121.5967897,25.0871976],[121.5967604,25.0872192],[121.5967083,25.0872311],[121.5967068,25.0872315],[121.5966676,25.0872422],[121.5966677,25.0872424],[121.5967515,25.0873947],[121.59685,25.0874279],[121.5969287,25.0874374],[121.5969379,25.0874386],[121.5969444,25.0874395],[121.5970269,25.0874777],[121.597027,25.0874777],[121.5971033,25.0875131],[121.5971906,25.0875535],[121.597192,25.0875541],[121.5972174,25.0875575],[121.5972316,25.0875595],[121.597257,25.0875629],[121.597319,25.0875969],[121.5973843,25.0876327],[121.5975111,25.087772],[121.597523,25.0877855],[121.5975368,25.087801],[121.5975956,25.08786],[121.5976262,25.0878906],[121.5976348,25.0879047],[121.5976485,25.0879274],[121.5976797,25.0880484],[121.5976684,25.088098],[121.5976574,25.0881457],[121.59765,25.0881769],[121.5976558,25.0881818],[121.5976796,25.088202],[121.5976794,25.0882023],[121.5976761,25.0882077],[121.5976713,25.0882156],[121.597669,25.0882188],[121.597669,25.0882188],[121.5977175,25.0882398],[121.597719,25.0882402],[121.5977281,25.0882426],[121.5977522,25.0882488],[121.5977533,25.0882504],[121.5977622,25.0882635],[121.5977647,25.0882648],[121.5977701,25.0882675],[121.5980783,25.0884263],[121.5981425,25.0884594],[121.5981855,25.088482],[121.5981989,25.0884887],[121.5984841,25.0886363],[121.5984889,25.0886396],[121.5984932,25.0886435],[121.5984968,25.088648],[121.5984996,25.0886529],[121.5985017,25.0886593],[121.5985028,25.0886659],[121.5985027,25.0886727],[121.5985016,25.0886793],[121.5984993,25.0886857],[121.5985043,25.08868],[121.5985134,25.0886696],[121.5985137,25.0886692],[121.598617,25.0887238],[121.5986536,25.0887431],[121.5988283,25.0888353],[121.5988996,25.088873],[121.5991488,25.0890046],[121.59917,25.0890177],[121.5991703,25.0890179],[121.5991713,25.0890187],[121.5991885,25.0890332],[121.5991895,25.0890339],[121.5991906,25.0890352],[121.5992007,25.0890465],[121.5992058,25.0890523],[121.5992125,25.0890625],[121.5992191,25.0890727],[121.5992289,25.0890946],[121.5992905,25.0892651],[121.5995355,25.0899453],[121.5995364,25.0899484],[121.5995425,25.0899692],[121.5995426,25.0899696],[121.5995427,25.0899704],[121.5995446,25.0899833],[121.5995459,25.0899921],[121.5995462,25.0899945],[121.5995462,25.0899979],[121.5995462,25.0900048],[121.5995462,25.0900112],[121.5995462,25.0900196],[121.5995425,25.0900445],[121.5995219,25.090143],[121.5995369,25.0901557],[121.5997349,25.0903241],[121.5997957,25.0903758],[121.5998626,25.0904327],[121.6001054,25.090383],[121.6002076,25.0903621],[121.6003037,25.0903425],[121.6003227,25.0903386],[121.600438,25.090315],[121.6005201,25.0902982],[121.6005295,25.0902963],[121.6005484,25.0902924],[121.6004708,25.0898384],[121.6004535,25.0897369],[121.6003925,25.0893798],[121.6003709,25.0892534],[121.6003243,25.0889806],[121.600326,25.0889801],[121.600346,25.0889747],[121.600709,25.088876],[121.6009452,25.0888118],[121.6009603,25.0888064]]]}},{"type":"Feature","id":277,"properties":{"sectionCode":"0492","sectionName":"大湖段三小段","districtName":"內湖區","fullName":"內湖區大湖段三小段"},"geometry":{"type":"Polygon","coordinates":[[[121.6149435,25.1036769],[121.6150908,25.1035789],[121.6151396,25.1035642],[121.6152877,25.103584],[121.6153516,25.1036253],[121.6153547,25.1036273],[121.6153695,25.1036682],[121.6153696,25.1036685],[121.6154019,25.1036784],[121.6154756,25.1036546],[121.6155481,25.1036479],[121.6155559,25.1036472],[121.6155559,25.103629],[121.6156208,25.1035316],[121.6156662,25.1034874],[121.6157205,25.1034018],[121.6157855,25.1033452],[121.6158605,25.1032787],[121.6159328,25.1032438],[121.6160511,25.1032213],[121.6161356,25.103014],[121.6162746,25.1028636],[121.6163312,25.1027203],[121.6163631,25.1025736],[121.6164467,25.1025415],[121.6165542,25.1024317],[121.6166527,25.1022962],[121.6167426,25.1021761],[121.6167673,25.1020228],[121.6167508,25.1018931],[121.6166899,25.1018163],[121.616657,25.1017744],[121.6167666,25.1016777],[121.6169067,25.1015971],[121.6170264,25.101582],[121.6170377,25.1015812],[121.617164,25.1015078],[121.6171954,25.1013113],[121.617241,25.1012092],[121.617306,25.1010927],[121.6174305,25.1010793],[121.6174785,25.1010318],[121.6175845,25.101035],[121.61775,25.1009305],[121.6179309,25.1008822],[121.6179878,25.1008772],[121.6180015,25.1008428],[121.6181103,25.1007523],[121.6182366,25.1007055],[121.6184229,25.1005897],[121.6185806,25.1004104],[121.6186574,25.1002762],[121.6186558,25.1002427],[121.6187095,25.1001891],[121.618872,25.1000744],[121.6189982,25.0999874],[121.6191211,25.0999089],[121.6192348,25.0998078],[121.6193905,25.0997212],[121.6195631,25.0995663],[121.619686,25.0995161],[121.6196924,25.0994993],[121.6197268,25.0994217],[121.6197877,25.09938],[121.6199923,25.0993572],[121.6200681,25.099234],[121.6202049,25.0991244],[121.6202879,25.0990984],[121.6204104,25.0989781],[121.6205705,25.0987875],[121.6207812,25.098754],[121.6209373,25.098763],[121.6210922,25.0988129],[121.6211766,25.0988056],[121.6211964,25.0987669],[121.6212562,25.098648],[121.62152,25.0983818],[121.6215718,25.0983697],[121.6216572,25.0982708],[121.6217932,25.0981449],[121.6218499,25.0980358],[121.6220359,25.097882],[121.6220847,25.0977347],[121.622092,25.097723],[121.6221653,25.0976057],[121.6221853,25.0975351],[121.6221749,25.0973843],[121.6223581,25.0972486],[121.6225771,25.0972324],[121.6226402,25.0972747],[121.6227823,25.0971846],[121.6228804,25.0971479],[121.6231044,25.0969862],[121.6231869,25.0969267],[121.623259,25.0969087],[121.6235591,25.0970692],[121.6237544,25.0971138],[121.6239577,25.0970987],[121.6241657,25.0970096],[121.6242454,25.0969985],[121.6244429,25.0969733],[121.6245772,25.0969962],[121.6247125,25.0970167],[121.6248549,25.0971119],[121.62501,25.0971499],[121.6250583,25.0971801],[121.625184,25.0971055],[121.625301,25.0969935],[121.6255423,25.0969125],[121.6258062,25.0968926],[121.625915,25.0964538],[121.6260618,25.0962131],[121.6261761,25.0961178],[121.6262231,25.0961013],[121.6261962,25.0960619],[121.6262005,25.0960358],[121.6261558,25.0959052],[121.6260971,25.0958759],[121.6258212,25.0956564],[121.6257966,25.0956147],[121.6255658,25.0954969],[121.6255458,25.0954863],[121.6254925,25.09541],[121.6252611,25.0952557],[121.6252173,25.0948521],[121.6251496,25.0942739],[121.6251229,25.0941422],[121.6250693,25.0939799],[121.6250297,25.0939129],[121.6250343,25.0938614],[121.6250631,25.0938364],[121.6251143,25.0936257],[121.6251517,25.0935292],[121.6252229,25.0934829],[121.6253168,25.0934405],[121.6253256,25.0934056],[121.6253576,25.0933019],[121.6253937,25.0931709],[121.6255783,25.0929121],[121.6255753,25.0927875],[121.6256313,25.0926419],[121.6256914,25.0924853],[121.6257803,25.092348],[121.6259432,25.0921814],[121.6259974,25.0920641],[121.6261243,25.0919105],[121.6262085,25.0917587],[121.6262462,25.0914641],[121.6262121,25.0913612],[121.6262074,25.091296],[121.6261159,25.0912059],[121.6258644,25.0909342],[121.6258406,25.0908816],[121.6258124,25.0907748],[121.6258168,25.0906914],[121.6258393,25.0906096],[121.6261126,25.0904374],[121.626385,25.0903475],[121.6264509,25.0902656],[121.6264717,25.0902121],[121.6265624,25.089982],[121.6267781,25.0896088],[121.6268258,25.0895897],[121.6268873,25.0894841],[121.6269543,25.0893421],[121.6270644,25.0892697],[121.6270674,25.0891801],[121.627107,25.0891231],[121.6273332,25.0890023],[121.6273663,25.0890275],[121.627379,25.0890223],[121.6273786,25.089003],[121.6273995,25.0890004],[121.6275936,25.0888922],[121.6276224,25.0888211],[121.6276559,25.0887379],[121.6276856,25.0886997],[121.6277518,25.0886178],[121.6278865,25.0885131],[121.628101,25.0884968],[121.6281773,25.0885164],[121.6281986,25.0884762],[121.628176,25.088342],[121.6281862,25.0880447],[121.6281302,25.0877491],[121.6281459,25.0876174],[121.628105,25.0874515],[121.6280015,25.0872934],[121.627951,25.0870864],[121.6281679,25.0868636],[121.6282317,25.0867437],[121.6283992,25.0865164],[121.6282878,25.0862239],[121.6282053,25.0860891],[121.6281618,25.0860053],[121.6281521,25.0859386],[121.6281093,25.0857438],[121.6279999,25.0854728],[121.6279429,25.0855089],[121.6279308,25.0855203],[121.6275178,25.0856402],[121.6270373,25.0857818],[121.6269354,25.0858365],[121.6269225,25.0858422],[121.6269054,25.0859014],[121.6268486,25.0859927],[121.6268387,25.086017],[121.6268427,25.086092],[121.6268037,25.0862447],[121.6267381,25.0862725],[121.6267241,25.0863234],[121.6265624,25.0863889],[121.6264434,25.0863456],[121.6262811,25.0863304],[121.6261889,25.0862874],[121.6261331,25.0862256],[121.6260688,25.086183],[121.6260668,25.0861814],[121.6259662,25.0861765],[121.6259017,25.0861171],[121.6258618,25.0860538],[121.6258095,25.0860072],[121.6257357,25.0859768],[121.6257256,25.0859732],[121.6257502,25.0858819],[121.6257712,25.0858329],[121.6257619,25.085734],[121.6257508,25.0856801],[121.6257392,25.0856583],[121.6256849,25.085679],[121.6257058,25.0858083],[121.6256521,25.0859245],[121.6256203,25.0860206],[121.6255321,25.0860966],[121.6254847,25.0861554],[121.6254403,25.0862007],[121.6253416,25.0862716],[121.6251973,25.0864093],[121.625154,25.0864369],[121.6250665,25.0865183],[121.6249564,25.0865971],[121.6248328,25.086699],[121.6246806,25.086835],[121.6246146,25.0869412],[121.6245849,25.0870153],[121.6245382,25.0870903],[121.6245188,25.0871755],[121.6245145,25.0872133],[121.6244643,25.0873022],[121.6244315,25.0873435],[121.6243864,25.0874187],[121.6243572,25.087493],[121.624271,25.0876003],[121.6242129,25.0876315],[121.6241345,25.0876952],[121.6240555,25.0877318],[121.6239308,25.0876894],[121.623876,25.0876282],[121.6238327,25.0875334],[121.6238259,25.0875039],[121.6238234,25.0875],[121.6237289,25.0873362],[121.6236919,25.0871704],[121.6236662,25.0871393],[121.6234921,25.0870565],[121.6232414,25.0870704],[121.6231997,25.0871577],[121.6232023,25.0872481],[121.6232349,25.0873668],[121.6232677,25.0874247],[121.6232849,25.0875207],[121.6232925,25.0875722],[121.6233124,25.0876232],[121.6233256,25.0877043],[121.6233106,25.0877817],[121.6233202,25.0878177],[121.6233174,25.0878374],[121.6233093,25.0878931],[121.6233169,25.0879075],[121.6233564,25.0879793],[121.6233452,25.0880361],[121.6233542,25.0880807],[121.623339,25.0881151],[121.6232783,25.0881697],[121.6231769,25.0884129],[121.6231252,25.088499],[121.623032,25.0885399],[121.6230258,25.0885414],[121.6229934,25.0885492],[121.6229421,25.0885472],[121.6228852,25.088524],[121.6228578,25.0884715],[121.6227821,25.0884717],[121.6227349,25.0884669],[121.6226922,25.0884439],[121.6226482,25.0884202],[121.6225557,25.0883991],[121.6225054,25.0883693],[121.6221937,25.0882608],[121.6220726,25.0882586],[121.6219455,25.088256],[121.6215872,25.0883821],[121.6213787,25.0885088],[121.6211896,25.0887119],[121.6210845,25.0888764],[121.6210894,25.0889259],[121.6210563,25.0889934],[121.6210053,25.0890125],[121.6208756,25.0890066],[121.6207326,25.089045],[121.6206273,25.0891344],[121.6205152,25.0891509],[121.6204636,25.0891814],[121.6204167,25.0891913],[121.6203614,25.0891842],[121.6203491,25.0891523],[121.6203072,25.0891115],[121.6202439,25.0891217],[121.6201738,25.0891521],[121.6201404,25.0891793],[121.6200721,25.08921],[121.6199539,25.0893055],[121.6197885,25.0893811],[121.6196125,25.0894316],[121.6195989,25.0894335],[121.6194935,25.0894541],[121.6192888,25.0894504],[121.6191525,25.0894674],[121.6190323,25.0894408],[121.6189198,25.0894666],[121.6188023,25.0895173],[121.6187024,25.0896044],[121.6186802,25.0896315],[121.6186636,25.0896399],[121.6186091,25.0896458],[121.6185492,25.0896902],[121.6184562,25.0896875],[121.6184196,25.0896917],[121.618271,25.0896883],[121.6180904,25.089745],[121.6180338,25.0897284],[121.6179645,25.08967],[121.6174816,25.0894047],[121.6173659,25.0894066],[121.6172745,25.0893513],[121.617149,25.089225],[121.6169369,25.0891071],[121.6168382,25.089089],[121.6167437,25.0891077],[121.6167037,25.0891705],[121.616385,25.0891988],[121.6162097,25.0892087],[121.6160337,25.0892629],[121.6159371,25.0892589],[121.6158104,25.0892914],[121.6157073,25.0893518],[121.615609,25.0893676],[121.6155419,25.0894099],[121.6154597,25.0895075],[121.6154199,25.0895382],[121.6154022,25.0895731],[121.615357,25.089635],[121.6153032,25.0896869],[121.6152163,25.0897555],[121.6151636,25.0897819],[121.615084,25.0898552],[121.6149922,25.0899056],[121.6149853,25.0899102],[121.6148893,25.0899451],[121.6148553,25.0899919],[121.614854,25.0901147],[121.6148194,25.090144],[121.6148021,25.090151],[121.6147406,25.0901308],[121.614717,25.0901359],[121.6146996,25.090109],[121.6147003,25.0900987],[121.6146902,25.0900914],[121.6146613,25.0900694],[121.614463,25.0900691],[121.6142003,25.0901764],[121.6139999,25.0901618],[121.6138469,25.0901626],[121.6137326,25.0901723],[121.613649,25.0902235],[121.6135364,25.090189],[121.6134515,25.0901999],[121.6134208,25.0902297],[121.6133495,25.0902275],[121.6131748,25.0902224],[121.6130597,25.0902187],[121.612983,25.0902284],[121.6129458,25.0902322],[121.6129249,25.0902311],[121.6128487,25.0902419],[121.6127497,25.0902291],[121.612578,25.0901969],[121.6123817,25.0900898],[121.612322,25.0900326],[121.6120331,25.0900298],[121.6120074,25.0900337],[121.6119506,25.090044],[121.6118609,25.0900271],[121.6117597,25.0900619],[121.6116125,25.0901309],[121.6115392,25.0901995],[121.611504,25.0902328],[121.6114495,25.090247],[121.61128,25.0902939],[121.6111315,25.0903455],[121.6109023,25.0903666],[121.6108872,25.0903816],[121.6107925,25.0904947],[121.6105714,25.0905223],[121.610387,25.0905693],[121.6103014,25.0905869],[121.6102807,25.0905935],[121.6101921,25.0907171],[121.6101427,25.0908959],[121.610117,25.0909929],[121.6099821,25.0912833],[121.6098927,25.0913818],[121.6098193,25.0914127],[121.609758,25.0916226],[121.6097498,25.0916472],[121.6096753,25.0919062],[121.6095893,25.0920897],[121.6095687,25.0922335],[121.6095612,25.0923654],[121.6095612,25.0923706],[121.6094942,25.0924334],[121.6094964,25.0925344],[121.6095696,25.0925956],[121.6097101,25.0927131],[121.6097849,25.0928146],[121.6097801,25.0928625],[121.6097744,25.092921],[121.6098116,25.0929905],[121.6098957,25.0930509],[121.6098476,25.0933118],[121.6098271,25.0934209],[121.6099013,25.0935247],[121.610067,25.0937564],[121.6101723,25.0939644],[121.6102737,25.0942184],[121.6101785,25.0943656],[121.6100605,25.0944429],[121.6099966,25.0946302],[121.6099505,25.0947146],[121.609868,25.094817],[121.6097863,25.0948213],[121.6096382,25.0947957],[121.6095237,25.0948203],[121.6094234,25.0948264],[121.609317,25.0949048],[121.6091136,25.0950548],[121.6088274,25.0950897],[121.608713,25.0951251],[121.6086022,25.0951239],[121.6084959,25.0951481],[121.6083385,25.0953247],[121.6083262,25.0953382],[121.6080872,25.0955907],[121.6079034,25.0956969],[121.6078957,25.095703],[121.6078932,25.0957057],[121.6077842,25.0957985],[121.6076132,25.0957558],[121.6075885,25.0957707],[121.6073064,25.0959209],[121.6069775,25.0959368],[121.6069686,25.0959415],[121.6067412,25.0960515],[121.6067356,25.0960544],[121.6066934,25.0960934],[121.6065896,25.0961353],[121.6064214,25.0961398],[121.6061942,25.096193],[121.6060699,25.0960843],[121.605827,25.0960254],[121.6057068,25.0959624],[121.6055329,25.0959383],[121.6055188,25.0959427],[121.6054441,25.0959653],[121.605203,25.095917],[121.6048803,25.0959498],[121.6044708,25.0958029],[121.6042581,25.0958004],[121.6042389,25.095819],[121.604188,25.0960145],[121.6041879,25.0960149],[121.6042657,25.0960263],[121.6043151,25.0960554],[121.6048696,25.0963824],[121.6051715,25.0964652],[121.6053088,25.0965189],[121.6053103,25.096521],[121.6053884,25.0966236],[121.6053907,25.0966244],[121.6054539,25.0966469],[121.6057089,25.0967376],[121.6057621,25.0968314],[121.6057635,25.0968317],[121.6058653,25.0968488],[121.6059601,25.09694],[121.6060109,25.0969451],[121.6060828,25.0969871],[121.6061219,25.0970549],[121.6061621,25.0970735],[121.6061986,25.0971434],[121.6062264,25.0971444],[121.606244,25.097125],[121.6062898,25.0971286],[121.6063248,25.0971148],[121.6063713,25.0971144],[121.6064299,25.097075],[121.6065479,25.0970855],[121.6065535,25.0971368],[121.6065912,25.0971564],[121.6066568,25.0972169],[121.6067531,25.0972572],[121.6068162,25.0972311],[121.6069606,25.0971996],[121.6069894,25.0972085],[121.6071327,25.0972631],[121.6071345,25.0972636],[121.6073195,25.0973092],[121.6073246,25.0973104],[121.6073433,25.0973266],[121.6073779,25.0973332],[121.6073798,25.0973336],[121.6074164,25.0973309],[121.6074191,25.0973307],[121.6075239,25.0974087],[121.6075904,25.097443],[121.6076849,25.0974509],[121.6077082,25.0974558],[121.6078732,25.0974903],[121.6078756,25.0974908],[121.6079078,25.0975101],[121.6079599,25.0975149],[121.6079815,25.0975169],[121.6079875,25.0975174],[121.6081083,25.0975649],[121.6081841,25.097605],[121.6082703,25.0976386],[121.6082944,25.097648],[121.6085079,25.0976912],[121.6085145,25.0976925],[121.6085945,25.0977218],[121.6086256,25.0977483],[121.6086667,25.0977612],[121.6086684,25.0977618],[121.6087409,25.0977087],[121.6088225,25.09769],[121.6088228,25.0976899],[121.6088707,25.0977246],[121.6089341,25.0977226],[121.6090094,25.0977201],[121.6090968,25.0976486],[121.6090971,25.0976483],[121.6091509,25.0976595],[121.6091892,25.0976675],[121.6091913,25.0976679],[121.6092888,25.0977807],[121.6092895,25.0977815],[121.6094159,25.0977799],[121.6094204,25.0977811],[121.6096885,25.0978499],[121.6097848,25.0978554],[121.6098132,25.0978454],[121.6100038,25.0977784],[121.6100067,25.0977773],[121.6101146,25.0978014],[121.6101333,25.0978306],[121.6101934,25.0978602],[121.6102607,25.0978688],[121.6102888,25.097858],[121.6102898,25.0978576],[121.6103099,25.0978184],[121.6103075,25.0977762],[121.6103451,25.0977625],[121.6103478,25.0977616],[121.6105395,25.0977665],[121.6105618,25.0977677],[121.6105613,25.0977735],[121.6105535,25.0978585],[121.6105846,25.0978704],[121.6105869,25.0978713],[121.6106432,25.0978334],[121.6106416,25.0978329],[121.6106264,25.0978277],[121.6106219,25.0978262],[121.6106232,25.0978113],[121.6106427,25.0978135],[121.6106728,25.097817],[121.6106917,25.0978155],[121.6107751,25.097809],[121.6108872,25.0978225],[121.6108874,25.0978225],[121.6110087,25.0978149],[121.6110232,25.0978159],[121.6110709,25.0978189],[121.6111126,25.0978303],[121.6111218,25.0978328],[121.6111837,25.0978581],[121.6112629,25.0978638],[121.6112884,25.0978657],[121.6112925,25.097866],[121.6113578,25.0978874],[121.6114708,25.0979124],[121.6115897,25.0980114],[121.6116132,25.0980136],[121.6116438,25.0980295],[121.6116813,25.098025],[121.6117054,25.0980141],[121.6117154,25.0980096],[121.6117668,25.0980004],[121.6117676,25.0980002],[121.6117896,25.0980042],[121.6117977,25.0980115],[121.6118231,25.0980342],[121.6118383,25.0980677],[121.6118648,25.0981003],[121.6118795,25.0981439],[121.6119363,25.0982189],[121.6119403,25.0982208],[121.6119616,25.0982311],[121.6119677,25.0982315],[121.6120567,25.0982377],[121.6120911,25.0982402],[121.6121223,25.0982354],[121.61214,25.0982363],[121.6121631,25.0982375],[121.6122286,25.0982186],[121.6122499,25.0982125],[121.6122519,25.0982115],[121.6123137,25.0981827],[121.6123452,25.0981619],[121.6123643,25.0981494],[121.6123685,25.0981456],[121.6123932,25.0981236],[121.6124327,25.0980932],[121.6125823,25.0979934],[121.6126183,25.0979785],[121.6126186,25.0979781],[121.6126372,25.0979532],[121.6126402,25.0979492],[121.6126406,25.097949],[121.6126927,25.097924],[121.6127232,25.0978852],[121.612734,25.0978713],[121.6127826,25.0977995],[121.6128419,25.0977119],[121.6128766,25.0976311],[121.6128852,25.0976171],[121.6128965,25.0975988],[121.6129273,25.0975767],[121.612984,25.0975835],[121.6130073,25.0976176],[121.6132563,25.0976661],[121.6133123,25.0976695],[121.6134016,25.0976419],[121.6134784,25.0976298],[121.6134804,25.0976294],[121.6134954,25.0976183],[121.6135228,25.0975979],[121.6135449,25.0975692],[121.6136507,25.097453],[121.6137081,25.0974295],[121.613805,25.0974193],[121.613891,25.0974101],[121.6139368,25.0973951],[121.6139457,25.097408],[121.6140312,25.0974124],[121.6140757,25.097443],[121.6141224,25.0974515],[121.6141735,25.0974533],[121.6142397,25.0974616],[121.6143279,25.0974558],[121.6143867,25.097439],[121.614475,25.0973956],[121.6145646,25.0973038],[121.6146184,25.0972103],[121.6146738,25.0972445],[121.6146982,25.0972442],[121.6147014,25.0972441],[121.61468,25.0972271],[121.6146313,25.0971882],[121.6146296,25.0971868],[121.6146876,25.0970743],[121.6146922,25.0970352],[121.6146998,25.0969714],[121.6147042,25.0969569],[121.6147129,25.0969287],[121.6147114,25.0968626],[121.6147095,25.0967868],[121.6147095,25.0967865],[121.6147232,25.0967331],[121.6147737,25.096637],[121.6148084,25.0965903],[121.6148649,25.0965257],[121.6149066,25.0964817],[121.6149687,25.0963987],[121.6149765,25.0963938],[121.6149829,25.0963899],[121.6150744,25.0963213],[121.6151332,25.0962813],[121.615181,25.0962487],[121.6152504,25.0962048],[121.6152541,25.0962034],[121.6152881,25.0961912],[121.6153075,25.0961843],[121.6155116,25.0960564],[121.6156002,25.0959854],[121.6156147,25.0959788],[121.6157056,25.0959377],[121.6157075,25.0959369],[121.6157326,25.0959342],[121.6158241,25.0959246],[121.6159167,25.0959244],[121.6159443,25.0959299],[121.6160481,25.0959215],[121.6160498,25.0959208],[121.6160593,25.095917],[121.6160861,25.0959063],[121.6160868,25.095906],[121.6160973,25.0959056],[121.6161367,25.095904],[121.6161395,25.0959039],[121.6162651,25.0958768],[121.61639,25.095889],[121.6163599,25.0959436],[121.6163278,25.0959654],[121.6162957,25.096015],[121.6162938,25.0960554],[121.6163191,25.096098],[121.61632,25.0960996],[121.6163206,25.0961006],[121.6163588,25.0961189],[121.6164186,25.096162],[121.6164349,25.09623],[121.6164359,25.096232],[121.6164548,25.0962698],[121.6164692,25.0962987],[121.6164465,25.0963599],[121.6164433,25.0964184],[121.6164504,25.0964579],[121.6164685,25.0965019],[121.6164544,25.0966482],[121.6164682,25.0966854],[121.6164839,25.0967279],[121.6164604,25.0967985],[121.6164541,25.0968059],[121.6164259,25.096839],[121.6164233,25.0968422],[121.6164014,25.0969012],[121.6164013,25.0969614],[121.6164013,25.0969616],[121.6163997,25.0969653],[121.6163873,25.0969944],[121.6163877,25.0970363],[121.6163594,25.0970931],[121.6163584,25.097095],[121.616327,25.097122],[121.6163162,25.0971386],[121.6162994,25.0971644],[121.616299,25.0971651],[121.6161601,25.0972276],[121.6161579,25.0972286],[121.6161383,25.0972492],[121.616126,25.0972621],[121.6161251,25.097263],[121.616102,25.0973185],[121.6160876,25.0973531],[121.6160873,25.0973537],[121.6160214,25.097424],[121.6159586,25.0975125],[121.6159573,25.0975171],[121.615946,25.0975555],[121.6159333,25.0975985],[121.6159157,25.0976985],[121.6159154,25.0977006],[121.615907,25.0977215],[121.6158992,25.0977412],[121.6158984,25.0977432],[121.6158665,25.0977643],[121.6157921,25.0977972],[121.6157439,25.0977991],[121.6157428,25.0977991],[121.6156601,25.0978944],[121.6156269,25.0979326],[121.6156021,25.0980087],[121.6155649,25.098062],[121.6155419,25.098095],[121.6155405,25.098097],[121.6155507,25.0981958],[121.6155507,25.0981961],[121.6155434,25.0982138],[121.6155366,25.0982302],[121.6155333,25.0982381],[121.615492,25.098338],[121.6154915,25.0983393],[121.6155119,25.0984003],[121.61548,25.0985534],[121.6154921,25.0986481],[121.6154035,25.098838],[121.6154027,25.0988398],[121.6153236,25.0989061],[121.615286,25.0989502],[121.6152295,25.0990164],[121.6152435,25.0991759],[121.6152453,25.09918],[121.6152555,25.099203],[121.6153169,25.0993423],[121.6153172,25.0993536],[121.6153178,25.0993736],[121.6153181,25.0993874],[121.6153185,25.0994119],[121.6153186,25.099414],[121.615351,25.0994407],[121.6153622,25.0994833],[121.6153611,25.0995172],[121.6153611,25.099519],[121.6154331,25.0995719],[121.6154332,25.0995719],[121.6154337,25.0995743],[121.6154454,25.0996275],[121.6154455,25.0996279],[121.6154139,25.0996969],[121.6154071,25.0997927],[121.6154022,25.0998102],[121.6153675,25.0999327],[121.6153677,25.0999348],[121.6153677,25.0999348],[121.615375,25.1000321],[121.6153751,25.1000334],[121.6153714,25.1000495],[121.6153597,25.1001011],[121.6153591,25.1001037],[121.6153015,25.1002054],[121.6153009,25.1002065],[121.6152868,25.1002806],[121.6152681,25.1003786],[121.6152462,25.1005476],[121.6151981,25.1007053],[121.6151768,25.1008037],[121.6151725,25.1008237],[121.6151725,25.1008241],[121.6151922,25.1010455],[121.6151891,25.1010502],[121.615093,25.1011949],[121.6150702,25.1012125],[121.6149415,25.1013112],[121.6149356,25.1013621],[121.6148839,25.1014058],[121.6148661,25.101446],[121.6148585,25.1014632],[121.6148557,25.1014696],[121.614806,25.101529],[121.614806,25.1015291],[121.6148366,25.1015344],[121.6149471,25.1015524],[121.6149824,25.1015742],[121.6149836,25.1016291],[121.6150311,25.1016525],[121.6150606,25.1015962],[121.6150308,25.1016563],[121.6149841,25.1016485],[121.614888,25.1016036],[121.6147436,25.1016087],[121.6146792,25.1016078],[121.6146343,25.1016072],[121.6143039,25.1015638],[121.6142932,25.1015614],[121.6142924,25.1015633],[121.6142551,25.1016469],[121.6142423,25.1016605],[121.6142285,25.1016753],[121.6140998,25.1016937],[121.6140996,25.1016953],[121.6140946,25.101738],[121.6140828,25.1018379],[121.6140921,25.1019849],[121.6140661,25.1020108],[121.6140371,25.1020396],[121.6139695,25.102063],[121.6139677,25.102065],[121.6139536,25.1020807],[121.6139192,25.102119],[121.613786,25.1021594],[121.6137813,25.1021608],[121.6136642,25.1021436],[121.6135108,25.1020837],[121.6134588,25.1020635],[121.613431,25.1021085],[121.6134297,25.1021106],[121.6133798,25.1021164],[121.6133593,25.1021188],[121.6133284,25.1021039],[121.6132929,25.1020868],[121.613197,25.1020238],[121.6131375,25.101991],[121.6130413,25.1019651],[121.6130374,25.101964],[121.6130371,25.1019641],[121.6129792,25.1019751],[121.612975,25.1019759],[121.6129307,25.102016],[121.6128501,25.1020889],[121.6127925,25.1022065],[121.6127906,25.1022104],[121.6128278,25.1022968],[121.612829,25.1022997],[121.6127927,25.1023406],[121.6127615,25.1023758],[121.6127583,25.1023818],[121.612677,25.1025328],[121.6126625,25.1026777],[121.6126745,25.1027379],[121.6126781,25.1027562],[121.6126784,25.1027577],[121.6127725,25.1028712],[121.6127769,25.1028745],[121.6128411,25.1029204],[121.6128498,25.1029267],[121.612932,25.1029856],[121.6129672,25.1029913],[121.61303,25.1030135],[121.6131053,25.1030252],[121.613145,25.1030858],[121.6131375,25.1031834],[121.6131599,25.1032062],[121.6132774,25.10322],[121.6133399,25.1032624],[121.6133405,25.1032628],[121.6133805,25.1032912],[121.6134257,25.1033232],[121.6134575,25.1033612],[121.6134872,25.1033968],[121.6135229,25.1034577],[121.6135312,25.1034717],[121.6135311,25.1034719],[121.6135147,25.1035087],[121.6135168,25.1035112],[121.6135235,25.1035195],[121.6135419,25.1035422],[121.6135428,25.1035416],[121.6136141,25.1034948],[121.6136727,25.1034865],[121.6137359,25.1034775],[121.6137384,25.1034772],[121.6139352,25.1035332],[121.6140079,25.1035302],[121.6141121,25.1034743],[121.6142194,25.1033403],[121.6142447,25.1032868],[121.6143034,25.1032205],[121.6143483,25.1031964],[121.6143523,25.1031987],[121.6143916,25.103222],[121.6144205,25.1032586],[121.6144112,25.103339],[121.614434,25.1034751],[121.6145024,25.103592],[121.6145494,25.1036248],[121.6145501,25.1036246],[121.6145807,25.1036197],[121.614632,25.1035915],[121.6146618,25.1035859],[121.6146624,25.1035864],[121.6148048,25.1037053],[121.6148057,25.103706],[121.6148391,25.1037098],[121.6148438,25.1037103],[121.6149414,25.1036776],[121.6149435,25.1036769]]]}},{"type":"Feature","id":278,"properties":{"sectionCode":"0493","sectionName":"大湖段四小段","districtName":"內湖區","fullName":"內湖區大湖段四小段"},"geometry":{"type":"Polygon","coordinates":[[[121.6117597,25.0900619],[121.6118609,25.0900271],[121.6119506,25.090044],[121.6120074,25.0900337],[121.6120331,25.0900298],[121.612322,25.0900326],[121.6123817,25.0900898],[121.612578,25.0901969],[121.6127497,25.0902291],[121.6128487,25.0902419],[121.6129249,25.0902311],[121.6129458,25.0902322],[121.612983,25.0902284],[121.6130597,25.0902187],[121.6131748,25.0902224],[121.6133495,25.0902275],[121.6134208,25.0902297],[121.6134515,25.0901999],[121.6135364,25.090189],[121.613649,25.0902235],[121.6137326,25.0901723],[121.6138469,25.0901626],[121.6139999,25.0901618],[121.6142003,25.0901764],[121.614463,25.0900691],[121.6146613,25.0900694],[121.6146902,25.0900914],[121.6147003,25.0900987],[121.6146996,25.090109],[121.614717,25.0901359],[121.6147406,25.0901308],[121.6148021,25.090151],[121.6148194,25.090144],[121.614854,25.0901147],[121.6148553,25.0899919],[121.6148893,25.0899451],[121.6149853,25.0899102],[121.6149922,25.0899056],[121.615084,25.0898552],[121.6151636,25.0897819],[121.6152163,25.0897555],[121.6153032,25.0896869],[121.615357,25.089635],[121.6154022,25.0895731],[121.6154199,25.0895382],[121.6154597,25.0895075],[121.6155419,25.0894099],[121.615609,25.0893676],[121.6157073,25.0893518],[121.6158104,25.0892914],[121.6159371,25.0892589],[121.6160337,25.0892629],[121.6162097,25.0892087],[121.616385,25.0891988],[121.6167037,25.0891705],[121.6167437,25.0891077],[121.6168382,25.089089],[121.6169369,25.0891071],[121.617149,25.089225],[121.6172745,25.0893513],[121.6173659,25.0894066],[121.6174816,25.0894047],[121.6179645,25.08967],[121.6180338,25.0897284],[121.6180904,25.089745],[121.618271,25.0896883],[121.6184196,25.0896917],[121.6184562,25.0896875],[121.6185492,25.0896902],[121.6186091,25.0896458],[121.6186636,25.0896399],[121.6186802,25.0896315],[121.6187024,25.0896044],[121.6188023,25.0895173],[121.6189198,25.0894666],[121.6190323,25.0894408],[121.6191525,25.0894674],[121.6192888,25.0894504],[121.6194935,25.0894541],[121.6195989,25.0894335],[121.6196125,25.0894316],[121.6197885,25.0893811],[121.6199539,25.0893055],[121.6200721,25.08921],[121.6201404,25.0891793],[121.6201738,25.0891521],[121.6202439,25.0891217],[121.6203072,25.0891115],[121.6203491,25.0891523],[121.6203614,25.0891842],[121.6204167,25.0891913],[121.6204636,25.0891814],[121.6205152,25.0891509],[121.6206273,25.0891344],[121.6207326,25.089045],[121.6208756,25.0890066],[121.6210053,25.0890125],[121.6210563,25.0889934],[121.6210894,25.0889259],[121.6210845,25.0888764],[121.6211896,25.0887119],[121.6213787,25.0885088],[121.6215872,25.0883821],[121.6219455,25.088256],[121.6220726,25.0882586],[121.6221937,25.0882608],[121.6225054,25.0883693],[121.6225557,25.0883991],[121.6226482,25.0884202],[121.6226922,25.0884439],[121.6227349,25.0884669],[121.6227821,25.0884717],[121.6228578,25.0884715],[121.6228852,25.088524],[121.6229421,25.0885472],[121.6229934,25.0885492],[121.6230258,25.0885414],[121.623032,25.0885399],[121.6231252,25.088499],[121.6231769,25.0884129],[121.6232783,25.0881697],[121.623339,25.0881151],[121.6233542,25.0880807],[121.6233452,25.0880361],[121.6233564,25.0879793],[121.6233169,25.0879075],[121.6233093,25.0878931],[121.6233174,25.0878374],[121.6233202,25.0878177],[121.6233106,25.0877817],[121.6233256,25.0877043],[121.6233124,25.0876232],[121.6232925,25.0875722],[121.6232849,25.0875207],[121.6232677,25.0874247],[121.6232349,25.0873668],[121.6232023,25.0872481],[121.6231997,25.0871577],[121.6232414,25.0870704],[121.6234921,25.0870565],[121.6236662,25.0871393],[121.6236919,25.0871704],[121.6237289,25.0873362],[121.6238234,25.0875],[121.6238259,25.0875039],[121.6238327,25.0875334],[121.623876,25.0876282],[121.6239308,25.0876894],[121.6240555,25.0877318],[121.6241345,25.0876952],[121.6242129,25.0876315],[121.624271,25.0876003],[121.6243572,25.087493],[121.6243864,25.0874187],[121.6244315,25.0873435],[121.6244643,25.0873022],[121.6245145,25.0872133],[121.6245188,25.0871755],[121.6245382,25.0870903],[121.6245849,25.0870153],[121.6246146,25.0869412],[121.6246806,25.086835],[121.6248328,25.086699],[121.6249564,25.0865971],[121.6250665,25.0865183],[121.625154,25.0864369],[121.6251973,25.0864093],[121.6253416,25.0862716],[121.6254403,25.0862007],[121.6254847,25.0861554],[121.6255321,25.0860966],[121.6256203,25.0860206],[121.6256521,25.0859245],[121.6257058,25.0858083],[121.6256849,25.085679],[121.6257392,25.0856583],[121.6257508,25.0856801],[121.6257619,25.085734],[121.6257712,25.0858329],[121.6257502,25.0858819],[121.6257256,25.0859732],[121.6257357,25.0859768],[121.6258095,25.0860072],[121.6258618,25.0860538],[121.6259017,25.0861171],[121.6259662,25.0861765],[121.6260668,25.0861814],[121.6260688,25.086183],[121.6261331,25.0862256],[121.6261889,25.0862874],[121.6262811,25.0863304],[121.6264434,25.0863456],[121.6265624,25.0863889],[121.6267241,25.0863234],[121.6267381,25.0862725],[121.6268037,25.0862447],[121.6268427,25.086092],[121.6268387,25.086017],[121.6268486,25.0859927],[121.6269054,25.0859014],[121.6269225,25.0858422],[121.6269354,25.0858365],[121.6270373,25.0857818],[121.6275178,25.0856402],[121.6279308,25.0855203],[121.6279429,25.0855089],[121.6279999,25.0854728],[121.6279882,25.0853227],[121.6279158,25.0852063],[121.6277594,25.0851211],[121.6276046,25.0849563],[121.6274726,25.0848055],[121.627435,25.08472],[121.6274506,25.0846747],[121.6275215,25.0844741],[121.6275678,25.0844133],[121.6274956,25.0841534],[121.6275093,25.0841062],[121.6275718,25.0840546],[121.6277766,25.0837724],[121.6280264,25.0835686],[121.6280702,25.0834686],[121.6280781,25.0834239],[121.6280216,25.083315],[121.6278059,25.0830274],[121.6277496,25.0828704],[121.6274931,25.0825872],[121.6272713,25.0823929],[121.627073,25.0822845],[121.6268761,25.0822833],[121.6267491,25.0822694],[121.6266629,25.0822307],[121.6264746,25.0823045],[121.6264179,25.0822896],[121.6262826,25.082223],[121.6259139,25.0821572],[121.625812,25.082178],[121.6255696,25.0820476],[121.6255625,25.0820416],[121.6255123,25.0820051],[121.6254349,25.0817747],[121.6254094,25.081706],[121.6253779,25.0816273],[121.6253316,25.0815241],[121.6252913,25.0814883],[121.6252583,25.0813424],[121.625214,25.0811465],[121.6250671,25.0809601],[121.6248708,25.0808925],[121.624775,25.0808595],[121.6246935,25.0808314],[121.6246617,25.0807809],[121.6245601,25.080696],[121.6244304,25.0806161],[121.6243169,25.0805276],[121.6242582,25.0804542],[121.6242051,25.080374],[121.6241358,25.0802349],[121.6241113,25.0800183],[121.6241375,25.079882],[121.6242086,25.0797166],[121.6243447,25.0795225],[121.6244389,25.0793568],[121.624447,25.0792201],[121.624432,25.0791153],[121.6243585,25.078943],[121.6241426,25.0788356],[121.6241079,25.0787907],[121.6240438,25.0787834],[121.6239367,25.0787339],[121.6238475,25.0786814],[121.6237848,25.0786043],[121.6237646,25.0784912],[121.6237814,25.0783823],[121.6238614,25.0782386],[121.6238955,25.078181],[121.6240783,25.0780665],[121.6241438,25.078061],[121.6244425,25.078018],[121.6245801,25.0778417],[121.6245899,25.077741],[121.6245878,25.0776257],[121.6245373,25.077569],[121.624255,25.0774703],[121.6238674,25.0774056],[121.6238556,25.0774012],[121.6237393,25.0773797],[121.6234297,25.0772834],[121.6233373,25.0772474],[121.6233114,25.0772462],[121.6231676,25.077166],[121.6231103,25.0770832],[121.623105,25.077067],[121.6228833,25.0771296],[121.6228189,25.0771459],[121.6227993,25.0771508],[121.6227694,25.0771591],[121.6227688,25.0771593],[121.6226944,25.0769397],[121.6226576,25.0768521],[121.6226073,25.0767748],[121.6226051,25.0767713],[121.6225891,25.0767542],[121.6225468,25.0767089],[121.6225383,25.0766999],[121.6225032,25.0766731],[121.6224767,25.0766529],[121.6224593,25.0766397],[121.622417,25.0766176],[121.6223953,25.0766063],[121.6223678,25.076592],[121.6223205,25.0765761],[121.6222968,25.0765681],[121.6222967,25.0765681],[121.6222689,25.0765587],[121.622034,25.0764827],[121.6220336,25.0764825],[121.6220333,25.0764826],[121.6220316,25.0764831],[121.621781,25.0765469],[121.6216316,25.0765856],[121.6215091,25.0766171],[121.6211008,25.0767221],[121.6210994,25.0767224],[121.6210481,25.0767958],[121.6210403,25.0768069],[121.6210193,25.0768363],[121.6209606,25.076918],[121.620921,25.076973],[121.6208849,25.0770236],[121.6207109,25.0772668],[121.6207014,25.07728],[121.6207534,25.0774619],[121.6207771,25.0775449],[121.6207803,25.0775553],[121.6207785,25.0775554],[121.6207684,25.077556],[121.6207233,25.0775603],[121.6205697,25.0775743],[121.6205531,25.0775759],[121.6205443,25.0775765],[121.6205191,25.0775784],[121.6202547,25.0776013],[121.6201914,25.0774741],[121.6201821,25.0774554],[121.6201396,25.0773702],[121.6201016,25.0773732],[121.6200506,25.0773897],[121.6200502,25.0773899],[121.6200363,25.0774099],[121.6200034,25.0774576],[121.6199607,25.0774982],[121.6199075,25.0775157],[121.6198798,25.0775138],[121.6198145,25.0774596],[121.6197879,25.0774763],[121.6197773,25.0774829],[121.619773,25.0774864],[121.6197225,25.0775272],[121.6196455,25.0775106],[121.6196213,25.0775323],[121.6195241,25.0776199],[121.6194342,25.077685],[121.6194342,25.077685],[121.6193784,25.0777254],[121.6191401,25.0779436],[121.6190896,25.0780184],[121.6189753,25.0780752],[121.6189347,25.0780998],[121.6188789,25.0781337],[121.6186777,25.0782586],[121.6184728,25.0783858],[121.6184708,25.0783871],[121.6184243,25.0786005],[121.6183858,25.0786588],[121.6183739,25.0788321],[121.6183622,25.0790005],[121.6183545,25.0791116],[121.6183455,25.0792418],[121.6182931,25.0795499],[121.6182652,25.0797137],[121.6182045,25.0796129],[121.6181901,25.0795942],[121.6181538,25.079547],[121.6181218,25.0795055],[121.6181178,25.0795004],[121.6179685,25.0793919],[121.6176566,25.0792682],[121.6174933,25.079229],[121.6174602,25.0791468],[121.6173679,25.078918],[121.6173654,25.0789179],[121.6168806,25.0789011],[121.6168807,25.0789],[121.6168865,25.0788408],[121.6168809,25.0788394],[121.6167762,25.0788136],[121.6167561,25.0788086],[121.6167535,25.0788117],[121.6166242,25.0789661],[121.6165192,25.0792088],[121.6165316,25.0793214],[121.6165713,25.0793977],[121.6165884,25.0794305],[121.6165821,25.0794452],[121.6165259,25.0795761],[121.6164783,25.0797222],[121.6164748,25.0798509],[121.616385,25.0800398],[121.6161514,25.079976],[121.6161509,25.0799756],[121.6157991,25.0796139],[121.6151555,25.0798745],[121.6150854,25.079833],[121.6150229,25.0797961],[121.6149227,25.0797287],[121.6149149,25.0797234],[121.6147293,25.0797492],[121.6147248,25.0797508],[121.6147178,25.0797533],[121.6146785,25.0797673],[121.6145542,25.0798117],[121.6145106,25.0798726],[121.6144778,25.0799183],[121.6143755,25.0799799],[121.6143507,25.0799948],[121.6143474,25.0799968],[121.6141934,25.0799749],[121.6141249,25.0799605],[121.6140344,25.0799871],[121.6139765,25.0800042],[121.6139663,25.0800072],[121.6137647,25.0800936],[121.6136843,25.0801421],[121.6136301,25.0801748],[121.6135502,25.0802662],[121.6135457,25.0802713],[121.6134344,25.0804167],[121.6133955,25.0804434],[121.6133845,25.0804439],[121.6133755,25.0804446],[121.613373,25.0804449],[121.6133213,25.0804906],[121.6132027,25.080534],[121.6131882,25.0805372],[121.6131461,25.0805454],[121.6131134,25.0805518],[121.6131076,25.0805529],[121.6129958,25.0805943],[121.6129944,25.0805967],[121.6129097,25.0807352],[121.6128367,25.0808546],[121.6128351,25.0808571],[121.612805,25.0808708],[121.6127962,25.0809069],[121.6127952,25.0809109],[121.6127947,25.0809128],[121.6127864,25.0809156],[121.6124792,25.0810101],[121.6123628,25.0810388],[121.6121352,25.0810722],[121.6120101,25.0811476],[121.611985,25.0811627],[121.6119828,25.0811643],[121.6117832,25.0813114],[121.6116958,25.0813279],[121.6116123,25.0813433],[121.6115708,25.0813253],[121.6114208,25.0812595],[121.6113719,25.0812159],[121.6113569,25.0813496],[121.6113071,25.081383],[121.6112039,25.0816132],[121.6111476,25.0816385],[121.6110622,25.0817076],[121.6106997,25.0817736],[121.6105229,25.0818967],[121.6104525,25.0820438],[121.6102238,25.0821948],[121.6100612,25.082278],[121.6099215,25.0824988],[121.6098721,25.0825691],[121.6097771,25.0828039],[121.6096802,25.0828835],[121.6097395,25.0829927],[121.6096343,25.0830917],[121.6095886,25.0831856],[121.6095711,25.0832241],[121.609582,25.0832608],[121.6096879,25.0833978],[121.6096561,25.0835918],[121.6096343,25.0837202],[121.6096356,25.0839377],[121.6096265,25.0840069],[121.6096657,25.084039],[121.6096435,25.0840648],[121.6094954,25.0841451],[121.6095083,25.0842673],[121.6095284,25.0843097],[121.60951,25.0844287],[121.609524,25.0844872],[121.6095168,25.0845385],[121.609558,25.0846043],[121.6095807,25.0846404],[121.6096039,25.0847156],[121.6096187,25.0847637],[121.6095888,25.0848568],[121.609556,25.0848902],[121.6094447,25.0850885],[121.6094373,25.0851885],[121.6094004,25.0852242],[121.6093381,25.0853737],[121.6091973,25.085541],[121.6090077,25.0856799],[121.6089711,25.085799],[121.6089708,25.0858053],[121.608974,25.086099],[121.6089069,25.0863916],[121.6089396,25.0865657],[121.6090044,25.086651],[121.6090221,25.0866742],[121.6092736,25.0867505],[121.609245,25.086818],[121.6092361,25.0869397],[121.6093057,25.0871233],[121.6093093,25.0871316],[121.6093376,25.0873791],[121.6093258,25.087432],[121.6092966,25.0875501],[121.6093871,25.0876758],[121.6093877,25.0877288],[121.6093896,25.0879316],[121.6093266,25.0880757],[121.6093178,25.0882059],[121.6094954,25.0883701],[121.6095645,25.0884717],[121.6094831,25.0886184],[121.6094531,25.0888325],[121.6093782,25.0890289],[121.6093202,25.0892131],[121.6092965,25.0892935],[121.6093145,25.0893627],[121.6094302,25.0895123],[121.6094693,25.0896185],[121.6095683,25.0897262],[121.6097351,25.0898121],[121.6098182,25.0899189],[121.6098793,25.0900554],[121.6100589,25.0903109],[121.6101535,25.0904709],[121.6103014,25.0905869],[121.610387,25.0905693],[121.6105714,25.0905223],[121.6107925,25.0904947],[121.6108872,25.0903816],[121.6109023,25.0903666],[121.6111315,25.0903455],[121.61128,25.0902939],[121.6114495,25.090247],[121.611504,25.0902328],[121.6115392,25.0901995],[121.6116125,25.0901309],[121.6117597,25.0900619]]]}},{"type":"Feature","id":279,"properties":{"sectionCode":"0494","sectionName":"東湖段五小段","districtName":"內湖區","fullName":"內湖區東湖段五小段"},"geometry":{"type":"Polygon","coordinates":[[[121.6228833,25.0771296],[121.6228013,25.0768861],[121.6227658,25.0768054],[121.6227187,25.0767298],[121.6226611,25.0766605],[121.6226358,25.0766354],[121.6225894,25.0765953],[121.6225423,25.0765609],[121.6225016,25.076536],[121.622472,25.0765198],[121.6223898,25.0764828],[121.6223427,25.0764672],[121.6223161,25.0764586],[121.6221803,25.0764154],[121.6220692,25.0763799],[121.6220349,25.0764683],[121.62203,25.0764825],[121.6220316,25.0764831],[121.6222967,25.0765681],[121.6222968,25.0765681],[121.622316,25.0765742],[121.6223205,25.0765761],[121.6223953,25.0766063],[121.6224034,25.0766096],[121.622417,25.0766176],[121.6224591,25.0766425],[121.6224767,25.0766529],[121.6224836,25.076657],[121.6225032,25.0766731],[121.6225468,25.0767089],[121.6225546,25.0767154],[121.6225891,25.0767542],[121.6226073,25.0767748],[121.6226147,25.0767831],[121.6226624,25.0768586],[121.6226964,25.0769401],[121.6227688,25.0771593],[121.6227694,25.0771591],[121.6227993,25.0771508],[121.6228189,25.0771459],[121.6228833,25.0771296]]]}},{"type":"Feature","id":280,"properties":{"sectionCode":"0494","sectionName":"東湖段五小段","districtName":"內湖區","fullName":"內湖區東湖段五小段"},"geometry":{"type":"Polygon","coordinates":[[[121.6228833,25.0771296],[121.623105,25.077067],[121.6231028,25.0770585],[121.6230861,25.0770312],[121.6230979,25.0769837],[121.6231144,25.0769725],[121.6231557,25.0769716],[121.6232117,25.0769505],[121.6232516,25.0768143],[121.6232784,25.0765878],[121.6233092,25.0765709],[121.6233682,25.0765562],[121.623309,25.0763653],[121.6233009,25.0761854],[121.6233166,25.0761441],[121.6234283,25.0760103],[121.6234457,25.0760097],[121.6234963,25.0759175],[121.6235552,25.0758415],[121.6235335,25.0757412],[121.6234597,25.0757036],[121.6234251,25.0756601],[121.6234036,25.0756116],[121.6234039,25.0755535],[121.6234204,25.0755141],[121.623416,25.0754668],[121.6234101,25.075406],[121.6234129,25.0753775],[121.6234514,25.0753333],[121.6234681,25.075268],[121.623666,25.0752529],[121.6237108,25.0752649],[121.623803,25.07529],[121.6238728,25.0752913],[121.6238919,25.0752284],[121.6239329,25.0752191],[121.6239611,25.0751855],[121.6239512,25.0751301],[121.6240393,25.074993],[121.6240511,25.0749402],[121.6239627,25.0749095],[121.6238345,25.0750105],[121.6237628,25.0750446],[121.6237327,25.0750438],[121.6237053,25.0750099],[121.6236622,25.0749883],[121.6235037,25.0749828],[121.6233912,25.0750193],[121.6233102,25.0750052],[121.6232912,25.0749891],[121.6231527,25.0749784],[121.6231168,25.0749328],[121.6230079,25.0748892],[121.6230366,25.0748696],[121.623132,25.0747235],[121.6231271,25.0746891],[121.6231253,25.0746744],[121.6230977,25.0746377],[121.6230823,25.0746165],[121.6230699,25.0745756],[121.6231859,25.0745283],[121.6232117,25.0745638],[121.6232195,25.0745753],[121.6232634,25.0746362],[121.6233343,25.0746865],[121.6233376,25.0746888],[121.6233429,25.0746904],[121.6234882,25.0747418],[121.6235385,25.0747199],[121.6236211,25.0746156],[121.6236653,25.0746274],[121.623717,25.0746117],[121.6237253,25.0746092],[121.6237339,25.0746051],[121.6238089,25.0745693],[121.6237915,25.0745503],[121.6237696,25.0745337],[121.6237249,25.0744995],[121.6237181,25.0744945],[121.6237008,25.074481],[121.6236948,25.0744778],[121.6236904,25.0744748],[121.6236743,25.0744661],[121.6235277,25.0744557],[121.6234781,25.0745139],[121.6234241,25.0745338],[121.6233851,25.0745071],[121.6233817,25.0744729],[121.6233792,25.0744539],[121.6233789,25.0744461],[121.6233788,25.0744251],[121.6233789,25.0743957],[121.623379,25.0743887],[121.6233673,25.0743827],[121.6232622,25.0743319],[121.6232397,25.0743069],[121.6232242,25.0742717],[121.6231672,25.0742109],[121.6231091,25.074135],[121.6230757,25.0740515],[121.6231014,25.0740086],[121.6231888,25.0739986],[121.6232367,25.0740013],[121.6233855,25.0740821],[121.6235892,25.0741013],[121.6236552,25.0741499],[121.6236781,25.0741508],[121.623708,25.0741207],[121.6237405,25.0740566],[121.6237143,25.0739069],[121.6236935,25.0738695],[121.6236783,25.0738417],[121.6236215,25.0738339],[121.6235518,25.0738492],[121.6235297,25.0739311],[121.6234545,25.0739303],[121.6234231,25.0738524],[121.6229633,25.0737268],[121.6229489,25.0735942],[121.6228728,25.0735233],[121.6227613,25.0735227],[121.6226872,25.073636],[121.6226688,25.073684],[121.6226104,25.0737148],[121.6225968,25.0737552],[121.6225365,25.0737841],[121.6225696,25.0738352],[121.6227968,25.0740081],[121.6228254,25.0740134],[121.6228493,25.074034],[121.6228446,25.0741297],[121.6228439,25.0741368],[121.6228182,25.0741431],[121.6226998,25.0742434],[121.6225983,25.0742038],[121.6225637,25.0742151],[121.6225327,25.0741956],[121.6224749,25.0742139],[121.6223023,25.0743149],[121.6222721,25.0743692],[121.6222626,25.0744586],[121.6221508,25.0745867],[121.6220087,25.0746738],[121.6219495,25.0746755],[121.6218944,25.0746306],[121.6218827,25.0745872],[121.6218988,25.0745465],[121.6218465,25.0744358],[121.6218267,25.0743606],[121.6218485,25.0741606],[121.6218065,25.0741199],[121.6217679,25.074109],[121.6216657,25.0740386],[121.6214771,25.0740153],[121.6214344,25.073989],[121.6214235,25.073923],[121.6214606,25.0738655],[121.6214438,25.0738137],[121.6214021,25.0737686],[121.6213146,25.0737158],[121.6212907,25.0737263],[121.6212712,25.0737269],[121.6211752,25.073784],[121.6208489,25.0735067],[121.6207762,25.0735339],[121.6205234,25.0733296],[121.6205078,25.0732836],[121.6204924,25.0732848],[121.6204426,25.0732884],[121.6203786,25.0732928],[121.6203768,25.0732929],[121.620292,25.0732989],[121.6197473,25.0733369],[121.6195681,25.0733495],[121.6195089,25.0733536],[121.6194914,25.0733551],[121.6194502,25.0733585],[121.6194023,25.0733625],[121.6192209,25.0733776],[121.6190214,25.0733942],[121.6187207,25.0734193],[121.6184659,25.0734405],[121.6184458,25.0734422],[121.6184072,25.0734454],[121.6181923,25.0734633],[121.6181787,25.0734638],[121.6181856,25.0734703],[121.6181337,25.0735315],[121.6180414,25.0736383],[121.6179438,25.0737516],[121.6179137,25.0737865],[121.6178824,25.073823],[121.6178398,25.0737834],[121.6178369,25.073781],[121.617801,25.0737472],[121.6177096,25.0736642],[121.617225,25.0732171],[121.6175159,25.0727957],[121.6174714,25.0726018],[121.6174673,25.0725836],[121.6174459,25.0725779],[121.6169607,25.072449],[121.6168674,25.0724239],[121.6165272,25.072333],[121.6162202,25.0722518],[121.6159823,25.0721888],[121.615981,25.0721884],[121.6159712,25.0721858],[121.6158694,25.0721589],[121.6157872,25.0721371],[121.6156618,25.0721038],[121.6156431,25.0720989],[121.6156179,25.072092],[121.6155983,25.0721268],[121.6154481,25.0723898],[121.6154397,25.0729467],[121.6154341,25.0733347],[121.6155414,25.0737083],[121.6155878,25.0738688],[121.6156259,25.0740011],[121.6155692,25.0739789],[121.6154533,25.0739331],[121.6153406,25.0738886],[121.6150983,25.0737924],[121.6150484,25.0737728],[121.6146481,25.0736128],[121.6146646,25.0735255],[121.6147829,25.0729424],[121.6149956,25.0718945],[121.6149755,25.071862],[121.6148693,25.0716903],[121.6148643,25.0716824],[121.6149324,25.0715957],[121.6149709,25.0715466],[121.6149613,25.0715392],[121.6145029,25.0711883],[121.6141743,25.0709369],[121.6141452,25.0709153],[121.6141214,25.0708962],[121.6140693,25.0708481],[121.6140487,25.070826],[121.6140171,25.0708361],[121.6138708,25.0708854],[121.6138501,25.0708923],[121.613757,25.0709232],[121.6136131,25.0709711],[121.613557,25.0709897],[121.613524,25.0709661],[121.6135149,25.0710001],[121.613483,25.0711178],[121.6134709,25.0711628],[121.6134378,25.0712854],[121.6134219,25.0713442],[121.6134096,25.0713895],[121.6133873,25.0714719],[121.6133454,25.0716269],[121.6132805,25.0718673],[121.6132746,25.0718884],[121.6129958,25.0723416],[121.6129383,25.072435],[121.6128827,25.0725255],[121.6128819,25.072551],[121.6128744,25.0727127],[121.6128724,25.0727574],[121.6128674,25.0728698],[121.6128636,25.0729562],[121.6128499,25.0732868],[121.6128487,25.0733156],[121.6128467,25.0733629],[121.6128439,25.0734282],[121.6128049,25.0743419],[121.6128015,25.0744221],[121.6127991,25.0744765],[121.6128192,25.0745339],[121.6128397,25.0745938],[121.6130853,25.0753157],[121.6131655,25.0753174],[121.6131787,25.0753178],[121.6132658,25.0753202],[121.6133479,25.0753226],[121.6139381,25.0753398],[121.6139762,25.0753112],[121.6140068,25.0752882],[121.6140704,25.0752403],[121.6141296,25.0751959],[121.6141861,25.0751534],[121.6141897,25.0751507],[121.614241,25.0751121],[121.6142945,25.0750719],[121.6143467,25.0750327],[121.6143976,25.0749944],[121.6144283,25.0749714],[121.6144862,25.0749273],[121.6145504,25.0748785],[121.6145996,25.0748416],[121.6146454,25.0748072],[121.6146904,25.0747734],[121.6147346,25.0747402],[121.6147477,25.0747303],[121.6148056,25.0746866],[121.6149738,25.0745612],[121.6150319,25.0745706],[121.6150416,25.0745722],[121.6151617,25.0745918],[121.6155676,25.0746579],[121.6155692,25.0747238],[121.6155821,25.0752784],[121.6150833,25.0762085],[121.614832,25.0766765],[121.6147821,25.0767708],[121.6149063,25.0768481],[121.6150095,25.0769127],[121.6147821,25.0767708],[121.6147618,25.0768081],[121.6146969,25.0768432],[121.6145686,25.0769128],[121.6145325,25.0769326],[121.6144672,25.0769677],[121.6143915,25.0770087],[121.6142469,25.0770871],[121.6141045,25.0771641],[121.6140317,25.0772035],[121.613889,25.0772814],[121.6137829,25.077339],[121.6137683,25.0773469],[121.6137414,25.0773612],[121.6137154,25.0773687],[121.6137134,25.0773692],[121.613431,25.077452],[121.6132482,25.0775031],[121.6130367,25.077563],[121.61272,25.0776527],[121.6125257,25.0777077],[121.612209,25.0777976],[121.6121465,25.0778153],[121.6121201,25.0778228],[121.6119656,25.0779348],[121.6117274,25.0779845],[121.611504,25.0781409],[121.6114844,25.0781676],[121.6112863,25.0784367],[121.6112213,25.0785902],[121.6111972,25.078648],[121.6111154,25.0786822],[121.6110392,25.0787154],[121.6109871,25.0787351],[121.6107928,25.0788683],[121.6107088,25.0789741],[121.6107023,25.0789779],[121.6104342,25.0791213],[121.6104331,25.0791873],[121.6103217,25.0793497],[121.6103436,25.0796541],[121.6103442,25.0796627],[121.6103442,25.0796628],[121.6103473,25.0797058],[121.6102916,25.0798939],[121.6102986,25.0799646],[121.610302,25.0799894],[121.6103308,25.080033],[121.6103325,25.0800357],[121.6103342,25.0800382],[121.6103551,25.0800601],[121.6105647,25.0802795],[121.6105705,25.0802909],[121.6106834,25.080515],[121.6107049,25.0805327],[121.6108759,25.0806739],[121.6109652,25.0807578],[121.6110456,25.0808726],[121.6111448,25.0810136],[121.6111942,25.081062],[121.6111979,25.0810647],[121.6112904,25.0811447],[121.6113544,25.0811993],[121.6114235,25.081259],[121.6116121,25.0813413],[121.6117862,25.0813087],[121.6119702,25.0811721],[121.6119828,25.0811643],[121.6120101,25.0811476],[121.6121337,25.0810717],[121.6122284,25.0810567],[121.6123481,25.0810391],[121.612373,25.0810352],[121.6124933,25.0810044],[121.612555,25.0809854],[121.6126023,25.0809705],[121.6126887,25.0809437],[121.6127952,25.0809109],[121.6127954,25.0809108],[121.6127962,25.0809069],[121.6128034,25.0808705],[121.6128367,25.0808546],[121.6128372,25.0808544],[121.6129097,25.0807352],[121.6129938,25.0805969],[121.6129944,25.0805967],[121.6131134,25.0805518],[121.6131153,25.0805511],[121.6131461,25.0805454],[121.6131883,25.0805377],[121.6131988,25.0805358],[121.6133224,25.0804911],[121.6133751,25.0804475],[121.613386,25.0804456],[121.6134,25.0804432],[121.6134375,25.0804175],[121.6135506,25.0802679],[121.6136341,25.080174],[121.6136844,25.0801441],[121.6137697,25.0800919],[121.6139766,25.0800046],[121.6140344,25.0799871],[121.6141251,25.0799597],[121.6141834,25.0799721],[121.6142735,25.0799843],[121.6143507,25.0799948],[121.6143521,25.079995],[121.6143756,25.0799807],[121.6144828,25.0799154],[121.6145112,25.0798775],[121.6145573,25.0798132],[121.6146786,25.0797679],[121.6147178,25.0797533],[121.6147244,25.0797508],[121.6147248,25.0797508],[121.6149152,25.0797239],[121.6149227,25.0797287],[121.6150854,25.079833],[121.6151526,25.0798762],[121.6157963,25.0796157],[121.6161499,25.0799753],[121.6161509,25.0799756],[121.6163843,25.0800389],[121.6164749,25.0798421],[121.6164772,25.0797223],[121.6165207,25.0795789],[121.616526,25.0795658],[121.6165821,25.0794452],[121.616589,25.0794304],[121.6165894,25.0794295],[121.6165713,25.0793977],[121.6165296,25.0793241],[121.6165161,25.0792124],[121.6166219,25.0789631],[121.6167488,25.0788107],[121.6167535,25.0788117],[121.6167729,25.0788154],[121.6168808,25.0788396],[121.6168805,25.0788433],[121.6168759,25.0788998],[121.6168807,25.0789],[121.6173643,25.0789152],[121.6173654,25.0789179],[121.6174602,25.0791468],[121.6174933,25.0792268],[121.6176592,25.079267],[121.6179684,25.0793892],[121.6181184,25.0794988],[121.6181228,25.0795049],[121.6181538,25.079547],[121.618189,25.0795949],[121.6182022,25.079613],[121.6182662,25.0797202],[121.618267,25.0797158],[121.6182953,25.0795528],[121.6183478,25.0792504],[121.6183572,25.0791124],[121.6183649,25.0790001],[121.6183773,25.0788331],[121.6183897,25.0786639],[121.6184304,25.0785997],[121.6184762,25.0783865],[121.6186778,25.0782607],[121.6189347,25.0780998],[121.6189721,25.0780764],[121.6190879,25.0780177],[121.6191389,25.0779428],[121.6193799,25.0777237],[121.6194342,25.077685],[121.6194342,25.077685],[121.619453,25.0776716],[121.619523,25.0776214],[121.6196213,25.0775323],[121.6196467,25.0775093],[121.6197242,25.0775252],[121.6197456,25.0775075],[121.6197682,25.0774896],[121.619773,25.0774864],[121.6197879,25.0774763],[121.6198149,25.0774579],[121.6198826,25.0775125],[121.6199077,25.0775146],[121.6199599,25.0774973],[121.620005,25.0774542],[121.6200363,25.0774099],[121.6200506,25.0773897],[121.6200509,25.0773892],[121.6200985,25.0773732],[121.6201395,25.0773682],[121.6200603,25.0772082],[121.6200013,25.0770889],[121.6199637,25.0770126],[121.619952,25.076989],[121.6199582,25.0769478],[121.6199646,25.0769047],[121.6199672,25.0768871],[121.6199693,25.0768752],[121.6200008,25.0766546],[121.61983,25.0764791],[121.6197426,25.0763874],[121.6198101,25.07626],[121.6198788,25.07613],[121.6198844,25.0761194],[121.6199519,25.075991],[121.6199829,25.075932],[121.6200677,25.0757718],[121.6201776,25.0755641],[121.6202028,25.0755177],[121.6202384,25.0754508],[121.6201796,25.0753577],[121.6201622,25.075324],[121.6201461,25.0752946],[121.620127,25.0752563],[121.6201144,25.0752285],[121.6201029,25.0752019],[121.6200959,25.0751846],[121.6200902,25.0751698],[121.6200765,25.0751356],[121.6200581,25.0750893],[121.6200555,25.0750825],[121.6199812,25.0748955],[121.6199304,25.0747703],[121.6199264,25.0747603],[121.6198002,25.0743691],[121.61979,25.0743194],[121.6197871,25.0743058],[121.619745,25.074121],[121.6197279,25.0740452],[121.619699,25.0739201],[121.6196895,25.0738794],[121.6196795,25.0738354],[121.6196928,25.0738342],[121.6197216,25.0738313],[121.6197909,25.0738246],[121.6198932,25.073815],[121.6199589,25.0738088],[121.6199922,25.0738057],[121.6200419,25.0738011],[121.6200713,25.0737984],[121.6200861,25.0737972],[121.6201504,25.0737914],[121.6201761,25.073789],[121.6203682,25.0737711],[121.6204935,25.0737593],[121.6205257,25.0737563],[121.6205603,25.0737531],[121.6205991,25.0737495],[121.6207494,25.073736],[121.6207762,25.0737868],[121.6208815,25.0739691],[121.6210259,25.074219],[121.6210423,25.0742279],[121.6211051,25.0742648],[121.6218589,25.0747076],[121.6218847,25.0747203],[121.6219123,25.0747293],[121.6219411,25.0747345],[121.6219703,25.0747358],[121.6219995,25.074733],[121.6225128,25.0746496],[121.6225543,25.0746434],[121.6225741,25.0746417],[121.6225941,25.0746428],[121.6226136,25.0746467],[121.6226322,25.0746532],[121.6226494,25.0746623],[121.622665,25.0746737],[121.6226784,25.0746872],[121.6227298,25.07475],[121.6228076,25.0748629],[121.6228542,25.0749304],[121.622892,25.0749853],[121.6229006,25.0750025],[121.623019,25.075238],[121.6231177,25.0755385],[121.6231182,25.0760679],[121.6230408,25.0765927],[121.6229335,25.0769825],[121.6228833,25.0771296]]]}},{"type":"Feature","id":281,"properties":{"sectionCode":"0495","sectionName":"東湖段六小段","districtName":"內湖區","fullName":"內湖區東湖段六小段"},"geometry":{"type":"Polygon","coordinates":[[[121.6057611,25.0828508],[121.6058452,25.0827999],[121.6059956,25.0827091],[121.6060138,25.0826949],[121.6062091,25.0825422],[121.606223,25.0825299],[121.6064152,25.0823302],[121.6064208,25.0823243],[121.6064291,25.0823128],[121.6065864,25.0820962],[121.6066257,25.0820325],[121.6066692,25.0819586],[121.6067224,25.0818692],[121.6067325,25.0818519],[121.6070607,25.0812924],[121.6071735,25.0811033],[121.6071845,25.0810848],[121.6072099,25.0810293],[121.6072836,25.0808679],[121.60729,25.0808538],[121.6072952,25.080834],[121.6073535,25.0806104],[121.6073562,25.0805943],[121.6073589,25.0805779],[121.6073723,25.0804425],[121.6073719,25.0803921],[121.6073714,25.0803229],[121.6073714,25.0803012],[121.6073713,25.0802685],[121.6073717,25.0800768],[121.6073713,25.0799872],[121.6073713,25.0799724],[121.6073714,25.0799601],[121.6073716,25.0799183],[121.6073715,25.0799064],[121.607371,25.0798457],[121.6073712,25.0798348],[121.6073713,25.0798053],[121.6073716,25.0797309],[121.6073716,25.0797284],[121.6073716,25.0796492],[121.6073717,25.0795062],[121.6073715,25.0794648],[121.6073705,25.079455],[121.6073415,25.0791757],[121.6073402,25.0791629],[121.6073344,25.0791313],[121.6073283,25.0791017],[121.607315,25.0790225],[121.6072959,25.0788937],[121.6072842,25.0787967],[121.6072795,25.0787574],[121.6072769,25.0787334],[121.6072742,25.0787076],[121.6072732,25.0786988],[121.6072722,25.0786901],[121.6072787,25.0786921],[121.6072902,25.0786956],[121.6073107,25.0787019],[121.6073751,25.0787259],[121.6075693,25.078798],[121.6079958,25.078813],[121.6079959,25.0788135],[121.6080084,25.0789309],[121.6080158,25.0789993],[121.6080166,25.0790072],[121.6080214,25.0790341],[121.608055,25.0792218],[121.6080554,25.0792239],[121.6081459,25.0793435],[121.6081692,25.079406],[121.6081711,25.0794112],[121.6081712,25.0794118],[121.6081834,25.0794966],[121.6081834,25.0794966],[121.6081945,25.0795741],[121.6081947,25.0795756],[121.6083267,25.0797063],[121.6083298,25.0797106],[121.6084363,25.0798565],[121.6085942,25.0800781],[121.608596,25.0800807],[121.6086041,25.0801009],[121.6086373,25.0801832],[121.6086351,25.080197],[121.6086244,25.0802671],[121.608624,25.0802692],[121.6087109,25.0802683],[121.6088667,25.0803127],[121.6091005,25.0802351],[121.609249,25.0801429],[121.6093464,25.0799805],[121.6094252,25.0799599],[121.6095459,25.0799291],[121.609685,25.0799869],[121.6098822,25.0800301],[121.6099003,25.080034],[121.6102728,25.0799689],[121.6102981,25.0799647],[121.6102986,25.0799646],[121.6102916,25.0798939],[121.6103473,25.0797058],[121.6103442,25.0796627],[121.6103436,25.0796541],[121.6103217,25.0793497],[121.6104331,25.0791873],[121.6104342,25.0791213],[121.6107023,25.0789779],[121.6107088,25.0789741],[121.6107928,25.0788683],[121.6109871,25.0787351],[121.6110392,25.0787154],[121.6111154,25.0786822],[121.6111972,25.078648],[121.6112213,25.0785902],[121.6112863,25.0784367],[121.6114844,25.0781676],[121.611504,25.0781409],[121.6117274,25.0779845],[121.6119656,25.0779348],[121.6121201,25.0778228],[121.6119378,25.0778754],[121.6118147,25.077911],[121.6117081,25.0778259],[121.6116512,25.0777807],[121.6110326,25.0772888],[121.6108222,25.0771229],[121.6102568,25.0766735],[121.6101481,25.0766446],[121.6093067,25.0764204],[121.609281,25.0764136],[121.6090422,25.07635],[121.6090407,25.0763491],[121.6087958,25.076195],[121.6086764,25.0761199],[121.6086102,25.0760782],[121.6085896,25.0760653],[121.6084913,25.0760034],[121.608221,25.0758335],[121.6081226,25.0757716],[121.6080324,25.0757675],[121.6080074,25.0757664],[121.6080078,25.0757989],[121.6080084,25.0758577],[121.6080106,25.0760602],[121.6080137,25.0763512],[121.6080144,25.076411],[121.6080091,25.0764109],[121.6076209,25.0764098],[121.6076035,25.0764097],[121.6073225,25.0764088],[121.6073328,25.076302],[121.6073387,25.0762403],[121.6073601,25.076019],[121.6073621,25.0756826],[121.6073495,25.0755742],[121.607298,25.0753331],[121.607288,25.075305],[121.6072584,25.0752217],[121.607215,25.0750994],[121.6072065,25.07508],[121.6071916,25.0750472],[121.6071699,25.0750021],[121.6070339,25.0747698],[121.6069685,25.0746794],[121.6069428,25.0746465],[121.6065525,25.0741574],[121.6065407,25.0741426],[121.6063628,25.0739196],[121.6062168,25.0737367],[121.6062105,25.0737274],[121.606206,25.0737174],[121.6062032,25.0737068],[121.6062023,25.0736959],[121.6062034,25.0736851],[121.6062063,25.0736745],[121.606211,25.0736645],[121.6062174,25.0736553],[121.6062593,25.0735894],[121.6062624,25.0735825],[121.6062736,25.0735574],[121.6062907,25.0735188],[121.6062965,25.0735017],[121.6062981,25.0734956],[121.6063005,25.0734864],[121.6063092,25.0734535],[121.6063171,25.0734044],[121.60632,25.0733515],[121.6063196,25.0733436],[121.6063185,25.0733246],[121.6063172,25.0732986],[121.6063146,25.0732788],[121.6063134,25.0732711],[121.6063122,25.0732623],[121.6063122,25.0732612],[121.6063122,25.073258],[121.6063122,25.0732535],[121.6063126,25.0732511],[121.6063131,25.0732476],[121.6063135,25.0732448],[121.6063147,25.073241],[121.6063157,25.0732377],[121.6063161,25.0732364],[121.6063181,25.0732322],[121.6063202,25.0732279],[121.6063207,25.0732269],[121.6063238,25.0732225],[121.6063263,25.0732189],[121.6063268,25.0732182],[121.6063312,25.0732137],[121.606334,25.0732109],[121.6063344,25.0732104],[121.6063404,25.073206],[121.6063429,25.0732041],[121.6063432,25.0732039],[121.606353,25.0731987],[121.606396,25.0731796],[121.6064111,25.0731729],[121.6064506,25.0731554],[121.6065114,25.0731285],[121.6065741,25.0731007],[121.6067413,25.0730267],[121.6067469,25.0730242],[121.6067568,25.0730315],[121.6068513,25.0731015],[121.6068544,25.073094],[121.6070178,25.0731439],[121.6071403,25.0731814],[121.6071451,25.07319],[121.6071941,25.0731963],[121.6072431,25.0732173],[121.6076318,25.0733383],[121.6076423,25.0733022],[121.6076586,25.0731704],[121.6076603,25.0731357],[121.6075991,25.0731155],[121.6075393,25.0730958],[121.6074987,25.073082],[121.6074591,25.073069],[121.6074199,25.073056],[121.6073809,25.0730433],[121.60734,25.0730294],[121.6073004,25.0730165],[121.6072604,25.0730032],[121.6072204,25.0729899],[121.6071595,25.0729739],[121.6071033,25.0729589],[121.6070946,25.0729566],[121.6070022,25.0729284],[121.6069948,25.0729144],[121.6075075,25.0726874],[121.6076862,25.0726083],[121.6078828,25.0725212],[121.607901,25.0725132],[121.6079392,25.0724963],[121.6079641,25.0724853],[121.6079799,25.0724783],[121.6081269,25.0724132],[121.6082338,25.0723658],[121.6085569,25.0722229],[121.6088553,25.072086],[121.608961,25.072035],[121.6089616,25.0720348],[121.6090768,25.0719783],[121.6090769,25.0719782],[121.6096226,25.0716875],[121.6096482,25.071673],[121.6097169,25.0716344],[121.6099301,25.0715077],[121.6099522,25.0714952],[121.6100134,25.0714579],[121.610092,25.0714093],[121.610141,25.0713795],[121.610189,25.0713475],[121.6102516,25.071307],[121.6103162,25.0712647],[121.6103457,25.0712453],[121.6103586,25.0712367],[121.6103853,25.0712189],[121.6108367,25.0709026],[121.610907,25.0708498],[121.6109374,25.070827],[121.6110289,25.0707588],[121.6113706,25.0705044],[121.6114321,25.0704586],[121.6117026,25.0702238],[121.6114982,25.0701324],[121.6114714,25.0701202],[121.6112593,25.070296],[121.6112368,25.0703131],[121.6112278,25.0703202],[121.6112168,25.0703285],[121.6111554,25.0703746],[121.6111481,25.0703801],[121.6108422,25.0706123],[121.610699,25.0707183],[121.610289,25.0710049],[121.6100669,25.0706863],[121.6094671,25.0698209],[121.609465,25.0698177],[121.6094511,25.0697986],[121.609427,25.0697631],[121.6090032,25.0700508],[121.6087471,25.0702239],[121.6087135,25.0702466],[121.608685,25.0702699],[121.6080855,25.070761],[121.6074969,25.0712627],[121.6074662,25.0712888],[121.6074349,25.0713146],[121.607382,25.0713582],[121.6073378,25.071394],[121.6072376,25.0714739],[121.6070829,25.0715923],[121.6069507,25.0716885],[121.6069127,25.0717155],[121.6068389,25.0717676],[121.6067554,25.0718253],[121.6066438,25.0718997],[121.6065543,25.0719577],[121.6064274,25.0720375],[121.606394,25.0720585],[121.6063585,25.0720726],[121.6063247,25.0720861],[121.6055452,25.0723984],[121.6053011,25.0724972],[121.6052121,25.0725329],[121.6051637,25.0725523],[121.6051849,25.0725834],[121.6051915,25.0725931],[121.605205,25.0726124],[121.6052929,25.0727368],[121.6053527,25.0728215],[121.6053773,25.0728567],[121.6053805,25.0728613],[121.6054039,25.0728951],[121.6054039,25.0728952],[121.6053284,25.0729476],[121.605263,25.0730103],[121.6052146,25.0730747],[121.6052093,25.0730816],[121.6052064,25.0730873],[121.6051819,25.0731346],[121.6051688,25.0731598],[121.6051663,25.0731678],[121.6051527,25.0732106],[121.6051424,25.0732429],[121.6051414,25.0732502],[121.6051368,25.0732848],[121.6051309,25.0733287],[121.6051311,25.0733353],[121.6051315,25.0733435],[121.6051344,25.0734152],[121.6051503,25.0734908],[121.6051567,25.0735076],[121.6051592,25.0735142],[121.6051778,25.0735636],[121.605191,25.0735871],[121.6051992,25.0736016],[121.6052164,25.0736321],[121.605218,25.0736343],[121.6052409,25.0736659],[121.6052553,25.0736814],[121.6053053,25.0737349],[121.6053142,25.0737426],[121.6053292,25.0737555],[121.6053496,25.0737713],[121.6053501,25.0737716],[121.605416,25.0738143],[121.6054585,25.0738354],[121.6054867,25.0738477],[121.6053407,25.0739115],[121.6053178,25.0739211],[121.6053007,25.0739291],[121.6052995,25.0740651],[121.6052983,25.0741844],[121.6052982,25.0742697],[121.6052982,25.0742709],[121.6055516,25.0743289],[121.6057845,25.0743821],[121.6060275,25.0744363],[121.6060425,25.0744397],[121.6061091,25.0744546],[121.6061233,25.0744578],[121.606164,25.0744672],[121.606291,25.0744956],[121.6064333,25.0745275],[121.6064907,25.0745407],[121.6064909,25.0745411],[121.6065624,25.0746308],[121.6066266,25.0747115],[121.6066989,25.074801],[121.6067082,25.0748127],[121.6067415,25.0748575],[121.6066204,25.0748256],[121.6065549,25.0748085],[121.6064303,25.0747757],[121.6062445,25.0747269],[121.6058609,25.0746261],[121.6056537,25.0745717],[121.6051942,25.0744509],[121.6050814,25.0744525],[121.6047212,25.0744623],[121.6045275,25.0744676],[121.6042621,25.0744749],[121.6040583,25.0744805],[121.6038355,25.0744866],[121.6036374,25.0746215],[121.6036083,25.0746414],[121.6035874,25.0746558],[121.603573,25.0746655],[121.6035196,25.0747022],[121.6034076,25.0747787],[121.6033891,25.0748388],[121.6033561,25.0748827],[121.6033552,25.0748822],[121.6033393,25.0748751],[121.6033045,25.0748595],[121.6033045,25.0748592],[121.6033049,25.0748556],[121.6033051,25.0748538],[121.6033049,25.074854],[121.6032791,25.0748724],[121.6032014,25.0749276],[121.6031699,25.0749507],[121.6029813,25.075102],[121.6029242,25.0751485],[121.6029239,25.0751488],[121.602915,25.075155],[121.6028767,25.075182],[121.6028761,25.0751825],[121.6027454,25.0752749],[121.6026065,25.0753761],[121.6025961,25.0753843],[121.602579,25.0753979],[121.6024717,25.0754868],[121.6024135,25.0755358],[121.6024121,25.0755371],[121.6023943,25.0755543],[121.6023932,25.0755553],[121.602324,25.0756201],[121.602165,25.075769],[121.6019602,25.075962],[121.6019262,25.0759938],[121.6018463,25.0760679],[121.6018519,25.0760751],[121.6018786,25.0763907],[121.601884,25.076698],[121.6018868,25.0767058],[121.601958,25.0769071],[121.6020563,25.0770312],[121.602074,25.0770545],[121.6021148,25.0771062],[121.6021276,25.0771223],[121.602153,25.0771585],[121.6021739,25.0771888],[121.6022015,25.0772289],[121.6022422,25.0772876],[121.6023405,25.0774282],[121.6023399,25.0774389],[121.602329,25.0775274],[121.6023212,25.0775622],[121.6022975,25.0776676],[121.6022661,25.0777964],[121.6022436,25.0778886],[121.6022304,25.0779428],[121.6022282,25.0779517],[121.60226,25.0780689],[121.6023513,25.0784049],[121.6023676,25.0784696],[121.6024011,25.0786049],[121.602294,25.0787048],[121.6021194,25.0788448],[121.6020959,25.0789229],[121.6020565,25.078976],[121.6018615,25.0790949],[121.6018582,25.0790969],[121.6017565,25.0791588],[121.6017571,25.0791848],[121.6017505,25.0792256],[121.6016905,25.079323],[121.6016742,25.0793496],[121.6016625,25.0793688],[121.6015813,25.0795294],[121.6014944,25.0796172],[121.6014566,25.0796455],[121.6014532,25.079648],[121.6012813,25.079774],[121.6012044,25.0799272],[121.6010709,25.0800763],[121.601056,25.0801379],[121.6010553,25.080139],[121.6009919,25.0802426],[121.6009591,25.0803609],[121.600892,25.0804499],[121.6005721,25.0807463],[121.600425,25.0808204],[121.6003737,25.080862],[121.6003248,25.0809384],[121.600254,25.0811004],[121.6002391,25.0811345],[121.6002304,25.0812004],[121.6001841,25.0812739],[121.6001298,25.0813601],[121.6001299,25.0813618],[121.6001177,25.0813816],[121.6001531,25.0814025],[121.600173,25.0814189],[121.6002483,25.08143],[121.6003269,25.0814415],[121.600382,25.0814213],[121.6004472,25.0813973],[121.6005954,25.0814224],[121.6007024,25.0813613],[121.6008174,25.0813496],[121.6010748,25.0813637],[121.6012151,25.0813402],[121.6013136,25.081308],[121.6013639,25.0812721],[121.6014185,25.0812185],[121.6014481,25.0812128],[121.6015539,25.0811926],[121.6016164,25.0811686],[121.6016493,25.0811211],[121.601707,25.0810855],[121.6017998,25.0810795],[121.601907,25.0810582],[121.6019651,25.0810474],[121.6019719,25.0810692],[121.6019253,25.0811181],[121.6019033,25.0811802],[121.601934,25.0812614],[121.6019935,25.081347],[121.6019936,25.0813467],[121.6019991,25.0813349],[121.602,25.0813327],[121.6019845,25.0813107],[121.6020978,25.0813194],[121.6021765,25.0813262],[121.6022176,25.0813302],[121.6023367,25.0813408],[121.6023896,25.0813461],[121.6023856,25.0813889],[121.6023613,25.0816395],[121.6023576,25.0816743],[121.6023501,25.0817483],[121.6023752,25.0817458],[121.6023854,25.0817448],[121.6024276,25.0817306],[121.6024549,25.0816778],[121.6024469,25.0816013],[121.6024427,25.0815638],[121.6024911,25.0814793],[121.6024913,25.0814789],[121.6025512,25.0814391],[121.6026189,25.0814202],[121.6026193,25.0814202],[121.6026329,25.0814226],[121.6026393,25.0814237],[121.6026637,25.081443],[121.6026796,25.081512],[121.6025996,25.0817224],[121.6026249,25.0818554],[121.6026094,25.0819859],[121.6025887,25.0820243],[121.6025191,25.0820837],[121.6024015,25.0820813],[121.6023725,25.082141],[121.6023703,25.0821412],[121.6023541,25.082142],[121.6023412,25.0821427],[121.6023194,25.0821434],[121.6023098,25.0821435],[121.6022853,25.0824383],[121.6022836,25.0824586],[121.6023155,25.0824551],[121.6023649,25.0824506],[121.6024022,25.0824468],[121.602406,25.0824461],[121.602546,25.0824196],[121.6025819,25.0824131],[121.6025852,25.0824125],[121.6027187,25.0823425],[121.6027718,25.0823238],[121.6028914,25.0822819],[121.602908,25.0822947],[121.6029422,25.0823211],[121.6029985,25.0824088],[121.6030009,25.0824085],[121.6030385,25.0824028],[121.6032022,25.082376],[121.60322,25.0823907],[121.6033064,25.0826067],[121.6033065,25.0826074],[121.6033131,25.0826631],[121.6032896,25.0827098],[121.6032892,25.0827105],[121.603282,25.0827197],[121.6032585,25.0827493],[121.6032576,25.0827504],[121.6032482,25.0827541],[121.6032227,25.0827646],[121.6032071,25.0827709],[121.6032076,25.0827808],[121.6032086,25.0828015],[121.6031361,25.0828672],[121.6031355,25.0828678],[121.6031304,25.0828821],[121.6031282,25.0828883],[121.6032172,25.083007],[121.6032619,25.0831178],[121.6032626,25.0831193],[121.6037857,25.0829827],[121.6038304,25.082971],[121.6038854,25.0829618],[121.603914,25.0829571],[121.6039527,25.0829513],[121.6040287,25.0829407],[121.604049,25.0829382],[121.6040932,25.0829327],[121.6041029,25.0829315],[121.604103,25.0829312],[121.6041287,25.0828673],[121.6042515,25.0827456],[121.6042523,25.0827448],[121.6042645,25.0827442],[121.6043627,25.082819],[121.6044298,25.0828917],[121.6044303,25.0828922],[121.6045473,25.0828783],[121.6046207,25.0828695],[121.6046746,25.0828629],[121.6047648,25.0828522],[121.6047817,25.0828499],[121.6047834,25.0828497],[121.6047575,25.0829439],[121.6047463,25.0830925],[121.6047287,25.083129],[121.6047283,25.0831297],[121.6047579,25.083126],[121.6048225,25.083118],[121.6048364,25.0831165],[121.604843,25.0831157],[121.6049187,25.0831064],[121.6049304,25.0831051],[121.6049459,25.083103],[121.6049571,25.0831016],[121.6049765,25.083099],[121.6049964,25.0830961],[121.6050643,25.0830853],[121.6051166,25.0830756],[121.6051524,25.0830683],[121.6051849,25.0830613],[121.6052205,25.083053],[121.605272,25.0830399],[121.6053138,25.0830284],[121.6053427,25.08302],[121.605367,25.0830124],[121.6053888,25.0830056],[121.6054449,25.0829867],[121.6054801,25.0829748],[121.6055121,25.0829627],[121.6055485,25.0829486],[121.6055766,25.0829366],[121.6055839,25.0829336],[121.6056134,25.0829211],[121.6056258,25.0829158],[121.6056535,25.0829034],[121.6057003,25.0828814],[121.6057402,25.0828615],[121.6057611,25.0828508]]]}},{"type":"Feature","id":282,"properties":{"sectionCode":"0496","sectionName":"東湖段七小段","districtName":"內湖區","fullName":"內湖區東湖段七小段"},"geometry":{"type":"Polygon","coordinates":[[[121.619296,25.06792],[121.6191106,25.0678271],[121.6189119,25.0677608],[121.6188924,25.0677559],[121.6188526,25.0677467],[121.6188313,25.0677423],[121.6187888,25.0677335],[121.6187321,25.0677244],[121.6186949,25.067721],[121.6183176,25.0676849],[121.6181184,25.0676653],[121.6180432,25.0676603],[121.617994,25.0676517],[121.6179463,25.0676381],[121.617916,25.0676252],[121.6178656,25.0675955],[121.6178217,25.0675583],[121.6178053,25.0675406],[121.6177938,25.0675262],[121.6177456,25.067456],[121.6177187,25.0674068],[121.6177017,25.0673542],[121.617695,25.0672996],[121.6176987,25.0672448],[121.6177129,25.0671914],[121.617735,25.0671445],[121.617765,25.0671013],[121.6178022,25.0670631],[121.6178457,25.0670308],[121.6179552,25.0669494],[121.6180477,25.066852],[121.6181204,25.0667416],[121.6181711,25.0666214],[121.6181983,25.066495],[121.6182024,25.0664636],[121.618205,25.0663938],[121.6181061,25.0663859],[121.6180665,25.0663828],[121.6179935,25.0663897],[121.6179446,25.0663888],[121.6179196,25.0663884],[121.6179165,25.0663882],[121.6178458,25.0663825],[121.6177725,25.0663767],[121.6177644,25.066376],[121.6175954,25.0663625],[121.6175967,25.0663457],[121.6175443,25.0663464],[121.6175019,25.0663469],[121.6174154,25.0663488],[121.6173282,25.0663501],[121.6172958,25.0663506],[121.617257,25.0663512],[121.6170979,25.0663537],[121.6170878,25.0663516],[121.6170256,25.0663396],[121.6169679,25.066329],[121.6169371,25.0663232],[121.6168365,25.0663044],[121.6167863,25.0662949],[121.6167293,25.066284],[121.6166834,25.0662759],[121.6166122,25.0662623],[121.6165738,25.0662547],[121.6165363,25.0662471],[121.6164713,25.0662344],[121.616352,25.0662109],[121.6162841,25.0661973],[121.616276,25.0661957],[121.6162624,25.0661929],[121.6161191,25.0661652],[121.6160617,25.0661586],[121.6160548,25.0661576],[121.615888,25.0661405],[121.6158568,25.0661376],[121.6157755,25.0661296],[121.6157251,25.0661249],[121.6156471,25.0661169],[121.6155772,25.0661099],[121.6155171,25.066104],[121.6155126,25.0661038],[121.6154492,25.0660959],[121.615446,25.066096],[121.6153701,25.0660881],[121.6153669,25.0660884],[121.6153316,25.0660846],[121.6152537,25.066076],[121.6152493,25.0660759],[121.6152388,25.0660749],[121.6151314,25.0660644],[121.6151283,25.0660649],[121.615049,25.0660553],[121.6150421,25.066055],[121.6149957,25.0660492],[121.6148683,25.0660333],[121.6147787,25.0660214],[121.6146972,25.0660123],[121.6146363,25.0660057],[121.6145409,25.0659994],[121.6144305,25.0659925],[121.614412,25.0659914],[121.61434,25.0659869],[121.6142838,25.065984],[121.6141492,25.0659754],[121.6140326,25.0659671],[121.6139359,25.0659598],[121.6139045,25.0659581],[121.6136782,25.0659425],[121.6136634,25.0659415],[121.6135934,25.0659259],[121.6135729,25.065921],[121.6134211,25.0658873],[121.6134145,25.065886],[121.6134039,25.0658841],[121.6133437,25.0658701],[121.6132856,25.0658576],[121.6132306,25.0658455],[121.6132281,25.0658449],[121.6132243,25.0658441],[121.6131762,25.0658334],[121.6131484,25.0658289],[121.6131414,25.0658277],[121.6131235,25.0658255],[121.6131112,25.0658238],[121.6130591,25.0658198],[121.6130036,25.0658155],[121.61298,25.0658134],[121.612966,25.0658122],[121.6129478,25.0658105],[121.612931,25.0658089],[121.61292,25.0658079],[121.6128929,25.0658056],[121.6128228,25.0658001],[121.6127881,25.0657966],[121.6126666,25.0657856],[121.6125458,25.0657693],[121.6124864,25.0657619],[121.6121711,25.0657177],[121.6120453,25.065703],[121.6120117,25.0656993],[121.6119791,25.0656952],[121.611979,25.0656952],[121.6118812,25.0656831],[121.611751,25.0656677],[121.6115796,25.0656437],[121.6114031,25.0656172],[121.6113693,25.0656123],[121.6112067,25.0655868],[121.6111846,25.0655852],[121.6111529,25.065583],[121.6110979,25.0655791],[121.6110344,25.0655746],[121.6110034,25.0655723],[121.6109247,25.0655656],[121.6108926,25.0655626],[121.6108509,25.0655589],[121.6108308,25.0655571],[121.6108086,25.0655548],[121.6107664,25.0655513],[121.6107538,25.0655507],[121.6107542,25.0655556],[121.6107585,25.0656078],[121.6107599,25.0656229],[121.6107624,25.0656462],[121.6107625,25.0656474],[121.6107735,25.0657358],[121.6107768,25.0657605],[121.610777,25.0657618],[121.6107823,25.0657955],[121.610792,25.0658529],[121.610799,25.0658927],[121.6107994,25.0658948],[121.6108021,25.0659091],[121.6108026,25.065912],[121.6108129,25.0659612],[121.6108162,25.0659766],[121.6108262,25.0660224],[121.6108271,25.0660268],[121.6108296,25.0660377],[121.6108365,25.0660669],[121.6108371,25.0660698],[121.6108413,25.0660865],[121.6108448,25.0661006],[121.6108476,25.0661118],[121.6108564,25.0661455],[121.6108637,25.0661725],[121.6108725,25.0662032],[121.6108823,25.066236],[121.6108862,25.0662475],[121.6108948,25.0662742],[121.6108978,25.0662833],[121.6109067,25.0663114],[121.6109077,25.0663144],[121.6109089,25.0663186],[121.6109119,25.0663285],[121.6109313,25.0663815],[121.6109464,25.0664237],[121.6109551,25.066448],[121.6109896,25.0665381],[121.6110351,25.0666473],[121.6110991,25.066782],[121.6111867,25.0669477],[121.6112838,25.067109],[121.6112847,25.0671105],[121.6113091,25.0671496],[121.6113466,25.067213],[121.6113652,25.0672433],[121.6113907,25.0672848],[121.6114241,25.0673374],[121.6114447,25.067371],[121.6115008,25.0674625],[121.6116475,25.0677017],[121.6116871,25.0677663],[121.6117479,25.0678653],[121.6117584,25.0678827],[121.6118639,25.0680956],[121.6119373,25.0683194],[121.6119772,25.0685501],[121.6119823,25.0686039],[121.6119855,25.0687238],[121.6119839,25.0688383],[121.6119819,25.0689591],[121.6119816,25.0689794],[121.6119818,25.0690068],[121.6119803,25.0690339],[121.6119798,25.0690476],[121.6119779,25.0690832],[121.6119754,25.0691001],[121.6119732,25.0691202],[121.6119706,25.0691418],[121.6119487,25.0692708],[121.6119468,25.0692797],[121.6119241,25.0693692],[121.6119107,25.0694141],[121.6118791,25.0695068],[121.6118588,25.0695582],[121.6118558,25.0695654],[121.6117547,25.0697651],[121.6116258,25.0699511],[121.6114714,25.0701202],[121.6114982,25.0701324],[121.6117026,25.0702238],[121.6118123,25.070102],[121.611813,25.0701012],[121.6118585,25.0700395],[121.6119092,25.0699708],[121.6119101,25.0699696],[121.6119265,25.0699454],[121.6119557,25.0698986],[121.6119692,25.0698758],[121.6119946,25.0698329],[121.6120448,25.0697386],[121.6120789,25.0696658],[121.6121309,25.0695333],[121.6121673,25.0694141],[121.612189,25.0693277],[121.6122275,25.0690056],[121.6122305,25.0689794],[121.6122318,25.0688622],[121.6127324,25.0688438],[121.6135721,25.0688118],[121.613981,25.0687803],[121.6140016,25.0687784],[121.6140273,25.0687757],[121.6147649,25.0686328],[121.6150811,25.0685474],[121.6153863,25.0684668],[121.6153984,25.0684634],[121.6158352,25.0683466],[121.6162717,25.0682288],[121.6163162,25.0682179],[121.6163524,25.068209],[121.6163599,25.0682069],[121.6163736,25.0682036],[121.6168452,25.0680877],[121.617053,25.0680353],[121.6170772,25.0680298],[121.6174117,25.0679477],[121.6175714,25.0679079],[121.6176159,25.0678968],[121.6176933,25.0678781],[121.6177002,25.0678796],[121.6177102,25.0678816],[121.6178429,25.0679213],[121.6179251,25.0679564],[121.6179517,25.0679717],[121.6179994,25.0679993],[121.6180343,25.0680195],[121.6180667,25.068045],[121.6181092,25.0680786],[121.6181321,25.0680966],[121.6181683,25.0681353],[121.6182032,25.0681724],[121.6182161,25.0681861],[121.6182554,25.0682434],[121.6182794,25.0682785],[121.6182846,25.068286],[121.6183361,25.0683941],[121.6190823,25.0685436],[121.619244,25.0688615],[121.6192689,25.0689105],[121.6192704,25.0689133],[121.619303,25.0689774],[121.6193087,25.0689887],[121.6194102,25.0690233],[121.6194683,25.0690432],[121.6195008,25.0690542],[121.6198379,25.0691692],[121.620127,25.0692677],[121.620398,25.0693601],[121.6204147,25.0694167],[121.6204304,25.0694701],[121.6204692,25.0696014],[121.6205007,25.069708],[121.6205391,25.0698381],[121.6205408,25.0698436],[121.6205747,25.0698554],[121.6205993,25.069864],[121.6206387,25.0698777],[121.6206746,25.0698902],[121.6211985,25.0700723],[121.6211888,25.0701775],[121.6211261,25.0708547],[121.6210988,25.0711493],[121.6210825,25.0713253],[121.6210491,25.0716855],[121.6210364,25.0718225],[121.6210278,25.0718229],[121.6208723,25.0722123],[121.6208422,25.0722877],[121.6206847,25.0726823],[121.6206056,25.0728804],[121.6205987,25.0728978],[121.6205497,25.0730211],[121.6206055,25.0729461],[121.6206736,25.0728511],[121.6207266,25.0726898],[121.6207884,25.0725051],[121.6208803,25.0723384],[121.6211882,25.0721313],[121.6213191,25.0719088],[121.621342,25.0717149],[121.6213414,25.0717102],[121.6212698,25.0714191],[121.6212597,25.0713786],[121.6212535,25.0713532],[121.6212533,25.0713488],[121.621217,25.0710122],[121.6212676,25.0709588],[121.6212746,25.0709385],[121.6212908,25.0708926],[121.6213113,25.0708398],[121.6213453,25.0707777],[121.6213592,25.0706822],[121.6213611,25.0706689],[121.6213654,25.0706396],[121.621387,25.0705236],[121.6213936,25.0705004],[121.6214032,25.0704488],[121.6214118,25.0704045],[121.6214164,25.0703811],[121.62144,25.0702271],[121.6214504,25.0701706],[121.621547,25.0701678],[121.6215595,25.0701674],[121.6216054,25.0701661],[121.6216294,25.0701654],[121.6216465,25.0701649],[121.6216482,25.0701071],[121.6216467,25.0700493],[121.6216361,25.0699426],[121.6216268,25.0698884],[121.6216147,25.0698348],[121.6216014,25.069786],[121.6215858,25.0697379],[121.6215677,25.0696893],[121.6215473,25.0696414],[121.6214839,25.0695206],[121.6213882,25.0693837],[121.6212733,25.0692596],[121.6211413,25.0691506],[121.6211013,25.0691228],[121.621095,25.0691187],[121.62103,25.0690753],[121.6208203,25.0689353],[121.6207117,25.0688628],[121.6206818,25.0688429],[121.6206474,25.0688199],[121.6203688,25.0686339],[121.6193874,25.0679788],[121.619296,25.06792]]]}},{"type":"Feature","id":283,"properties":{"sectionCode":"0496","sectionName":"東湖段七小段","districtName":"內湖區","fullName":"內湖區東湖段七小段"},"geometry":{"type":"Polygon","coordinates":[[[121.6205078,25.0732836],[121.6205104,25.0731201],[121.6204588,25.0732501],[121.6204426,25.0732884],[121.6204924,25.0732848],[121.6205078,25.0732836]]]}},{"type":"Feature","id":284,"properties":{"sectionCode":"0507","sectionName":"碧山段一小段","districtName":"內湖區","fullName":"內湖區碧山段一小段"},"geometry":{"type":"Polygon","coordinates":[[[121.6009399,25.1082632],[121.6010191,25.1082573],[121.6010912,25.1082986],[121.6012222,25.108454],[121.6015416,25.108501],[121.6018434,25.1084411],[121.60193,25.1084388],[121.6020828,25.1083925],[121.6022826,25.1082744],[121.6023496,25.1082591],[121.6024775,25.1082552],[121.6025178,25.1082539],[121.6026309,25.1082244],[121.6027157,25.1082256],[121.6030709,25.108118],[121.6032196,25.1080361],[121.6032626,25.1080123],[121.6033819,25.1079057],[121.6035338,25.107923],[121.6035868,25.1079292],[121.6036382,25.1078945],[121.6037306,25.1078775],[121.6038779,25.1079238],[121.603961,25.1079032],[121.6039948,25.1078843],[121.6040629,25.1077823],[121.6040642,25.1077231],[121.6041606,25.1076668],[121.6042954,25.1076144],[121.6043227,25.1076028],[121.6044387,25.1076072],[121.6045908,25.1075299],[121.6047596,25.1074875],[121.6051778,25.107489],[121.605261,25.1075122],[121.6054215,25.107482],[121.6056007,25.1074329],[121.6057387,25.1073043],[121.6057464,25.1073023],[121.606571,25.1070886],[121.6068057,25.1070508],[121.6069328,25.1070823],[121.6069864,25.1071427],[121.6072547,25.1071066],[121.6073616,25.1070049],[121.6076607,25.1068895],[121.6077177,25.1068978],[121.607887,25.1068634],[121.6081264,25.1067822],[121.6081659,25.1066984],[121.6082777,25.1066069],[121.608372,25.1064745],[121.6085376,25.1063998],[121.6088437,25.1063467],[121.6089822,25.1063092],[121.6093277,25.1061209],[121.6093831,25.1060562],[121.6094042,25.1060014],[121.6094131,25.1059894],[121.6095777,25.1057759],[121.6096432,25.1057729],[121.6099151,25.1057174],[121.6099957,25.105637],[121.610023,25.1054103],[121.610396,25.1051232],[121.6105935,25.1050409],[121.610816,25.1050316],[121.6110912,25.1049697],[121.6112864,25.1048291],[121.6114669,25.1047417],[121.6115848,25.1047076],[121.6116743,25.1047118],[121.6117999,25.1046601],[121.6121509,25.1045217],[121.6122639,25.1045185],[121.6123718,25.1045368],[121.6129772,25.1045641],[121.61315,25.1045985],[121.6132801,25.1046055],[121.6137931,25.1044218],[121.6139229,25.1043865],[121.6140829,25.1043072],[121.6141333,25.1042998],[121.6142504,25.1041992],[121.6143177,25.1041683],[121.6144071,25.1041694],[121.6145512,25.1041859],[121.6148823,25.1041386],[121.6150886,25.1040963],[121.6151445,25.1040254],[121.6152735,25.1039459],[121.6154021,25.1039116],[121.6155481,25.1036479],[121.6155493,25.1036457],[121.6154661,25.1036529],[121.6153978,25.103675],[121.6153695,25.1036682],[121.615368,25.1036678],[121.6153516,25.1036253],[121.6153505,25.1036226],[121.6152886,25.1035825],[121.6151392,25.1035611],[121.6150886,25.103575],[121.6149414,25.1036776],[121.6149402,25.1036784],[121.6148438,25.1037104],[121.6148391,25.1037098],[121.6148049,25.1037052],[121.6146641,25.1035862],[121.6146624,25.1035864],[121.614633,25.1035914],[121.6145794,25.1036207],[121.6145504,25.1036249],[121.6145501,25.1036246],[121.6145047,25.1035924],[121.6144368,25.1034787],[121.6144148,25.1033432],[121.6144241,25.1032597],[121.6143978,25.1032232],[121.6143534,25.1031982],[121.6143523,25.1031987],[121.6143063,25.1032206],[121.614247,25.1032881],[121.6142203,25.1033395],[121.6141155,25.1034754],[121.6140039,25.1035323],[121.6139334,25.103534],[121.6137359,25.1034775],[121.61373,25.1034758],[121.6136727,25.1034865],[121.6136125,25.1034977],[121.6135444,25.1035433],[121.6135428,25.1035416],[121.6135235,25.1035195],[121.6135166,25.1035116],[121.6135168,25.1035112],[121.6135329,25.1034751],[121.6135311,25.1034719],[121.6135229,25.1034577],[121.613489,25.1033986],[121.6134575,25.1033612],[121.6134266,25.1033247],[121.6133805,25.1032912],[121.6133409,25.1032624],[121.6133404,25.103262],[121.6132827,25.1032195],[121.6131634,25.1032053],[121.6131391,25.1031819],[121.6131459,25.1030858],[121.6131036,25.103022],[121.6130432,25.1030152],[121.6129656,25.1029889],[121.6129378,25.1029858],[121.6128498,25.1029265],[121.6128411,25.1029204],[121.61278,25.1028781],[121.6127769,25.1028745],[121.6126781,25.1027562],[121.6126776,25.1027557],[121.6126745,25.1027379],[121.6126642,25.1026807],[121.6126797,25.1025308],[121.6127595,25.1023822],[121.6127927,25.1023406],[121.6128278,25.1022968],[121.6128297,25.1022945],[121.6127925,25.1022065],[121.6127918,25.1022048],[121.6128434,25.1021007],[121.612851,25.1020846],[121.6129307,25.102016],[121.6129778,25.1019754],[121.6129792,25.1019751],[121.6130339,25.1019633],[121.6130371,25.1019641],[121.6130413,25.1019651],[121.6131427,25.101989],[121.6132074,25.1020259],[121.6132976,25.1020887],[121.6133284,25.1021039],[121.6133592,25.1021191],[121.6133798,25.1021164],[121.6134301,25.1021097],[121.613431,25.1021085],[121.6134609,25.1020651],[121.6135108,25.1020837],[121.6136731,25.1021442],[121.613786,25.1021594],[121.6137903,25.10216],[121.6139209,25.1021187],[121.6139536,25.1020807],[121.6139669,25.1020652],[121.6139677,25.102065],[121.6140375,25.1020412],[121.6140683,25.1020112],[121.6140955,25.1019863],[121.6140839,25.1018499],[121.6140946,25.101738],[121.6140969,25.1017132],[121.6140983,25.1016954],[121.6140996,25.1016953],[121.6142277,25.1016783],[121.6142423,25.1016605],[121.6142528,25.1016478],[121.6142896,25.1015632],[121.6142924,25.1015633],[121.6143039,25.1015638],[121.6146343,25.1016072],[121.6146792,25.1016078],[121.6147436,25.1016087],[121.614888,25.1016036],[121.6149841,25.1016485],[121.6150308,25.1016563],[121.6149836,25.1016291],[121.6149824,25.1015742],[121.6149471,25.1015524],[121.6148366,25.1015344],[121.614806,25.101529],[121.6148041,25.1015287],[121.6148585,25.1014632],[121.6148606,25.1014607],[121.6148661,25.101446],[121.6148814,25.1014057],[121.6149354,25.1013611],[121.6149387,25.1013104],[121.6150702,25.1012125],[121.6150942,25.1011945],[121.6151891,25.1010502],[121.6151911,25.1010472],[121.6151718,25.1008275],[121.6151725,25.1008241],[121.6151768,25.1008037],[121.615198,25.100703],[121.6152459,25.1005474],[121.6152676,25.1003784],[121.6152868,25.1002806],[121.6153015,25.1002054],[121.615302,25.100203],[121.6153597,25.1001011],[121.6153615,25.1000979],[121.6153714,25.1000495],[121.615375,25.1000321],[121.6153752,25.100031],[121.6153677,25.0999348],[121.6153677,25.0999348],[121.6154022,25.0998102],[121.6154065,25.0997948],[121.6154133,25.0996943],[121.6154454,25.0996275],[121.6154465,25.0996253],[121.6154337,25.0995743],[121.6154331,25.0995719],[121.6154325,25.0995693],[121.6153615,25.099517],[121.6153628,25.0994803],[121.6153502,25.0994377],[121.6153189,25.0994117],[121.6153181,25.0993874],[121.6153175,25.0993692],[121.6153172,25.0993536],[121.615317,25.099338],[121.6152555,25.099203],[121.6152454,25.0991809],[121.6152453,25.09918],[121.6152313,25.0990154],[121.615286,25.0989502],[121.6153259,25.0989026],[121.6154035,25.098838],[121.6154068,25.0988353],[121.6154929,25.0986465],[121.6154812,25.098553],[121.6155135,25.0983941],[121.615492,25.098338],[121.6154911,25.0983357],[121.6155333,25.0982381],[121.6155367,25.0982302],[121.6155434,25.0982138],[121.6155507,25.0981958],[121.6155529,25.0981903],[121.6155419,25.098095],[121.6155418,25.0980939],[121.6155649,25.098062],[121.615604,25.0980082],[121.6156271,25.0979332],[121.6156605,25.0978952],[121.6157439,25.0977991],[121.6157454,25.0977973],[121.6157947,25.0977954],[121.6158681,25.0977624],[121.6158992,25.0977412],[121.6158997,25.0977409],[121.615907,25.0977215],[121.6159157,25.0976985],[121.615916,25.0976977],[121.6159343,25.0975987],[121.6159346,25.097597],[121.6159464,25.0975565],[121.6159573,25.0975171],[121.6159589,25.0975111],[121.6160227,25.0974222],[121.6160876,25.0973531],[121.6160894,25.0973512],[121.6161026,25.0973189],[121.616126,25.0972621],[121.6161265,25.0972608],[121.6161383,25.0972492],[121.6161601,25.0972276],[121.6161626,25.0972251],[121.6162994,25.0971644],[121.6163018,25.0971634],[121.6163162,25.0971386],[121.6163268,25.0971204],[121.6163594,25.0970931],[121.6163628,25.0970903],[121.6163898,25.0970328],[121.6163891,25.0969913],[121.6163997,25.0969653],[121.6164013,25.0969614],[121.6164039,25.0969551],[121.6164039,25.0968956],[121.6164259,25.096839],[121.6164276,25.0968348],[121.6164541,25.0968059],[121.6164612,25.0967981],[121.6164851,25.0967281],[121.61647,25.0966851],[121.6164581,25.0966483],[121.6164712,25.0965008],[121.6164532,25.0964579],[121.6164436,25.0964172],[121.6164465,25.0963705],[121.6164715,25.0963021],[121.6164548,25.0962698],[121.6164363,25.0962341],[121.6164359,25.096232],[121.616421,25.0961612],[121.6163534,25.0961118],[121.61632,25.0960996],[121.6163199,25.0960995],[121.6163191,25.096098],[121.6162944,25.0960524],[121.616297,25.0960141],[121.6163297,25.0959652],[121.6163658,25.0959395],[121.6163935,25.0958881],[121.6163939,25.0958872],[121.6162565,25.0958758],[121.6161361,25.0959033],[121.6160973,25.0959056],[121.6160861,25.0959063],[121.6160828,25.0959064],[121.6160593,25.095917],[121.6160511,25.0959207],[121.6160498,25.0959208],[121.6159439,25.0959293],[121.6159175,25.0959226],[121.6158185,25.0959231],[121.6157326,25.0959342],[121.6157056,25.0959377],[121.6156983,25.0959387],[121.6156147,25.0959788],[121.6156,25.0959859],[121.6155234,25.0960505],[121.6153066,25.0961849],[121.6152881,25.0961912],[121.6152559,25.0962023],[121.6152541,25.0962034],[121.6151332,25.0962813],[121.6150743,25.0963192],[121.6149793,25.0963904],[121.6149765,25.0963938],[121.6149742,25.0963968],[121.6149098,25.0964835],[121.6148422,25.0965564],[121.6147774,25.096635],[121.6147215,25.0967464],[121.6147095,25.0967868],[121.6147079,25.0967925],[121.6147114,25.0968626],[121.6147146,25.0969266],[121.6147042,25.0969569],[121.614698,25.0969754],[121.6146922,25.0970352],[121.6146877,25.0970821],[121.6146313,25.0971882],[121.6146301,25.0971904],[121.6146783,25.0972286],[121.6146982,25.0972442],[121.614703,25.0972479],[121.6146744,25.0972484],[121.6146197,25.0972129],[121.6145625,25.0973087],[121.6144792,25.0973959],[121.6143894,25.0974422],[121.6143255,25.0974585],[121.6142392,25.0974649],[121.6141748,25.0974553],[121.6141247,25.0974547],[121.614075,25.097445],[121.6140298,25.097414],[121.6139457,25.0974092],[121.6139374,25.0973986],[121.613897,25.0974116],[121.6137105,25.0974306],[121.6136526,25.0974539],[121.6135488,25.0975656],[121.6135215,25.0976006],[121.6134954,25.0976183],[121.6134784,25.0976298],[121.6134726,25.0976337],[121.6134024,25.0976426],[121.6133115,25.0976716],[121.6132424,25.097667],[121.613142,25.0976482],[121.6130068,25.0976178],[121.6129835,25.097584],[121.6129285,25.0975769],[121.6128961,25.0976004],[121.6128852,25.0976171],[121.6128725,25.0976365],[121.6128417,25.0977109],[121.6127826,25.0977995],[121.6127364,25.0978688],[121.6127232,25.0978852],[121.6126937,25.0979216],[121.6126417,25.0979477],[121.6126406,25.097949],[121.6126372,25.0979532],[121.6126173,25.0979777],[121.6125823,25.0979934],[121.6125785,25.0979951],[121.6124319,25.0980927],[121.6123906,25.0981233],[121.6123682,25.0981456],[121.6123636,25.0981489],[121.6123452,25.0981619],[121.6123185,25.0981808],[121.6122566,25.0982101],[121.6122519,25.0982115],[121.6122286,25.0982186],[121.6121626,25.0982387],[121.61214,25.0982363],[121.6121186,25.098234],[121.6120912,25.0982397],[121.6120911,25.0982397],[121.6120567,25.0982377],[121.6119714,25.0982329],[121.6119677,25.0982315],[121.6119403,25.0982208],[121.6118827,25.098145],[121.6118661,25.0981005],[121.611866,25.0981003],[121.6118384,25.0980668],[121.6118217,25.0980305],[121.6117977,25.0980115],[121.6117895,25.098005],[121.6117668,25.0980004],[121.6117649,25.098],[121.6117141,25.0980095],[121.6117054,25.0980141],[121.6116785,25.0980287],[121.6116472,25.0980317],[121.6116172,25.0980176],[121.6115899,25.0980143],[121.6114698,25.0979123],[121.6113594,25.0978899],[121.6112884,25.0978657],[121.6112872,25.0978652],[121.6112629,25.0978638],[121.6111834,25.0978592],[121.6111195,25.0978323],[121.6111126,25.0978303],[121.6110683,25.0978173],[121.6110232,25.0978159],[121.6110093,25.0978154],[121.6108926,25.0978232],[121.6108874,25.0978225],[121.6107738,25.0978075],[121.6106917,25.0978155],[121.6106709,25.0978175],[121.6106427,25.0978135],[121.6106205,25.0978105],[121.6106177,25.0978252],[121.6106264,25.0978277],[121.6106424,25.0978323],[121.6106416,25.0978329],[121.6105846,25.0978704],[121.6105826,25.0978718],[121.6105512,25.097859],[121.6105613,25.0977735],[121.6105619,25.0977677],[121.6105618,25.0977677],[121.6103451,25.0977625],[121.6103447,25.0977625],[121.6103057,25.0977756],[121.6103086,25.0978182],[121.6102888,25.097858],[121.6102883,25.097859],[121.6102571,25.0978714],[121.6101926,25.0978624],[121.61013,25.0978328],[121.6101124,25.0978016],[121.6100038,25.0977784],[121.6100029,25.0977782],[121.6098132,25.0978454],[121.6097824,25.0978563],[121.6096858,25.0978507],[121.6094204,25.0977811],[121.6094146,25.0977796],[121.6092888,25.0977807],[121.6092868,25.0977807],[121.6091892,25.0976675],[121.6091889,25.0976672],[121.6091509,25.0976595],[121.6090968,25.0976486],[121.6090919,25.0976477],[121.6090075,25.0977192],[121.6089341,25.0977226],[121.6088693,25.0977255],[121.6088225,25.09769],[121.6088214,25.0976891],[121.608738,25.0977083],[121.6086667,25.0977612],[121.6086645,25.0977629],[121.6086252,25.0977504],[121.6085928,25.0977219],[121.6085079,25.0976912],[121.6085073,25.097691],[121.6082939,25.0976474],[121.6082703,25.0976386],[121.6081805,25.0976053],[121.6080986,25.0975624],[121.6079815,25.0975169],[121.6079806,25.0975165],[121.6079599,25.0975149],[121.6079039,25.0975104],[121.6078732,25.0974903],[121.6078716,25.0974893],[121.6077082,25.0974558],[121.6076845,25.0974509],[121.6075891,25.0974441],[121.6075244,25.0974104],[121.6074164,25.0973309],[121.6074138,25.0973289],[121.6073779,25.0973332],[121.6073768,25.0973334],[121.607343,25.097327],[121.6073195,25.0973092],[121.6073162,25.0973067],[121.6071345,25.0972636],[121.6071316,25.0972629],[121.6069606,25.0972013],[121.606819,25.0972319],[121.606756,25.0972596],[121.6066613,25.0972219],[121.6065912,25.0971564],[121.6065535,25.0971368],[121.6065479,25.0970855],[121.6064299,25.097075],[121.6063713,25.0971144],[121.6063248,25.0971148],[121.6062898,25.0971286],[121.606244,25.097125],[121.6062264,25.0971444],[121.6061986,25.0971434],[121.6061621,25.0970735],[121.6061219,25.0970549],[121.6060828,25.0969871],[121.6060104,25.0969451],[121.6059626,25.0969424],[121.6058664,25.0968504],[121.6057645,25.0968334],[121.6057635,25.0968317],[121.6057094,25.0967369],[121.6054539,25.0966469],[121.605391,25.0966247],[121.6053907,25.0966244],[121.605311,25.0965212],[121.6053103,25.096521],[121.6051827,25.0964706],[121.6048738,25.0963855],[121.6043151,25.0960554],[121.6042625,25.0960244],[121.604188,25.0960145],[121.6041853,25.0960141],[121.6042333,25.0958205],[121.6042549,25.0957984],[121.604201,25.095704],[121.6041916,25.0956875],[121.60419,25.0956847],[121.6041634,25.0954944],[121.6041634,25.0954943],[121.60416,25.0954701],[121.6041598,25.0954698],[121.6040839,25.095356],[121.604024,25.0951879],[121.6040531,25.095046],[121.6040786,25.0950234],[121.6042436,25.0950161],[121.6044317,25.0950077],[121.6047865,25.0949849],[121.6048738,25.0949793],[121.6050559,25.0948897],[121.6052295,25.0948102],[121.6053456,25.094757],[121.6053789,25.094744],[121.605408,25.0947328],[121.6054235,25.0947268],[121.6054681,25.0946786],[121.6055046,25.0945806],[121.6056203,25.0945214],[121.6057422,25.0944603],[121.6058629,25.0943213],[121.6059966,25.0942228],[121.6061819,25.0941145],[121.6062379,25.0940322],[121.6062336,25.0939768],[121.6060977,25.0938652],[121.6060657,25.0938022],[121.6060203,25.0937729],[121.6058801,25.0938091],[121.6056599,25.0937815],[121.6055974,25.093759],[121.6053608,25.0937131],[121.6052818,25.0936318],[121.6052258,25.0936096],[121.6052237,25.0936088],[121.6052111,25.0936078],[121.605152,25.0936028],[121.6049931,25.0935457],[121.6048331,25.0934299],[121.6047958,25.0934006],[121.6047275,25.0933691],[121.6045991,25.0933277],[121.6045755,25.0932472],[121.6045754,25.0932467],[121.604568,25.093243],[121.604537,25.0932274],[121.6045361,25.0932269],[121.6045209,25.0932292],[121.6044713,25.0932368],[121.6044002,25.0931893],[121.6043468,25.0931072],[121.6042105,25.0930009],[121.6041695,25.0929433],[121.6041703,25.0929096],[121.6036617,25.0927021],[121.6035863,25.0926325],[121.6035653,25.0925754],[121.6033408,25.0924769],[121.6031583,25.0923069],[121.6031579,25.0923065],[121.6031286,25.0923023],[121.6030635,25.0922931],[121.6027781,25.0921268],[121.6026914,25.0920866],[121.6023201,25.0919821],[121.6021338,25.0918906],[121.6018276,25.0918014],[121.6016604,25.0916506],[121.6015173,25.091535],[121.6014042,25.0913838],[121.6012724,25.0913085],[121.6011645,25.0912122],[121.601148,25.0911277],[121.6010379,25.0910537],[121.6010366,25.091023],[121.6010363,25.0910164],[121.6010145,25.0909844],[121.601007,25.0909734],[121.6009887,25.0909665],[121.6009646,25.0909575],[121.600964,25.0909595],[121.6009552,25.0909868],[121.6009237,25.0909883],[121.6005392,25.0909108],[121.6004929,25.0908822],[121.6003257,25.0908387],[121.600268,25.0907814],[121.6002616,25.0907292],[121.6002602,25.0907178],[121.6002534,25.090706],[121.6002483,25.0906972],[121.6002323,25.0906697],[121.6000623,25.0905827],[121.5999974,25.0905644],[121.5999095,25.0905089],[121.5998777,25.0904696],[121.5998176,25.0904304],[121.5997255,25.0903798],[121.599727,25.0903786],[121.5997352,25.0903722],[121.5997352,25.0903721],[121.5997263,25.0903329],[121.599687,25.0902834],[121.5995369,25.0901557],[121.5995219,25.090143],[121.5995413,25.0900444],[121.5995451,25.090025],[121.5995462,25.0900112],[121.5995466,25.0900054],[121.5995462,25.0899979],[121.5995459,25.0899921],[121.5995454,25.0899843],[121.5995427,25.0899704],[121.5995425,25.0899692],[121.5995418,25.0899654],[121.5995364,25.0899484],[121.599536,25.089947],[121.5994711,25.0897717],[121.5994576,25.0897329],[121.5993848,25.0895303],[121.5993688,25.0894847],[121.5993467,25.0894227],[121.5993345,25.0893893],[121.5993232,25.0893578],[121.5992143,25.0890657],[121.5992125,25.0890625],[121.5992083,25.0890551],[121.5992008,25.0890454],[121.5991906,25.0890352],[121.5991885,25.0890332],[121.5991839,25.0890285],[121.5991713,25.0890187],[121.59917,25.0890177],[121.5991648,25.0890137],[121.599144,25.0890011],[121.5988997,25.0888728],[121.5988283,25.0888353],[121.5987023,25.0887692],[121.5986533,25.0887433],[121.5985134,25.0886696],[121.5985129,25.0886693],[121.5985043,25.08868],[121.5984924,25.0886949],[121.5984965,25.0886887],[121.5984994,25.0886821],[121.598501,25.0886751],[121.5985014,25.0886679],[121.5985004,25.0886608],[121.5984981,25.0886539],[121.5984949,25.0886482],[121.5984907,25.088643],[121.5984857,25.0886385],[121.5984799,25.0886349],[121.5983264,25.0885552],[121.5980783,25.0884263],[121.5979156,25.0883418],[121.5978441,25.0883031],[121.5977657,25.0882615],[121.5977701,25.0882675],[121.5978041,25.0883143],[121.5978043,25.0883146],[121.5978043,25.0883146],[121.5978844,25.0883419],[121.5980178,25.0884008],[121.5981477,25.0885175],[121.5981733,25.0885639],[121.5981888,25.0885921],[121.5981597,25.0887366],[121.5981597,25.0887367],[121.5981734,25.0889932],[121.5981918,25.0890408],[121.5982372,25.0891634],[121.5982422,25.089176],[121.598317,25.0894814],[121.5983284,25.0895089],[121.5983557,25.0895705],[121.5983549,25.0896063],[121.5983534,25.0896434],[121.5983126,25.0896914],[121.5982676,25.0897268],[121.5982654,25.0897269],[121.5982245,25.0897295],[121.5981631,25.089709],[121.598053,25.0896847],[121.5978922,25.0896722],[121.5977875,25.0896841],[121.5977843,25.0896844],[121.5976978,25.0897571],[121.5976722,25.0898176],[121.5976413,25.0898992],[121.5976655,25.0899536],[121.5976618,25.0900862],[121.5976019,25.0902198],[121.5975485,25.0902891],[121.5974408,25.0904165],[121.5973215,25.0904945],[121.5972742,25.0905061],[121.5971762,25.0905573],[121.5970992,25.0906348],[121.5970425,25.0906671],[121.5969231,25.0907127],[121.5968232,25.0907295],[121.5968009,25.0907358],[121.5967159,25.09076],[121.5965658,25.0908025],[121.5965511,25.0909423],[121.5965458,25.0909923],[121.5965458,25.0909926],[121.596576,25.0910422],[121.5967046,25.0911345],[121.5967956,25.0911997],[121.5968845,25.0912585],[121.5969738,25.0913041],[121.5971399,25.0914376],[121.5971417,25.0914393],[121.5971515,25.0914485],[121.5972304,25.0915228],[121.597231,25.0915233],[121.5972798,25.0915275],[121.5972825,25.0915277],[121.5973313,25.0915673],[121.5973375,25.0915768],[121.5973664,25.0916213],[121.5974067,25.0916674],[121.5973073,25.0917944],[121.5971644,25.0918921],[121.5970733,25.0919318],[121.5970371,25.0919476],[121.5969611,25.0919651],[121.5969155,25.0919969],[121.5966639,25.0922427],[121.5965603,25.0923439],[121.5965595,25.0923453],[121.5965076,25.0924354],[121.5964413,25.0924428],[121.5964429,25.0924454],[121.5964591,25.0924708],[121.5964586,25.0924715],[121.5964481,25.0924896],[121.5964332,25.0925151],[121.596431,25.092519],[121.5964263,25.0925414],[121.5964248,25.0925485],[121.5964243,25.0925491],[121.5963493,25.0926286],[121.5963785,25.0926992],[121.5964835,25.0929524],[121.595501,25.0934455],[121.5951821,25.0934851],[121.5951513,25.0935413],[121.5950885,25.0935603],[121.5949458,25.0936041],[121.5949079,25.0935942],[121.5947566,25.0936483],[121.5946299,25.0937986],[121.5944561,25.0938019],[121.594344,25.0939219],[121.5943345,25.0940072],[121.5940507,25.0942873],[121.5939653,25.0944291],[121.5939547,25.0944526],[121.5938934,25.0945904],[121.5937602,25.094607],[121.593639,25.0946741],[121.5933459,25.0947293],[121.5933293,25.0948283],[121.5931728,25.0950249],[121.5931719,25.0950254],[121.5930331,25.0951115],[121.592981,25.0951086],[121.5929711,25.0951112],[121.5928767,25.0951355],[121.5925418,25.0952216],[121.5925404,25.0952216],[121.5925243,25.0952214],[121.5925227,25.0952253],[121.5924748,25.0953408],[121.5924204,25.0954719],[121.5924203,25.0954732],[121.5924117,25.0955458],[121.5924045,25.0956068],[121.5920535,25.0956587],[121.591627,25.095676],[121.5916263,25.095676],[121.5912494,25.0955739],[121.5912318,25.0955648],[121.5911271,25.09551],[121.5911213,25.0955069],[121.5910581,25.0955029],[121.5910413,25.0955018],[121.5910405,25.0955019],[121.590577,25.0955462],[121.5904711,25.0955094],[121.5903827,25.0955043],[121.5903718,25.0955036],[121.5903714,25.0955037],[121.5903712,25.0955038],[121.5902274,25.0955447],[121.5901431,25.0955445],[121.5900496,25.0955122],[121.5897662,25.0955048],[121.589568,25.0956022],[121.5895672,25.0956026],[121.5895219,25.0956465],[121.5894692,25.0956976],[121.5894104,25.0958058],[121.5893115,25.0958692],[121.5892799,25.0958758],[121.5892614,25.0958796],[121.5892596,25.09588],[121.5892423,25.0959021],[121.5892381,25.0959074],[121.5892091,25.0959275],[121.5891979,25.0959353],[121.5891973,25.0959357],[121.5891874,25.0959426],[121.5891865,25.0959442],[121.5891455,25.096013],[121.5890948,25.0960672],[121.5890922,25.0960679],[121.5890901,25.0960685],[121.589086,25.0960696],[121.5890461,25.0960816],[121.5890411,25.0960841],[121.5890026,25.0961036],[121.58896,25.0961253],[121.5888848,25.0961634],[121.5887181,25.0961895],[121.5885874,25.0962023],[121.5885896,25.0962938],[121.5885582,25.096439],[121.5885549,25.0964569],[121.5885551,25.0964633],[121.5885548,25.0964832],[121.5885224,25.0966761],[121.5882786,25.096989],[121.5882216,25.0970749],[121.5882106,25.0970921],[121.5881942,25.0971164],[121.5881886,25.0971302],[121.5881818,25.0971478],[121.5881451,25.0972445],[121.5881319,25.0973572],[121.5882071,25.0973339],[121.5885417,25.0972496],[121.588987,25.097141],[121.5890173,25.0971332],[121.5892198,25.0970765],[121.5893097,25.0970517],[121.5894337,25.0970178],[121.5894557,25.0970134],[121.5895974,25.0969842],[121.5896253,25.0970326],[121.5899332,25.0975772],[121.5899911,25.0976798],[121.5900575,25.0977965],[121.5901098,25.0978889],[121.590298,25.0982292],[121.5904986,25.0985887],[121.5911823,25.098498],[121.5914051,25.0984745],[121.5916971,25.0984356],[121.5918017,25.0984212],[121.5920803,25.0983799],[121.5923017,25.0983762],[121.5923812,25.0983749],[121.5926561,25.0983703],[121.5931524,25.098259],[121.5933889,25.0981875],[121.5937281,25.0981026],[121.5945866,25.0975739],[121.5946407,25.0975407],[121.594669,25.0975688],[121.594917,25.0978118],[121.5953158,25.0980223],[121.5955886,25.098093],[121.5957045,25.0982016],[121.5957346,25.0982225],[121.5963538,25.0986596],[121.5969311,25.0991982],[121.5969112,25.0994734],[121.59661,25.0998519],[121.5968768,25.1003805],[121.5969077,25.1004412],[121.5972785,25.1011488],[121.5973629,25.1016628],[121.5973667,25.101942],[121.5975573,25.1024347],[121.5976052,25.1024376],[121.597681,25.1026882],[121.5978556,25.1030701],[121.597943,25.1031299],[121.5981349,25.1033247],[121.5983971,25.1034482],[121.5985177,25.1034765],[121.5986239,25.1036405],[121.5985977,25.1040393],[121.5987049,25.104278],[121.5987191,25.1043813],[121.5988413,25.1045634],[121.5989297,25.1047969],[121.5989526,25.1048078],[121.5989977,25.1048893],[121.598993,25.1049157],[121.598979,25.1049878],[121.5990293,25.1055118],[121.5988636,25.1057978],[121.5988781,25.1058511],[121.5989988,25.1061497],[121.5991205,25.1063058],[121.5993615,25.1064123],[121.5994337,25.1064879],[121.5995167,25.1066465],[121.5995724,25.106754],[121.5995658,25.1068042],[121.5996488,25.1069741],[121.5996523,25.1071901],[121.5997046,25.1073138],[121.599765,25.1075252],[121.5998607,25.107862],[121.5998013,25.107983],[121.5997309,25.1080517],[121.5996716,25.1081861],[121.5996617,25.1083119],[121.5996612,25.1083368],[121.5998934,25.1083761],[121.5999699,25.1085611],[121.6000482,25.1086056],[121.6004206,25.1085369],[121.6008057,25.1083076],[121.6009399,25.1082632]]]}},{"type":"Feature","id":285,"properties":{"sectionCode":"0508","sectionName":"碧山段二小段","districtName":"內湖區","fullName":"內湖區碧山段二小段"},"geometry":{"type":"Polygon","coordinates":[[[121.5941538,25.1144538],[121.5943577,25.1144112],[121.5945027,25.1145147],[121.594639,25.1146119],[121.5946616,25.1146132],[121.5946809,25.1146142],[121.5946814,25.1146138],[121.5948083,25.114492],[121.5949233,25.114399],[121.5949252,25.1143974],[121.5949369,25.1143877],[121.5949393,25.1143855],[121.594964,25.1143629],[121.5954504,25.1142457],[121.595563,25.1141904],[121.5955627,25.1141883],[121.5955582,25.1141544],[121.5955518,25.1141396],[121.5954935,25.1140061],[121.595469,25.1139226],[121.5954515,25.1138628],[121.5952709,25.1136532],[121.5952634,25.1136106],[121.5953374,25.1133988],[121.5953257,25.1133306],[121.5955441,25.1132166],[121.5956203,25.1130506],[121.5958099,25.112929],[121.5959479,25.1128407],[121.596026,25.1127701],[121.5960445,25.1127392],[121.5962073,25.1125301],[121.5962966,25.1123701],[121.5962473,25.1122222],[121.5963155,25.1121961],[121.5964644,25.1119742],[121.5963882,25.1119127],[121.5962922,25.1119867],[121.5963992,25.1117231],[121.5964136,25.1116212],[121.5965314,25.1113123],[121.5965904,25.111179],[121.5966138,25.1110832],[121.5966794,25.1109732],[121.5966917,25.1109625],[121.5967565,25.1108963],[121.5969372,25.1106311],[121.5969764,25.1105305],[121.59697,25.110367],[121.5969662,25.1102685],[121.5969817,25.1102616],[121.5969824,25.1101943],[121.5970212,25.1101207],[121.5969952,25.1100797],[121.5970491,25.1100495],[121.5971098,25.1099167],[121.5970902,25.1098832],[121.5971518,25.1096986],[121.5975646,25.109461],[121.597755,25.1094117],[121.597907,25.1093523],[121.5981203,25.1091392],[121.5982425,25.1091206],[121.5983124,25.1090514],[121.5987151,25.1089731],[121.5988505,25.1089898],[121.5989841,25.1089179],[121.5990836,25.1088894],[121.5991636,25.108815],[121.5992429,25.1086619],[121.599349,25.108519],[121.5993775,25.1084203],[121.5994006,25.108363],[121.5996023,25.1083329],[121.5996617,25.1083119],[121.5996716,25.1081861],[121.5997309,25.1080517],[121.5998013,25.107983],[121.5998607,25.107862],[121.599765,25.1075252],[121.5997046,25.1073138],[121.5996523,25.1071901],[121.5996488,25.1069741],[121.5995658,25.1068042],[121.5995724,25.106754],[121.5995167,25.1066465],[121.5994337,25.1064879],[121.5993615,25.1064123],[121.5991205,25.1063058],[121.5989988,25.1061497],[121.5988781,25.1058511],[121.5988636,25.1057978],[121.5990293,25.1055118],[121.598979,25.1049878],[121.598993,25.1049157],[121.5989977,25.1048893],[121.5989526,25.1048078],[121.5989297,25.1047969],[121.5988413,25.1045634],[121.5987191,25.1043813],[121.5987049,25.104278],[121.5985977,25.1040393],[121.5986239,25.1036405],[121.5985177,25.1034765],[121.5983971,25.1034482],[121.5981349,25.1033247],[121.597943,25.1031299],[121.5978556,25.1030701],[121.597681,25.1026882],[121.5976052,25.1024376],[121.5975573,25.1024347],[121.5975202,25.1023387],[121.5973667,25.101942],[121.5973656,25.1018632],[121.5973629,25.1016628],[121.5972785,25.1011488],[121.5969077,25.1004412],[121.5968768,25.1003805],[121.59661,25.0998519],[121.5969112,25.0994734],[121.5969311,25.0991982],[121.5963538,25.0986596],[121.5957346,25.0982225],[121.5957045,25.0982016],[121.5955886,25.098093],[121.5953158,25.0980223],[121.594917,25.0978118],[121.594669,25.0975688],[121.5946407,25.0975407],[121.5945866,25.0975739],[121.5937281,25.0981026],[121.5933889,25.0981875],[121.5931524,25.098259],[121.5926561,25.0983703],[121.5923812,25.0983749],[121.5923017,25.0983762],[121.5920803,25.0983799],[121.5918017,25.0984212],[121.5916971,25.0984356],[121.5914051,25.0984745],[121.5911823,25.098498],[121.5904986,25.0985887],[121.590298,25.0982292],[121.5901098,25.0978889],[121.5900575,25.0977965],[121.5899911,25.0976798],[121.5899332,25.0975772],[121.5896253,25.0970326],[121.5895974,25.0969842],[121.5894557,25.0970134],[121.5894337,25.0970178],[121.5893097,25.0970517],[121.5892198,25.0970765],[121.5890173,25.0971332],[121.588987,25.097141],[121.5885417,25.0972496],[121.5882071,25.0973339],[121.5881319,25.0973572],[121.5881305,25.0973571],[121.5880509,25.0973524],[121.5880488,25.0973524],[121.5880325,25.0973521],[121.5880274,25.0973525],[121.5875827,25.097392],[121.5875818,25.0973942],[121.5875506,25.0974653],[121.5875271,25.0975531],[121.5874314,25.0976358],[121.5873673,25.0976774],[121.5873329,25.0976997],[121.5873316,25.0977013],[121.5873267,25.0977074],[121.5871847,25.0978814],[121.5871223,25.0979623],[121.5871218,25.0979629],[121.5871217,25.097963],[121.5870311,25.0980134],[121.587031,25.0980135],[121.5870293,25.0980148],[121.587024,25.0980188],[121.5869757,25.0980558],[121.5869731,25.0980578],[121.5867976,25.098027],[121.5867942,25.0980264],[121.5864787,25.0980957],[121.5861731,25.0981458],[121.5861722,25.0981491],[121.5860799,25.0981764],[121.5860017,25.0981994],[121.5859462,25.0981908],[121.5859372,25.0981894],[121.5859364,25.0981896],[121.5856315,25.0982718],[121.5856268,25.0982731],[121.5856112,25.0982886],[121.5855948,25.0983048],[121.5855906,25.0983055],[121.5853487,25.0983479],[121.5853219,25.0983526],[121.5851821,25.0983989],[121.585182,25.0983989],[121.5851583,25.0984068],[121.5850728,25.09836],[121.5850301,25.0983531],[121.5847819,25.0985692],[121.584631,25.0987172],[121.5845224,25.0988257],[121.5844417,25.0989254],[121.5843495,25.0990395],[121.5842996,25.0990565],[121.5842001,25.0990406],[121.5840665,25.0990846],[121.5840513,25.0990909],[121.5840362,25.0990955],[121.5839626,25.0991192],[121.5838585,25.099154],[121.5837601,25.0992386],[121.5835635,25.0993293],[121.5834934,25.0994133],[121.5834474,25.0994683],[121.5833831,25.0994737],[121.5831279,25.099495],[121.5831151,25.0994954],[121.5828254,25.0994894],[121.5826778,25.0995087],[121.5826744,25.0995072],[121.5824515,25.0994113],[121.5823173,25.0993725],[121.5822911,25.099402],[121.5822419,25.0994595],[121.5821779,25.0995343],[121.5820903,25.0996365],[121.5820565,25.099648],[121.5819956,25.0997443],[121.5819521,25.0998533],[121.5819382,25.0998887],[121.5818408,25.0999966],[121.5816881,25.1003288],[121.5816864,25.1003318],[121.5816773,25.1003476],[121.5816293,25.1003882],[121.5816254,25.1003915],[121.5815462,25.1004934],[121.5815049,25.1005465],[121.5814084,25.1006704],[121.5813747,25.1007339],[121.5813455,25.1007849],[121.5813327,25.100809],[121.5813263,25.1008175],[121.5813353,25.1008402],[121.5813579,25.1009034],[121.5811757,25.1010648],[121.5810966,25.1011169],[121.5809853,25.1011892],[121.5807377,25.1014944],[121.5806924,25.1016018],[121.5806673,25.1016613],[121.5806417,25.101722],[121.5806291,25.1017521],[121.5806259,25.1017932],[121.5806207,25.1018615],[121.5806076,25.1019553],[121.5806122,25.1019739],[121.58061,25.1019794],[121.5805858,25.1020206],[121.5805693,25.1021951],[121.5805151,25.1023555],[121.5804735,25.1024134],[121.5803801,25.1024925],[121.5803172,25.1026139],[121.5801605,25.1028577],[121.5799014,25.1028655],[121.5798237,25.1028836],[121.5797517,25.1029009],[121.5797256,25.1029005],[121.579388,25.1029006],[121.5792455,25.1029429],[121.5791466,25.1030279],[121.578998,25.1031933],[121.5789587,25.1032828],[121.5789243,25.1035803],[121.5790377,25.103949],[121.5791067,25.1041056],[121.5791267,25.1041953],[121.5790721,25.1044464],[121.5790005,25.1045658],[121.5789882,25.1046534],[121.5789796,25.1047426],[121.5789805,25.10475],[121.5789898,25.1048421],[121.5789434,25.1049182],[121.5789503,25.1049883],[121.5790423,25.1050497],[121.5791616,25.1050892],[121.5791688,25.105093],[121.5791865,25.1051021],[121.5792373,25.1051288],[121.5792693,25.1051724],[121.5792684,25.1052669],[121.5793137,25.1053616],[121.5793485,25.1054112],[121.5793855,25.1055147],[121.579467,25.1055778],[121.5797759,25.1060349],[121.5798584,25.1061262],[121.5798559,25.1061449],[121.5797839,25.1065387],[121.5800551,25.1067745],[121.579971,25.1069488],[121.5802278,25.1070894],[121.580308,25.1071105],[121.5804731,25.1070851],[121.5806389,25.1072325],[121.5809813,25.1069161],[121.5813608,25.106757],[121.5816769,25.1068429],[121.581796,25.1067853],[121.5817962,25.106762],[121.5817978,25.1067599],[121.5818136,25.1067459],[121.5820997,25.1065515],[121.5821082,25.1065529],[121.5821852,25.1066498],[121.5824368,25.106747],[121.5825136,25.1068587],[121.5826947,25.1069051],[121.5828012,25.1069408],[121.5828527,25.1069446],[121.5828654,25.1069644],[121.5829647,25.1071197],[121.5829866,25.1072731],[121.5830975,25.1072518],[121.5833313,25.1072479],[121.5833906,25.1072472],[121.5835635,25.1073072],[121.5836227,25.1074187],[121.5836406,25.1074905],[121.5836945,25.1075272],[121.58389,25.1077786],[121.5840228,25.108045],[121.5840456,25.1081342],[121.5842113,25.1081954],[121.5846415,25.1083065],[121.5849047,25.1083319],[121.5850185,25.1082894],[121.5851326,25.1082781],[121.5851415,25.1082769],[121.5852713,25.1083545],[121.5852962,25.1083595],[121.5853238,25.1083651],[121.5853267,25.1084637],[121.5853338,25.1087051],[121.5853241,25.1088145],[121.5853778,25.1089577],[121.5854137,25.1090069],[121.5854663,25.109079],[121.5855188,25.1091801],[121.5856058,25.1092799],[121.5856238,25.1093182],[121.5856479,25.1093695],[121.5857522,25.1094873],[121.5858078,25.1095516],[121.5858708,25.1095937],[121.58591,25.1096199],[121.5859506,25.109647],[121.5860084,25.1097578],[121.5860274,25.1098586],[121.5860706,25.1099804],[121.5861181,25.1101018],[121.5862643,25.1103147],[121.5863531,25.1105041],[121.5863684,25.110554],[121.5865398,25.1108508],[121.5866598,25.1110426],[121.5867069,25.1112217],[121.5867747,25.1112763],[121.5867902,25.1112928],[121.5868222,25.1113269],[121.5868539,25.1113927],[121.5868675,25.1114208],[121.5868713,25.1114355],[121.5868738,25.1114495],[121.5868749,25.1114557],[121.5868774,25.1114649],[121.5868804,25.1114761],[121.5869131,25.1115517],[121.5869134,25.1115522],[121.5869136,25.1115615],[121.5869166,25.1116781],[121.5869779,25.1118145],[121.58699,25.1118417],[121.5870364,25.1119748],[121.5870513,25.1120177],[121.5871534,25.1121499],[121.5872362,25.1122984],[121.5872538,25.112401],[121.587265,25.1124159],[121.5873429,25.1125188],[121.5874276,25.1126763],[121.5874628,25.1128605],[121.5874642,25.1128679],[121.5873863,25.1129745],[121.5873748,25.113056],[121.5873833,25.1130695],[121.5874361,25.1131532],[121.5874957,25.1132376],[121.5875851,25.1132965],[121.587698,25.1133629],[121.587755,25.1133989],[121.5878571,25.1134895],[121.5878954,25.1135413],[121.5879288,25.1136238],[121.5879503,25.1136771],[121.5879647,25.113771],[121.5879706,25.1138092],[121.5879646,25.114005],[121.5879646,25.1140054],[121.5879715,25.1140086],[121.5881038,25.1140701],[121.5883151,25.1141434],[121.5885177,25.114171],[121.5886893,25.1141622],[121.5886961,25.1141618],[121.588741,25.1140502],[121.588744,25.1140427],[121.5892144,25.1138576],[121.5892505,25.1138434],[121.5892634,25.1138383],[121.5893001,25.1138323],[121.5893769,25.1138857],[121.5895008,25.1140066],[121.5895916,25.1142146],[121.589592,25.1142155],[121.5897343,25.1142539],[121.589751,25.1142605],[121.5897824,25.1142729],[121.5899089,25.1143403],[121.5899154,25.1143437],[121.5899154,25.1143436],[121.590027,25.1141475],[121.5900289,25.1141244],[121.5900304,25.1141058],[121.590031,25.114098],[121.5900462,25.1139785],[121.5900468,25.1138095],[121.5900287,25.1136815],[121.5900096,25.1135468],[121.5900091,25.1135432],[121.5900185,25.11348],[121.5900379,25.1134807],[121.5900392,25.1134808],[121.5900431,25.1134809],[121.5901547,25.1135021],[121.5901571,25.1135031],[121.5901936,25.1135179],[121.5901936,25.1135179],[121.5903797,25.1135938],[121.5903904,25.1135981],[121.5905079,25.11364],[121.5906585,25.1137266],[121.590805,25.1138109],[121.5908559,25.113834],[121.5909298,25.1138476],[121.5910951,25.1139166],[121.5910994,25.1139203],[121.5914668,25.114235],[121.5915347,25.1142932],[121.5916214,25.1143491],[121.591634,25.1143497],[121.5918876,25.1144101],[121.591965,25.1144285],[121.5919665,25.1144284],[121.5921378,25.1144104],[121.5921612,25.114408],[121.5921629,25.1144078],[121.5922593,25.1144229],[121.5923424,25.1144358],[121.5923428,25.1144359],[121.5924151,25.1145366],[121.5924165,25.1145398],[121.592443,25.1146019],[121.5925195,25.1146593],[121.5925196,25.1146594],[121.5925848,25.1147083],[121.592653,25.1147117],[121.5926534,25.1147118],[121.5931185,25.1148524],[121.5934732,25.1150006],[121.5937277,25.1147377],[121.593899,25.1146103],[121.5939627,25.1145394],[121.5941443,25.114458],[121.5941533,25.1144539],[121.5941538,25.1144538]]]}},{"type":"Feature","id":286,"properties":{"sectionCode":"0509","sectionName":"碧山段三小段","districtName":"內湖區","fullName":"內湖區碧山段三小段"},"geometry":{"type":"Polygon","coordinates":[[[121.5758747,25.1067364],[121.575915,25.1067268],[121.5759169,25.1067269],[121.5761444,25.1067422],[121.5764246,25.1067105],[121.5766602,25.1067133],[121.5767318,25.106384],[121.576732,25.1063827],[121.5767788,25.1063201],[121.5767798,25.1063188],[121.5770495,25.1057684],[121.5772617,25.1057262],[121.5772841,25.1057218],[121.5776545,25.1056133],[121.5776606,25.1056067],[121.5776868,25.1055786],[121.5776873,25.1055781],[121.5777014,25.1055637],[121.5777028,25.1055627],[121.5777063,25.10556],[121.5778657,25.1054387],[121.5780231,25.1053189],[121.5780299,25.1053137],[121.578126,25.1051974],[121.5781642,25.1051513],[121.5781652,25.1051512],[121.5782492,25.1051451],[121.5784466,25.1050555],[121.5787206,25.1049969],[121.5787209,25.1049968],[121.5787267,25.1049948],[121.5787331,25.1049926],[121.5787965,25.1049924],[121.5787987,25.1049923],[121.5789503,25.1049883],[121.5789434,25.1049182],[121.5789898,25.1048421],[121.5789805,25.10475],[121.5789796,25.1047426],[121.5789882,25.1046534],[121.5790005,25.1045658],[121.5790721,25.1044464],[121.5791267,25.1041953],[121.5791067,25.1041056],[121.5790377,25.103949],[121.5789243,25.1035803],[121.5789587,25.1032828],[121.578998,25.1031933],[121.5791466,25.1030279],[121.5792455,25.1029429],[121.579388,25.1029006],[121.5797256,25.1029005],[121.5797517,25.1029009],[121.5798237,25.1028836],[121.5799014,25.1028655],[121.5801605,25.1028577],[121.5803172,25.1026139],[121.5803801,25.1024925],[121.5804735,25.1024134],[121.5805151,25.1023555],[121.5805693,25.1021951],[121.5805858,25.1020206],[121.58061,25.1019794],[121.5806122,25.1019739],[121.5806076,25.1019553],[121.5806207,25.1018615],[121.5806259,25.1017932],[121.5806291,25.1017521],[121.5806417,25.101722],[121.5806673,25.1016613],[121.5806924,25.1016018],[121.5807377,25.1014944],[121.5808432,25.1013644],[121.5809853,25.1011892],[121.5810966,25.1011169],[121.5811757,25.1010648],[121.5813579,25.1009034],[121.5813353,25.1008402],[121.5813263,25.1008175],[121.5813327,25.100809],[121.5813455,25.1007849],[121.5813747,25.1007339],[121.5814084,25.1006704],[121.5815049,25.1005465],[121.5815462,25.1004934],[121.5816254,25.1003915],[121.5816293,25.1003882],[121.5816773,25.1003476],[121.5816864,25.1003318],[121.5816881,25.1003288],[121.5818408,25.0999966],[121.5819382,25.0998887],[121.5819521,25.0998533],[121.5819956,25.0997443],[121.5820565,25.099648],[121.5820903,25.0996365],[121.5821779,25.0995343],[121.5822419,25.0994595],[121.5822911,25.099402],[121.5823173,25.0993725],[121.5824515,25.0994113],[121.5826744,25.0995072],[121.5826778,25.0995087],[121.5828254,25.0994894],[121.5831151,25.0994954],[121.5831279,25.099495],[121.5833831,25.0994737],[121.5834474,25.0994683],[121.5834934,25.0994133],[121.5835635,25.0993293],[121.5837601,25.0992386],[121.5838585,25.099154],[121.5839626,25.0991192],[121.5840362,25.0990955],[121.5840513,25.0990909],[121.5840665,25.0990846],[121.5842001,25.0990406],[121.5842996,25.0990565],[121.5843495,25.0990395],[121.5844417,25.0989254],[121.5845224,25.0988257],[121.584631,25.0987172],[121.5847819,25.0985692],[121.5850301,25.0983531],[121.5849769,25.0983164],[121.584852,25.0981831],[121.5847863,25.0981119],[121.5847829,25.0981082],[121.5847432,25.0980731],[121.5846248,25.0979665],[121.5845173,25.0976828],[121.5843689,25.0975689],[121.5843672,25.0975676],[121.5843645,25.0975656],[121.5840297,25.0974859],[121.5839896,25.0974763],[121.5839889,25.097476],[121.5838824,25.0974252],[121.5838575,25.0974134],[121.5836678,25.0972135],[121.5836678,25.0972125],[121.5836668,25.0971275],[121.5836666,25.0971273],[121.583646,25.0971046],[121.5832817,25.0967046],[121.5831145,25.0965402],[121.5830876,25.0965143],[121.5830183,25.0964475],[121.5828614,25.0962622],[121.5826961,25.0960656],[121.5826017,25.0959057],[121.5825779,25.0958058],[121.5825471,25.0956702],[121.5825478,25.0953661],[121.5826339,25.0952391],[121.5826335,25.0951424],[121.5825906,25.0951186],[121.5826189,25.0950338],[121.5826121,25.0950187],[121.582595,25.0949699],[121.582562,25.0943451],[121.5825619,25.0943441],[121.5825546,25.0943174],[121.582496,25.0941041],[121.5824827,25.0938193],[121.5824828,25.0938155],[121.5824829,25.093811],[121.5824569,25.0936898],[121.5824821,25.0935524],[121.5824285,25.0934643],[121.5824589,25.0932762],[121.5824208,25.0931925],[121.5823616,25.0931179],[121.5822494,25.0928962],[121.5822325,25.0928771],[121.5822117,25.0928508],[121.5822104,25.0928493],[121.5821792,25.09287],[121.5821501,25.0928391],[121.5821449,25.0928385],[121.5820205,25.0928244],[121.5819804,25.0928111],[121.58194,25.0928107],[121.5818938,25.0928],[121.5819131,25.0927652],[121.5819156,25.0927607],[121.5819469,25.0927394],[121.5819615,25.0927297],[121.5819617,25.0927296],[121.5819648,25.0927255],[121.5819862,25.0926971],[121.5819934,25.0926875],[121.5820424,25.0925476],[121.5819991,25.0924316],[121.5819598,25.0922904],[121.5819594,25.092289],[121.5820222,25.0922056],[121.5821217,25.0921432],[121.5822092,25.0920988],[121.5823094,25.0920869],[121.5823684,25.0920862],[121.5824325,25.0921303],[121.5826119,25.0921708],[121.5827377,25.0920937],[121.5827641,25.0920774],[121.5828342,25.0920013],[121.5827921,25.0919166],[121.5827488,25.09171],[121.5827794,25.091551],[121.5828158,25.0913592],[121.5828515,25.0912776],[121.5828636,25.0912498],[121.5828726,25.0912291],[121.5828897,25.0911891],[121.5828892,25.09118],[121.5828871,25.091154],[121.5828865,25.0911472],[121.582897,25.0910818],[121.5828719,25.0909605],[121.5828899,25.090925],[121.5828802,25.0908464],[121.5828781,25.0908294],[121.582913,25.0907511],[121.5828204,25.0907354],[121.5827245,25.0907359],[121.5824694,25.0906539],[121.582469,25.0906538],[121.5824679,25.0906541],[121.5824189,25.0906688],[121.582418,25.0906679],[121.582343,25.0905985],[121.5823516,25.0905678],[121.5823292,25.0905668],[121.5823248,25.0905667],[121.5823249,25.0905665],[121.5823276,25.0905505],[121.5823108,25.0905277],[121.5823276,25.0905085],[121.5823262,25.0904755],[121.5823228,25.0904761],[121.5822414,25.0904916],[121.582156,25.0905311],[121.5821544,25.0905313],[121.5821451,25.0905322],[121.5820621,25.0905411],[121.582031,25.0905444],[121.5819748,25.0905041],[121.5819734,25.0905031],[121.5819733,25.090503],[121.5819575,25.0904902],[121.581957,25.0904898],[121.5819416,25.0904789],[121.5819402,25.090479],[121.5819366,25.0904794],[121.5818866,25.090485],[121.5818788,25.0904859],[121.5818785,25.0904851],[121.5818739,25.0904712],[121.581871,25.0904706],[121.5818314,25.0904622],[121.5818104,25.0904569],[121.5817571,25.0904335],[121.5817473,25.0904292],[121.5817367,25.0904245],[121.5815306,25.0902468],[121.5815306,25.0902468],[121.5815257,25.0902425],[121.5815255,25.0902425],[121.5813521,25.0901843],[121.5811378,25.0900341],[121.5810605,25.090019],[121.5809176,25.089918],[121.580794,25.0897235],[121.5802725,25.0894941],[121.5801109,25.089244],[121.5798334,25.0892024],[121.5793591,25.0892505],[121.5792433,25.0892311],[121.5791385,25.0892523],[121.5789416,25.0892046],[121.5787446,25.0891672],[121.578479,25.0891575],[121.5781589,25.0892626],[121.5781041,25.0893423],[121.5780691,25.0893932],[121.5780716,25.0894176],[121.5780716,25.0894177],[121.5780797,25.0894958],[121.5780657,25.0895419],[121.5779792,25.0898276],[121.5779609,25.0900185],[121.5779607,25.0900205],[121.577901,25.0899734],[121.5778074,25.0899584],[121.5775212,25.0900806],[121.5773187,25.0902573],[121.5767749,25.090468],[121.5766577,25.090497],[121.5766011,25.0904662],[121.5764525,25.0904621],[121.5760479,25.090625],[121.5758376,25.090832],[121.5756943,25.090893],[121.5755958,25.0909413],[121.5754574,25.0910348],[121.5753255,25.0910596],[121.575215,25.0910804],[121.575153,25.0911479],[121.5750798,25.0912274],[121.5750802,25.0912445],[121.5750781,25.0912446],[121.5750614,25.0912452],[121.5750596,25.0912466],[121.5749512,25.0913294],[121.5748452,25.091395],[121.5747237,25.0914704],[121.5747217,25.0914728],[121.5747095,25.091488],[121.5746505,25.091561],[121.5745468,25.0917318],[121.5745394,25.0917606],[121.5745107,25.091872],[121.5745087,25.0918745],[121.5743817,25.0920285],[121.5743299,25.0920913],[121.5743271,25.0920938],[121.5742174,25.0921949],[121.574203,25.0922557],[121.5741753,25.0923728],[121.574174,25.0923736],[121.5741389,25.0923927],[121.5741278,25.0923988],[121.5738865,25.0925305],[121.5738583,25.0926155],[121.5738455,25.0926247],[121.5736462,25.0927812],[121.5736182,25.0927883],[121.5735953,25.092794],[121.5734019,25.0928422],[121.5734018,25.0928423],[121.573227,25.0928859],[121.5732251,25.0928859],[121.5729654,25.0928871],[121.5729166,25.092906],[121.5729164,25.0929061],[121.5725827,25.0930356],[121.5725776,25.0930368],[121.5723504,25.093091],[121.5720844,25.0931436],[121.571716,25.0932296],[121.5711119,25.0932306],[121.5709031,25.0932504],[121.5708589,25.0932663],[121.5708585,25.0932666],[121.5708583,25.0932669],[121.5707603,25.0933576],[121.5707628,25.0933662],[121.5707725,25.0933993],[121.5706231,25.093531],[121.5706209,25.0935329],[121.5704974,25.0936703],[121.5704974,25.0936714],[121.5704972,25.0937092],[121.5704944,25.0937177],[121.570493,25.0937218],[121.570464,25.0938375],[121.5704637,25.0938386],[121.5704471,25.0938568],[121.5704246,25.0938813],[121.5701976,25.094129],[121.570201,25.0941667],[121.5702089,25.0942542],[121.5702405,25.0943059],[121.5701734,25.0944408],[121.5701235,25.0945413],[121.5698912,25.0948783],[121.5698945,25.0949005],[121.5698975,25.0949207],[121.5699094,25.0950013],[121.5699033,25.0950104],[121.569864,25.0950716],[121.5697552,25.0952404],[121.5696913,25.0954367],[121.5695855,25.0955535],[121.5695594,25.0956389],[121.5695032,25.0957361],[121.569485,25.0957677],[121.5694819,25.095773],[121.5694175,25.0959413],[121.5693725,25.0960589],[121.5691461,25.0962717],[121.5690847,25.0965263],[121.5690841,25.0965536],[121.5690823,25.0966389],[121.5690734,25.0967165],[121.5690726,25.0967242],[121.5690664,25.0967807],[121.5689821,25.0968793],[121.5689526,25.096989],[121.5688766,25.0970596],[121.5688743,25.0970635],[121.5688561,25.0970934],[121.5688138,25.0971632],[121.5687937,25.0971976],[121.568752,25.0972689],[121.5687408,25.0972901],[121.5686805,25.0974042],[121.5686746,25.0974147],[121.5686423,25.097472],[121.5686336,25.0974882],[121.5686159,25.0975229],[121.5686115,25.0975314],[121.5685534,25.0976074],[121.5683801,25.0976973],[121.5683204,25.0976975],[121.5682229,25.0977669],[121.5681508,25.0979186],[121.5680021,25.0981015],[121.5679519,25.0982165],[121.5678465,25.098353],[121.5678199,25.0984182],[121.5677542,25.0984779],[121.5677398,25.0984775],[121.5675854,25.0984693],[121.5673881,25.0985981],[121.5673388,25.0987094],[121.5673376,25.0988156],[121.5672743,25.0988991],[121.5671434,25.0990472],[121.567077,25.0991492],[121.5671163,25.0991875],[121.5671652,25.0993658],[121.5671925,25.0994656],[121.5671625,25.0996256],[121.5671408,25.0997412],[121.5672435,25.0998266],[121.567262,25.099842],[121.5672792,25.0998584],[121.5673423,25.0999184],[121.5674099,25.1000968],[121.5675472,25.1003732],[121.5675505,25.1006039],[121.567598,25.1007657],[121.5676132,25.1008174],[121.5676136,25.1009221],[121.5676141,25.1009425],[121.5676134,25.101039],[121.5676132,25.1012104],[121.5676286,25.1012689],[121.5676979,25.1013505],[121.5676985,25.1013512],[121.5678571,25.1013179],[121.5678598,25.1013173],[121.5679989,25.1013587],[121.5680713,25.101393],[121.5682978,25.1016856],[121.568734,25.1020296],[121.5687849,25.1021572],[121.5688128,25.1023242],[121.5688186,25.1024387],[121.5688116,25.1026136],[121.5687874,25.1027845],[121.5688095,25.1029038],[121.5689463,25.1030545],[121.5689719,25.1030826],[121.5689736,25.1030845],[121.569051,25.1033436],[121.5691875,25.1036584],[121.5693676,25.1039008],[121.5693855,25.1039881],[121.5694962,25.1042459],[121.5695034,25.1042627],[121.5695057,25.1042681],[121.5695299,25.104399],[121.5696718,25.104647],[121.5697578,25.1046818],[121.5699975,25.1048832],[121.5701962,25.1050807],[121.5704507,25.10537],[121.5706022,25.1054375],[121.5707196,25.1054721],[121.5709509,25.1055734],[121.571122,25.1056143],[121.5712579,25.105682],[121.5712729,25.1056894],[121.571274,25.1056897],[121.5713656,25.1057078],[121.5714259,25.1057198],[121.5716668,25.1058082],[121.5718365,25.1058167],[121.5721712,25.1058666],[121.5723153,25.105888],[121.5723162,25.1058883],[121.5727197,25.1060279],[121.5727217,25.1060286],[121.5727562,25.1060483],[121.5729743,25.1061725],[121.5729791,25.1061752],[121.5730487,25.1062409],[121.5730738,25.1062646],[121.5730767,25.1062674],[121.5730831,25.1063455],[121.5732034,25.1064481],[121.5733517,25.1065332],[121.5735712,25.1067035],[121.5738132,25.1067362],[121.5738151,25.1067365],[121.5738612,25.1066383],[121.5738642,25.1066318],[121.5740487,25.1065677],[121.5741122,25.1065456],[121.5742862,25.1066024],[121.5748089,25.1067347],[121.5752615,25.1068393],[121.5756365,25.1067804],[121.5757938,25.1067557],[121.5758747,25.1067364]]]}},{"type":"Feature","id":287,"properties":{"sectionCode":"0510","sectionName":"石潭段一小段","districtName":"內湖區","fullName":"內湖區石潭段一小段"},"geometry":{"type":"Polygon","coordinates":[[[121.5985346,25.0766097],[121.5987171,25.0764066],[121.5988789,25.0762908],[121.5990172,25.0761873],[121.5990673,25.076148],[121.5990988,25.0761245],[121.5991268,25.0761037],[121.5991288,25.0761022],[121.599235,25.0760799],[121.5992857,25.0760693],[121.5994206,25.0759771],[121.599493,25.0759687],[121.599493,25.0759687],[121.5995807,25.075936],[121.5996781,25.0759307],[121.5997692,25.0759503],[121.5997707,25.0759506],[121.5997822,25.0759551],[121.5998516,25.075982],[121.5998578,25.0759829],[121.5998689,25.0759845],[121.5999595,25.0759975],[121.5999989,25.0759723],[121.6000132,25.07596],[121.6000719,25.0759093],[121.6002093,25.075823],[121.6002681,25.0758035],[121.6002776,25.0758003],[121.6002831,25.0757989],[121.6003032,25.0758129],[121.6003046,25.0758139],[121.6003404,25.0758388],[121.6004404,25.0758731],[121.6005228,25.0759013],[121.600674,25.0759391],[121.6008057,25.0759716],[121.600844,25.075981],[121.6008456,25.0759814],[121.6009238,25.0760007],[121.6010536,25.075987],[121.6010539,25.075987],[121.6010802,25.0759843],[121.6011343,25.0759788],[121.6011386,25.0759779],[121.6011386,25.0759779],[121.601303,25.0759425],[121.6014984,25.0759024],[121.6015104,25.0758999],[121.6016934,25.0758632],[121.6016938,25.0758631],[121.6017041,25.0758775],[121.6017657,25.0759594],[121.6017854,25.0759864],[121.6018078,25.076017],[121.6018188,25.0760313],[121.6018372,25.0760563],[121.6018419,25.0760622],[121.6018452,25.0760665],[121.6018722,25.0760421],[121.6019322,25.0759863],[121.6021646,25.0757682],[121.602324,25.0756201],[121.6023934,25.0755557],[121.6023944,25.0755546],[121.6024121,25.0755371],[121.602415,25.0755342],[121.60257,25.0754031],[121.6025961,25.0753843],[121.6028761,25.0751826],[121.6028768,25.0751821],[121.602915,25.075155],[121.6029242,25.0751485],[121.6029335,25.0751419],[121.603178,25.0749454],[121.6032331,25.0749068],[121.6033045,25.0748592],[121.603305,25.0748589],[121.6033393,25.0748751],[121.603355,25.0748825],[121.6033552,25.0748822],[121.6033848,25.0748438],[121.6034042,25.074777],[121.6035175,25.0746996],[121.6036113,25.0746365],[121.6036365,25.0746191],[121.6038317,25.0744867],[121.6038331,25.0744858],[121.6037849,25.074487],[121.6037848,25.074487],[121.6037452,25.0744878],[121.603716,25.0744474],[121.603702,25.074428],[121.6036337,25.0743333],[121.6035036,25.0741529],[121.6034013,25.0740115],[121.6033933,25.0740003],[121.6033701,25.0739968],[121.6032804,25.0740052],[121.6031232,25.0740199],[121.6028734,25.0740432],[121.6024699,25.0740809],[121.6024236,25.0740852],[121.6023316,25.0740938],[121.6023227,25.0740946],[121.6022584,25.0741006],[121.6021325,25.0741124],[121.602087,25.0741166],[121.6019783,25.0741268],[121.6017283,25.0741149],[121.6017265,25.0741149],[121.6017127,25.0741164],[121.6016953,25.0741183],[121.6016513,25.0741232],[121.6016094,25.0741278],[121.6015893,25.0741301],[121.6015678,25.0741324],[121.6014345,25.0741472],[121.6014126,25.0741496],[121.6014081,25.0741501],[121.6013795,25.0741534],[121.6012647,25.0741662],[121.6009133,25.0742054],[121.6006699,25.0742326],[121.6006299,25.0742371],[121.6006214,25.074238],[121.600535,25.0742477],[121.6004629,25.0742558],[121.6004259,25.07426],[121.6003893,25.0742641],[121.5994266,25.0743724],[121.5993235,25.074384],[121.5992926,25.0743875],[121.5992492,25.0743835],[121.5988765,25.0743492],[121.5985791,25.0743219],[121.5984749,25.0743123],[121.5982718,25.0742936],[121.5982632,25.0742929],[121.5981087,25.0742785],[121.5978339,25.0742531],[121.5978017,25.0742501],[121.5977198,25.0742425],[121.5976817,25.074239],[121.5975163,25.0742236],[121.5966015,25.0741388],[121.5963776,25.0741181],[121.5962092,25.0741025],[121.5965056,25.0736177],[121.5965512,25.0735431],[121.5967521,25.0732146],[121.5969268,25.0732364],[121.5969439,25.0732385],[121.5974989,25.0733077],[121.5975662,25.0731493],[121.5976734,25.0728971],[121.597683,25.0728745],[121.5978852,25.0723986],[121.5978884,25.0723924],[121.5978927,25.0723868],[121.5978979,25.0723819],[121.5979039,25.0723779],[121.5979106,25.0723747],[121.5979177,25.0723725],[121.5979251,25.0723714],[121.5979326,25.0723714],[121.59794,25.0723725],[121.5979471,25.0723746],[121.5981805,25.0724639],[121.5983604,25.0725327],[121.5984128,25.0725527],[121.5984385,25.0725625],[121.5989963,25.0727764],[121.5991124,25.072821],[121.5992307,25.0728601],[121.5992512,25.0728653],[121.5992723,25.0728672],[121.5992935,25.072866],[121.5993141,25.0728617],[121.5993338,25.0728543],[121.5993518,25.072844],[121.5993677,25.0728312],[121.5993811,25.0728163],[121.5993916,25.0727995],[121.5993989,25.0727813],[121.5994029,25.0727623],[121.5994034,25.072743],[121.5993065,25.0712468],[121.5992606,25.0705362],[121.599225,25.0702869],[121.5992245,25.0702848],[121.5992235,25.0702811],[121.5991937,25.0701664],[121.5991654,25.0700903],[121.5991343,25.0700064],[121.5991183,25.0699634],[121.5990635,25.0698586],[121.5990275,25.0697899],[121.5990171,25.0697698],[121.5988914,25.0695885],[121.5988153,25.0694922],[121.5988099,25.0694864],[121.5988035,25.0694813],[121.5987963,25.0694773],[121.5987885,25.0694743],[121.5987803,25.0694725],[121.5987719,25.0694718],[121.5987635,25.0694724],[121.5987553,25.0694742],[121.5987475,25.0694771],[121.5986067,25.0695414],[121.5984909,25.0695519],[121.5984526,25.0695554],[121.5983167,25.0695677],[121.5981834,25.0695797],[121.5981016,25.0695871],[121.5980971,25.0698519],[121.5980948,25.0699878],[121.5980923,25.0701344],[121.5980881,25.0703844],[121.5980869,25.0704504],[121.5980801,25.0708529],[121.5981115,25.070887],[121.5982345,25.0710208],[121.5983591,25.0711563],[121.59816,25.0713908],[121.5981118,25.0714475],[121.5977484,25.0715746],[121.5976981,25.0715922],[121.5973844,25.0717019],[121.5969133,25.0710479],[121.5968545,25.0710559],[121.5966564,25.0710827],[121.5963816,25.07112],[121.5963618,25.0710649],[121.5958241,25.0695696],[121.5957829,25.0694549],[121.5954791,25.0686099],[121.5952997,25.0686904],[121.5952984,25.068691],[121.5950812,25.0687793],[121.5948848,25.0688451],[121.5949402,25.0690975],[121.594961,25.0691921],[121.5949985,25.0693626],[121.5950464,25.0695809],[121.595054,25.0696154],[121.595108,25.0698618],[121.5951144,25.0698911],[121.5949996,25.0699035],[121.5948622,25.0699182],[121.5942372,25.0699853],[121.5942162,25.0699876],[121.5941628,25.0699933],[121.5941626,25.070148],[121.5941624,25.0702581],[121.5941622,25.0703871],[121.5941621,25.0704121],[121.5941606,25.0707106],[121.5930032,25.070738],[121.5928873,25.0707407],[121.5928277,25.0707422],[121.5927556,25.0707439],[121.5927078,25.070745],[121.59269,25.0707455],[121.5922481,25.0707559],[121.592147,25.0707583],[121.591897,25.0707643],[121.5918832,25.0704484],[121.5913885,25.0704625],[121.5903907,25.0704909],[121.5903888,25.070491],[121.5903054,25.0706839],[121.590274,25.0707564],[121.5902661,25.0707751],[121.5901606,25.0710165],[121.5900538,25.0712608],[121.5900158,25.0713492],[121.5899576,25.0714804],[121.589917,25.0715955],[121.5898968,25.0717151],[121.5898976,25.071836],[121.5899388,25.072316],[121.5899401,25.0723305],[121.5899536,25.0724789],[121.5899688,25.0726564],[121.5899778,25.0727617],[121.5899854,25.0728526],[121.5899886,25.0728904],[121.5899973,25.0729926],[121.5900018,25.0730464],[121.5900062,25.0730977],[121.5900084,25.0731221],[121.5900127,25.07317],[121.5900155,25.0732078],[121.5900184,25.0732455],[121.5900308,25.0734037],[121.5900332,25.0734291],[121.5900358,25.0734563],[121.5900359,25.0734577],[121.5900361,25.0734611],[121.5900659,25.073815],[121.5900718,25.0738825],[121.5900726,25.0738929],[121.5900753,25.0739214],[121.5900782,25.0739516],[121.590101,25.0742238],[121.5901035,25.0742534],[121.5901343,25.0746234],[121.5901375,25.0746628],[121.5901437,25.0747395],[121.5901481,25.0747932],[121.5901539,25.0748584],[121.5901549,25.0748772],[121.5901692,25.0749655],[121.5901833,25.0750527],[121.5902805,25.0751018],[121.5904025,25.0751634],[121.5904666,25.0751717],[121.5905314,25.0751578],[121.5905486,25.0751541],[121.590796,25.0751023],[121.5908349,25.0750622],[121.5913211,25.0749028],[121.5913483,25.0748794],[121.5913496,25.0748783],[121.5914236,25.0749431],[121.5914308,25.0749494],[121.5915457,25.0750114],[121.5916646,25.0750755],[121.5917177,25.0751181],[121.5917504,25.0751444],[121.5919369,25.0751982],[121.5919698,25.0751993],[121.5919701,25.0751993],[121.5919718,25.0751994],[121.5919846,25.0752096],[121.5922051,25.0753833],[121.5922324,25.0754049],[121.5923071,25.0754119],[121.5924324,25.0754025],[121.5925525,25.0753782],[121.5925532,25.0753781],[121.592565,25.0753781],[121.5927073,25.0753785],[121.5928689,25.0753974],[121.5932456,25.0754394],[121.5933704,25.0753146],[121.5934741,25.0753145],[121.5935148,25.0753142],[121.5936041,25.0753153],[121.5936329,25.0752963],[121.5936693,25.0752807],[121.593786,25.0752461],[121.5939221,25.0752554],[121.5939726,25.0752565],[121.5940178,25.0752419],[121.5940782,25.075223],[121.594154,25.0751992],[121.594159,25.0752008],[121.5942205,25.0752259],[121.5942228,25.0752269],[121.5942523,25.0752806],[121.5942601,25.0753219],[121.5942602,25.0753226],[121.5943249,25.0753981],[121.5944616,25.0755576],[121.5945347,25.0756181],[121.5945471,25.0756262],[121.5946352,25.0756834],[121.594639,25.0756858],[121.5946792,25.0757297],[121.5946863,25.0757375],[121.5946886,25.07574],[121.5946923,25.075744],[121.5947176,25.0758426],[121.5948138,25.0760053],[121.5948412,25.0760963],[121.5948417,25.0760977],[121.5949165,25.0761021],[121.5950903,25.0760754],[121.5951577,25.0760383],[121.5952636,25.0759358],[121.5952664,25.0759331],[121.5953837,25.075859],[121.5954174,25.075851],[121.5954761,25.0758372],[121.5954799,25.0758363],[121.5956966,25.0759146],[121.595776,25.0760133],[121.5959179,25.0761526],[121.5959343,25.0761693],[121.595953,25.0761883],[121.5959538,25.0761883],[121.5960689,25.0761823],[121.5961219,25.0761795],[121.596124,25.0761786],[121.5963362,25.0760842],[121.5963924,25.0760836],[121.5965308,25.0762423],[121.5965561,25.0762713],[121.5965564,25.0762716],[121.5965642,25.0762921],[121.5966894,25.0766205],[121.5966918,25.0766204],[121.5967267,25.0766185],[121.5968574,25.076611],[121.5968792,25.0766173],[121.5969099,25.0766256],[121.5969654,25.0766421],[121.597091,25.0766793],[121.5970933,25.07668],[121.5971362,25.0767178],[121.5971659,25.0767439],[121.5971678,25.0767456],[121.5972618,25.076739],[121.5973054,25.0766938],[121.5975198,25.0765736],[121.5975781,25.0765733],[121.5975787,25.0765733],[121.5975794,25.0765733],[121.59767,25.0765368],[121.5976861,25.0765303],[121.5977414,25.0765268],[121.5978076,25.0765226],[121.5978854,25.0765365],[121.5978878,25.0765369],[121.5979281,25.0765555],[121.5980201,25.0765979],[121.5980672,25.0766196],[121.5981268,25.076647],[121.5981382,25.0766523],[121.5982857,25.0767494],[121.5982875,25.0767507],[121.5983998,25.0767094],[121.5985346,25.0766097]]]}},{"type":"Feature","id":288,"properties":{"sectionCode":"0511","sectionName":"石潭段二小段","districtName":"內湖區","fullName":"內湖區石潭段二小段"},"geometry":{"type":"Polygon","coordinates":[[[121.6030711,25.0731274],[121.6030812,25.0730111],[121.6030614,25.0730113],[121.6030677,25.072939],[121.6030767,25.0728352],[121.6030783,25.0728169],[121.6031412,25.0720972],[121.6031443,25.0720622],[121.6031474,25.0720264],[121.6031494,25.0720033],[121.6031556,25.0719962],[121.6033027,25.0718314],[121.6033042,25.0718297],[121.6033961,25.0717267],[121.6034878,25.071624],[121.6036534,25.0714384],[121.6036714,25.0714181],[121.6036755,25.0714127],[121.6036786,25.0714068],[121.6036806,25.0714005],[121.6036815,25.071394],[121.6036813,25.0713875],[121.6036799,25.0713811],[121.6036775,25.071375],[121.603674,25.0713692],[121.6033824,25.0709675],[121.6033497,25.0709224],[121.6032183,25.0707414],[121.6029704,25.0707257],[121.6028798,25.0707201],[121.6026329,25.0707046],[121.6026307,25.0707045],[121.6025531,25.0706997],[121.602432,25.0706921],[121.6024339,25.0706437],[121.6024374,25.0705574],[121.6024391,25.0705154],[121.6027262,25.0703556],[121.6027512,25.0703418],[121.6031653,25.0701111],[121.6032425,25.0700681],[121.6032436,25.0700675],[121.6033695,25.0699974],[121.6035555,25.0702626],[121.6036853,25.070447],[121.6041841,25.0711573],[121.6044056,25.0714718],[121.6044061,25.0714716],[121.6044541,25.0714421],[121.604529,25.0713966],[121.6045298,25.0713961],[121.6045825,25.071364],[121.6046309,25.0713346],[121.6046811,25.071304],[121.6046856,25.0713025],[121.6046904,25.0713017],[121.6046952,25.0713016],[121.6047,25.0713022],[121.6047047,25.0713036],[121.604709,25.0713056],[121.6047306,25.0713177],[121.6047655,25.0713372],[121.6054875,25.0717388],[121.6054931,25.0717351],[121.6057484,25.0715648],[121.6058701,25.0714836],[121.6058745,25.0714803],[121.6058746,25.0714801],[121.6058778,25.0714766],[121.6058803,25.0714725],[121.6058821,25.071468],[121.605883,25.0714634],[121.6058831,25.0714587],[121.6058824,25.071454],[121.6058808,25.0714495],[121.6058391,25.0713806],[121.6054316,25.0707057],[121.6045973,25.0693252],[121.6045973,25.0693245],[121.6046133,25.0688309],[121.6046145,25.0688276],[121.6046161,25.0688248],[121.6046162,25.0688246],[121.6046164,25.0688244],[121.6046167,25.068824],[121.6046185,25.0688218],[121.6046213,25.0688195],[121.6046244,25.0688176],[121.6046279,25.0688163],[121.6046316,25.0688154],[121.6046353,25.0688152],[121.6046391,25.0688156],[121.6046427,25.0688165],[121.6046461,25.068818],[121.6046492,25.0688199],[121.6054501,25.0696234],[121.6056192,25.069793],[121.6057658,25.0699396],[121.605911,25.0700854],[121.6060124,25.0701871],[121.6060357,25.0702105],[121.6062022,25.0703777],[121.6065906,25.0707695],[121.6066927,25.0707568],[121.6067628,25.0707479],[121.6069456,25.0707247],[121.6071517,25.0706984],[121.607254,25.0706845],[121.6073299,25.0706668],[121.6074018,25.0706383],[121.6074638,25.0706046],[121.6075202,25.0705636],[121.60757,25.070516],[121.6077336,25.0703412],[121.6077903,25.0702802],[121.6078433,25.0702237],[121.6078686,25.0701964],[121.6080819,25.0699672],[121.6081365,25.0699087],[121.6083387,25.0696932],[121.6083856,25.069643],[121.6085238,25.0694957],[121.6085257,25.0694917],[121.6085268,25.0694875],[121.6085272,25.0694832],[121.6085267,25.0694789],[121.6085253,25.0694747],[121.6085232,25.0694708],[121.6085204,25.0694673],[121.608517,25.0694643],[121.6085131,25.0694619],[121.6085087,25.0694602],[121.6085041,25.0694591],[121.6084994,25.0694588],[121.6071067,25.0694622],[121.6062791,25.0694642],[121.6055666,25.0687498],[121.6055362,25.0687217],[121.605534,25.0687187],[121.6055324,25.0687154],[121.6055314,25.0687119],[121.605531,25.0687083],[121.6055312,25.0687047],[121.6055321,25.0687012],[121.6055336,25.0686979],[121.6055349,25.0686958],[121.6055356,25.0686948],[121.6055382,25.068692],[121.6055805,25.0686481],[121.6057773,25.0684436],[121.6057806,25.0684414],[121.6057827,25.0684405],[121.6057843,25.0684398],[121.6057881,25.0684387],[121.6057922,25.0684382],[121.6057962,25.0684383],[121.6058002,25.0684391],[121.605804,25.0684404],[121.6058075,25.0684423],[121.6065729,25.0690011],[121.6066026,25.0690228],[121.606653,25.0690133],[121.6071499,25.0689191],[121.6077518,25.0688051],[121.6089282,25.0685818],[121.608933,25.0685807],[121.6089371,25.0685793],[121.6089409,25.0685772],[121.6089443,25.0685746],[121.6089458,25.0685731],[121.6089472,25.0685716],[121.6089495,25.0685681],[121.6089512,25.0685644],[121.6089521,25.0685605],[121.6089522,25.0685589],[121.6089524,25.0685564],[121.6089512,25.0685525],[121.6089126,25.0684327],[121.6087732,25.068002],[121.6087217,25.0678429],[121.6086988,25.0677719],[121.6086014,25.0674657],[121.6084804,25.0670855],[121.6084795,25.0670818],[121.6084779,25.0670783],[121.6084757,25.0670751],[121.608473,25.0670723],[121.6084722,25.0670717],[121.6084698,25.0670699],[121.6084661,25.0670681],[121.6084622,25.0670668],[121.6084581,25.0670662],[121.6084541,25.0670658],[121.6084501,25.0670661],[121.6084462,25.0670669],[121.6073649,25.0673915],[121.6072448,25.0674278],[121.6072184,25.0674358],[121.607213,25.0674361],[121.6072076,25.0674356],[121.6072024,25.0674343],[121.6071975,25.0674322],[121.6071931,25.0674293],[121.6071892,25.0674258],[121.6071861,25.0674218],[121.6071838,25.0674173],[121.6071824,25.0674125],[121.6071819,25.0674076],[121.6071823,25.0674027],[121.6071822,25.0673695],[121.6071822,25.0673688],[121.6071794,25.0666254],[121.6071787,25.0665473],[121.6071786,25.0665393],[121.6071786,25.066539],[121.6071792,25.0665352],[121.6071814,25.0665308],[121.6071845,25.0665268],[121.6071881,25.0665234],[121.6071924,25.0665205],[121.6071971,25.0665183],[121.6072022,25.0665169],[121.6072074,25.0665162],[121.6072127,25.0665163],[121.6072348,25.0665177],[121.6072935,25.0665226],[121.6078539,25.0665689],[121.6079982,25.0665563],[121.6081982,25.0665392],[121.6082078,25.0665388],[121.6083992,25.0664811],[121.6085826,25.0664244],[121.6087209,25.0657826],[121.6087393,25.0656956],[121.608568,25.0654339],[121.6085178,25.0653583],[121.6086082,25.0653766],[121.6086969,25.0653937],[121.609002,25.0655768],[121.6091842,25.0656864],[121.6093712,25.0658822],[121.6096338,25.065796],[121.6097437,25.0658193],[121.6098545,25.0658428],[121.6102876,25.0659342],[121.6103457,25.0659464],[121.6103795,25.0659538],[121.6104009,25.0659581],[121.6104289,25.0659638],[121.6104853,25.0659759],[121.6105075,25.0659817],[121.6105317,25.0659892],[121.6105817,25.0660095],[121.6106287,25.0660352],[121.6106487,25.0660488],[121.6106651,25.0660616],[121.6107028,25.0660978],[121.6107344,25.0661386],[121.6107592,25.0661831],[121.6108228,25.0663335],[121.6108263,25.0663326],[121.6108657,25.0663226],[121.6109067,25.0663114],[121.6108978,25.0662833],[121.6108948,25.0662742],[121.6108862,25.0662475],[121.6108823,25.066236],[121.6108725,25.0662032],[121.6108637,25.0661725],[121.6108564,25.0661455],[121.6108476,25.0661118],[121.6108448,25.0661006],[121.6108413,25.0660865],[121.6108371,25.0660698],[121.6108365,25.0660669],[121.6108296,25.0660377],[121.6108271,25.0660268],[121.6108262,25.0660224],[121.6108162,25.0659766],[121.6108129,25.0659612],[121.6108026,25.065912],[121.6108021,25.0659091],[121.6107994,25.0658948],[121.610799,25.0658927],[121.610792,25.0658529],[121.6107823,25.0657955],[121.610777,25.0657618],[121.6107768,25.0657605],[121.6107735,25.0657358],[121.6107625,25.0656474],[121.6107624,25.0656462],[121.6107599,25.0656229],[121.6107585,25.0656078],[121.6107542,25.0655556],[121.610703,25.0655518],[121.6106905,25.0655508],[121.6106595,25.0655485],[121.6105104,25.0655372],[121.6104488,25.0655327],[121.6104014,25.0655294],[121.6103202,25.0655232],[121.6102517,25.0655179],[121.6102402,25.0655171],[121.6102068,25.0655149],[121.6102067,25.0655148],[121.610204,25.0655147],[121.6100129,25.0654777],[121.6097285,25.0654228],[121.6095582,25.0653977],[121.6094919,25.0653875],[121.6094783,25.0653855],[121.6094019,25.0653703],[121.6093648,25.065363],[121.6092336,25.0653364],[121.6092336,25.0653364],[121.6090146,25.0653088],[121.608902,25.0652946],[121.6087433,25.0652746],[121.6084292,25.0652413],[121.6082916,25.0652272],[121.6082712,25.0652246],[121.6081976,25.065215],[121.6080268,25.0651929],[121.6077593,25.0651568],[121.6077193,25.0651687],[121.6072366,25.0653125],[121.6072115,25.0653025],[121.6067669,25.0651113],[121.6065985,25.0651241],[121.6064471,25.0651355],[121.6062565,25.0651499],[121.6062563,25.0651499],[121.6059411,25.0650866],[121.605863,25.0650707],[121.6056047,25.0650183],[121.6054947,25.0649964],[121.6054095,25.0649785],[121.6052896,25.064954],[121.6047702,25.0652765],[121.6047339,25.065299],[121.6046958,25.0652829],[121.6042653,25.0651033],[121.6041732,25.0650419],[121.6038084,25.0647986],[121.6038067,25.0647974],[121.6037853,25.0647868],[121.6036226,25.0647056],[121.6033686,25.0645789],[121.6033468,25.0645682],[121.6033457,25.0645676],[121.6030904,25.0645903],[121.6030397,25.0645949],[121.6028395,25.0646131],[121.6023993,25.0645936],[121.6022608,25.0649801],[121.602255,25.065522],[121.6024774,25.0655734],[121.602484,25.0655778],[121.6025247,25.0656041],[121.6025468,25.0656006],[121.6026628,25.0657702],[121.6027132,25.0658963],[121.6027853,25.0660271],[121.6029578,25.0662598],[121.6030135,25.0663216],[121.6030592,25.0663368],[121.6031429,25.066364],[121.6032228,25.0664482],[121.6033231,25.066502],[121.6033625,25.0665231],[121.6033962,25.0665412],[121.6034427,25.0666259],[121.6034464,25.0666319],[121.6035548,25.0669286],[121.6035937,25.0670199],[121.6036001,25.0670656],[121.6036104,25.0671418],[121.6036175,25.0671963],[121.6036549,25.0672209],[121.6037873,25.067462],[121.6038471,25.067569],[121.6038873,25.0676406],[121.6038322,25.0677187],[121.6037856,25.0677846],[121.6037487,25.0677988],[121.6036872,25.067877],[121.6036507,25.0679366],[121.6036515,25.068158],[121.6036308,25.0682506],[121.6035681,25.0685299],[121.6034889,25.0687785],[121.6032076,25.0687755],[121.6030621,25.0688152],[121.6030276,25.0688443],[121.6029107,25.0689404],[121.6024808,25.0684327],[121.6021612,25.0687206],[121.6021616,25.06874],[121.6021672,25.0689827],[121.6021063,25.0690648],[121.601998,25.0690846],[121.601977,25.0690884],[121.6019383,25.0690688],[121.6018286,25.0690133],[121.6017443,25.069045],[121.6017001,25.0690616],[121.6015829,25.0691057],[121.6015194,25.0692044],[121.6014722,25.0692777],[121.601445,25.0693966],[121.6014391,25.0694219],[121.6014281,25.0694702],[121.6014225,25.0694754],[121.601402,25.0694951],[121.6013915,25.0695051],[121.6013709,25.0695247],[121.6013635,25.0695318],[121.6012818,25.0696098],[121.6012661,25.0696186],[121.6012465,25.0696275],[121.6012319,25.0696342],[121.601227,25.0696364],[121.6011924,25.0696475],[121.6011865,25.0696494],[121.6011857,25.0696496],[121.601143,25.069658],[121.6011396,25.0696582],[121.6011073,25.0696603],[121.6010886,25.0696615],[121.6010863,25.0696613],[121.6010507,25.0696585],[121.6010343,25.0696572],[121.6010332,25.0696569],[121.6009814,25.0696452],[121.6010184,25.0695623],[121.6010373,25.0695199],[121.6011747,25.0692143],[121.6011938,25.0691717],[121.6011994,25.0691594],[121.6012261,25.0690999],[121.6012387,25.0690719],[121.6012652,25.0690129],[121.6012969,25.0689425],[121.6013229,25.0688847],[121.6013534,25.068817],[121.6013988,25.0687158],[121.6011774,25.0685574],[121.6010083,25.0684364],[121.6009508,25.0683953],[121.6008961,25.0683562],[121.6008402,25.0683163],[121.6007701,25.0682661],[121.6007684,25.0682632],[121.6007516,25.0682338],[121.6007207,25.06818],[121.6006952,25.0681355],[121.6006331,25.0680273],[121.6005739,25.0679244],[121.6005534,25.0679061],[121.6004482,25.0678124],[121.6004347,25.0678003],[121.6003135,25.0676924],[121.6002663,25.0676504],[121.6001999,25.0675913],[121.6001868,25.0675796],[121.6001642,25.0675771],[121.6000992,25.0675694],[121.600028,25.067561],[121.6000244,25.0675606],[121.5999301,25.0675495],[121.5998242,25.067537],[121.5997851,25.0675324],[121.5997152,25.0675242],[121.5996986,25.0675496],[121.5994714,25.0678977],[121.5994709,25.0678984],[121.5994425,25.067942],[121.5992955,25.0679426],[121.599206,25.067943],[121.5990869,25.0679436],[121.599084,25.0679436],[121.5990828,25.067942],[121.5990133,25.0678435],[121.5989416,25.0677419],[121.5988134,25.0675604],[121.5988112,25.0674591],[121.5988111,25.0674525],[121.5988088,25.0673473],[121.598804,25.0671238],[121.5987384,25.0671531],[121.5986167,25.0672074],[121.5983667,25.067319],[121.5983418,25.0673302],[121.5980933,25.0674411],[121.5980846,25.067445],[121.5981826,25.0676119],[121.598196,25.0676348],[121.5982918,25.067798],[121.598183,25.0678773],[121.5979771,25.0680276],[121.5984387,25.0687323],[121.5984574,25.0687608],[121.5985551,25.068885],[121.5988611,25.0690313],[121.5989191,25.069066],[121.5990349,25.0691352],[121.5994522,25.0693846],[121.5994706,25.0693956],[121.5994777,25.0694258],[121.5995114,25.0695701],[121.5996,25.0699491],[121.5996019,25.0699574],[121.5996421,25.0701294],[121.5996423,25.0701304],[121.5996674,25.0702378],[121.5996679,25.0702399],[121.5996965,25.0703623],[121.5997549,25.0706119],[121.5997748,25.0706968],[121.5996007,25.0706408],[121.5994794,25.0706018],[121.5995292,25.070712],[121.5997777,25.0712619],[121.5997681,25.0713495],[121.5996442,25.0724755],[121.5996553,25.0725472],[121.5996563,25.0725501],[121.5996644,25.072574],[121.5996788,25.0726163],[121.5996818,25.0726218],[121.5996964,25.0726486],[121.5997141,25.0726811],[121.59972,25.0726886],[121.5997403,25.0727145],[121.5997603,25.0727399],[121.5997715,25.0727506],[121.5997865,25.0727648],[121.5998027,25.0727803],[121.5998289,25.0727994],[121.5998479,25.0728133],[121.5998558,25.0728192],[121.5999143,25.072851],[121.6001986,25.0727992],[121.6006701,25.0727133],[121.600677,25.0726434],[121.6007149,25.0722625],[121.6007787,25.0716208],[121.6008159,25.0715965],[121.6008389,25.0715815],[121.600881,25.071554],[121.6009417,25.0715144],[121.6009643,25.0714996],[121.6010569,25.0714392],[121.6013677,25.0716001],[121.601437,25.071636],[121.6014893,25.0716631],[121.6015213,25.0717462],[121.6015437,25.0718046],[121.6017608,25.0723696],[121.6018197,25.0725228],[121.6018228,25.0725305],[121.6018364,25.0725646],[121.6018468,25.0725909],[121.601846,25.0725975],[121.6017695,25.0731837],[121.6017676,25.0731985],[121.6017615,25.073245],[121.601761,25.0732491],[121.601947,25.0732751],[121.6019663,25.0732776],[121.6020998,25.0732951],[121.6022847,25.0733194],[121.6024492,25.0733409],[121.6029971,25.0734135],[121.6030046,25.0734139],[121.6030048,25.073414],[121.6030074,25.0734137],[121.603012,25.0734132],[121.6030124,25.0734132],[121.6030147,25.0734126],[121.6030192,25.0734114],[121.6030198,25.0734113],[121.6030221,25.0734103],[121.603026,25.0734086],[121.6030268,25.0734083],[121.6030296,25.0734065],[121.6030317,25.0734052],[121.6030322,25.0734049],[121.6030347,25.0734028],[121.6030371,25.0734008],[121.6030374,25.0734005],[121.6030395,25.0733981],[121.6030416,25.0733957],[121.6030417,25.0733955],[121.6030435,25.0733927],[121.6030451,25.0733901],[121.6030452,25.0733899],[121.6030466,25.0733866],[121.6030477,25.0733839],[121.6030492,25.0733777],[121.6030702,25.073137],[121.6030711,25.0731274]]]}},{"type":"Feature","id":289,"properties":{"sectionCode":"0512","sectionName":"石潭段三小段","districtName":"內湖區","fullName":"內湖區石潭段三小段"},"geometry":{"type":"Polygon","coordinates":[[[121.5912628,25.0699221],[121.5913945,25.069872],[121.5914138,25.0698618],[121.5914581,25.0698385],[121.5915181,25.0698069],[121.5915239,25.0698033],[121.5915568,25.06978],[121.5916034,25.069747],[121.5916394,25.0697215],[121.5916872,25.0696772],[121.5917256,25.0696417],[121.591742,25.0696266],[121.591784,25.0695741],[121.5918362,25.0695089],[121.5918479,25.0694943],[121.5918805,25.0694355],[121.5919203,25.0693637],[121.591929,25.0693482],[121.5919584,25.0692653],[121.5919759,25.0692163],[121.591979,25.0692075],[121.5920059,25.0690617],[121.59201,25.068926],[121.5919939,25.0687911],[121.5919584,25.0686594],[121.5919037,25.0685333],[121.5918629,25.0684625],[121.5917991,25.0683729],[121.5917844,25.0681905],[121.5917727,25.0680465],[121.5917714,25.0680303],[121.5917693,25.0680043],[121.5917705,25.0679951],[121.591782,25.0679129],[121.5917788,25.067878],[121.5917712,25.0677783],[121.5917702,25.0677669],[121.5917688,25.0677498],[121.5917552,25.0675805],[121.5917539,25.067573],[121.5917511,25.0675658],[121.5917471,25.0675592],[121.5917418,25.0675533],[121.5917355,25.0675483],[121.5917284,25.0675443],[121.5917206,25.0675416],[121.5917124,25.0675402],[121.591704,25.06754],[121.5913588,25.067561],[121.5913444,25.0674533],[121.5913385,25.067409],[121.5913241,25.0673015],[121.5912796,25.0669699],[121.5912715,25.0669096],[121.591264,25.066854],[121.5913945,25.0668051],[121.592031,25.0665661],[121.5925353,25.066377],[121.5926109,25.0663487],[121.5927356,25.066302],[121.5927958,25.0662794],[121.592816,25.0662719],[121.5928649,25.0662536],[121.5929257,25.0662308],[121.5930176,25.0661963],[121.5933295,25.0660795],[121.5934174,25.0660466],[121.5934761,25.0660246],[121.5935704,25.0659893],[121.5937174,25.0659342],[121.5937481,25.0659227],[121.5938151,25.0658976],[121.5941717,25.0657641],[121.5942226,25.065745],[121.5943013,25.0657155],[121.5943893,25.0656827],[121.5945434,25.0656252],[121.5945941,25.0656062],[121.5946095,25.0656005],[121.5946293,25.0655931],[121.5947728,25.0655395],[121.594805,25.0655275],[121.5948188,25.0655224],[121.5948884,25.0654964],[121.5948975,25.065493],[121.5949894,25.0654587],[121.595027,25.0654447],[121.5955588,25.0652462],[121.59559,25.0652345],[121.5955989,25.0652311],[121.5957079,25.0651893],[121.5957896,25.0651579],[121.5974721,25.0657562],[121.5974894,25.0657623],[121.5976839,25.0658315],[121.5976855,25.065832],[121.5976876,25.0658328],[121.5977174,25.0658434],[121.597732,25.0658486],[121.5977487,25.0658545],[121.5981694,25.0660033],[121.5982091,25.0660174],[121.5982488,25.0660315],[121.5986007,25.0661563],[121.5986105,25.0661598],[121.5992844,25.0663988],[121.5993091,25.0664075],[121.5993923,25.066437],[121.5995674,25.0664992],[121.5997616,25.0664376],[121.5999058,25.066392],[121.6001642,25.0663103],[121.6001783,25.0663059],[121.6005513,25.066188],[121.6007366,25.0661295],[121.6008422,25.0661567],[121.601018,25.0662021],[121.6010287,25.0662049],[121.6010764,25.0662172],[121.6011345,25.0662322],[121.6012074,25.066251],[121.6012201,25.0662542],[121.6012114,25.0662864],[121.6012058,25.0663069],[121.6012015,25.0663228],[121.6011899,25.0663656],[121.6011814,25.066397],[121.6011625,25.0664665],[121.6011342,25.0665709],[121.6011219,25.0666162],[121.6011117,25.0666538],[121.6010989,25.066701],[121.6010826,25.0667608],[121.6010151,25.0670098],[121.6010093,25.067031],[121.601164,25.0671369],[121.6011688,25.0671402],[121.6012151,25.0671762],[121.6012358,25.0671929],[121.6012985,25.0672464],[121.6014378,25.0671675],[121.601499,25.0671329],[121.6015237,25.0671189],[121.6015576,25.0670997],[121.6015798,25.0670871],[121.6016015,25.0670748],[121.6016383,25.0670539],[121.6017099,25.0670134],[121.6017448,25.0669936],[121.6018455,25.0669359],[121.6018868,25.0669133],[121.6019586,25.0668731],[121.6020015,25.0668483],[121.6021174,25.0667832],[121.6021736,25.0667508],[121.6022007,25.0667773],[121.6022161,25.0667923],[121.6022929,25.0668672],[121.6023749,25.0669471],[121.6024472,25.0670176],[121.6025535,25.0671212],[121.6027558,25.0673185],[121.6027741,25.0674976],[121.6027787,25.067543],[121.6027833,25.0675883],[121.6027872,25.0676261],[121.6027914,25.0676667],[121.6028057,25.0678065],[121.602835,25.0680938],[121.602837,25.0681136],[121.6028095,25.0681383],[121.6027241,25.0682148],[121.6026457,25.068285],[121.602594,25.0683313],[121.6025777,25.0683459],[121.6024808,25.0684327],[121.6029107,25.0689404],[121.6030276,25.0688443],[121.6030621,25.0688152],[121.6032076,25.0687755],[121.6034889,25.0687785],[121.6035681,25.0685299],[121.6036308,25.0682506],[121.6036515,25.068158],[121.6036507,25.0679366],[121.6036872,25.067877],[121.6037487,25.0677988],[121.6037856,25.0677846],[121.6038322,25.0677187],[121.6038873,25.0676406],[121.6038471,25.067569],[121.6037873,25.067462],[121.6036549,25.0672209],[121.6036175,25.0671963],[121.6036104,25.0671418],[121.6036001,25.0670656],[121.6035937,25.0670199],[121.6035548,25.0669286],[121.6034464,25.0666319],[121.6034427,25.0666259],[121.6033962,25.0665412],[121.6033625,25.0665231],[121.6033231,25.066502],[121.6032228,25.0664482],[121.6031429,25.066364],[121.6030592,25.0663368],[121.6030135,25.0663216],[121.6029578,25.0662598],[121.6027853,25.0660271],[121.6027132,25.0658963],[121.6026628,25.0657702],[121.6025468,25.0656006],[121.6025247,25.0656041],[121.602484,25.0655778],[121.6024774,25.0655734],[121.602255,25.065522],[121.6022608,25.0649801],[121.6023993,25.0645936],[121.6023443,25.0645916],[121.6023417,25.0645908],[121.6023148,25.0645832],[121.6019632,25.0644827],[121.6018815,25.0644595],[121.6018613,25.0644537],[121.6018306,25.06447],[121.6017523,25.0645102],[121.6013224,25.0647307],[121.6013211,25.0647295],[121.6010656,25.064497],[121.6009937,25.0644315],[121.6009383,25.0643802],[121.600925,25.0643679],[121.6008827,25.0643287],[121.6008821,25.0643285],[121.6007471,25.0642882],[121.6007386,25.0642857],[121.6007049,25.0642754],[121.6007045,25.0642752],[121.6007041,25.0642994],[121.6007038,25.0643264],[121.6007038,25.0643376],[121.6003916,25.0642384],[121.6003916,25.0642383],[121.600391,25.0642382],[121.6003628,25.0642336],[121.5999097,25.0641598],[121.5994209,25.0641298],[121.5988011,25.064126],[121.5987173,25.0641262],[121.5984996,25.0641572],[121.5984898,25.0641586],[121.5984685,25.0641618],[121.5980582,25.0642229],[121.5980272,25.0641812],[121.598027,25.0641809],[121.5979925,25.0642099],[121.5979562,25.0642403],[121.5977439,25.0642594],[121.5976273,25.0642462],[121.5976067,25.0643013],[121.5976,25.0643194],[121.5975984,25.0643241],[121.5975605,25.064441],[121.5975547,25.0644655],[121.5976606,25.0644585],[121.5976614,25.0644842],[121.5976614,25.0644843],[121.597667,25.0646626],[121.5976693,25.0647468],[121.5976699,25.0647683],[121.5976741,25.0649223],[121.597679,25.0650635],[121.5976819,25.0651542],[121.5976852,25.0652537],[121.5976892,25.065372],[121.5976899,25.0653938],[121.5976916,25.0654486],[121.5976947,25.0655444],[121.5976941,25.0655442],[121.5976281,25.0655207],[121.597554,25.0654944],[121.5975059,25.0654773],[121.5973997,25.0654393],[121.5965951,25.065152],[121.5960495,25.0649592],[121.5959598,25.0649274],[121.5959334,25.064918],[121.5959084,25.0649099],[121.5958818,25.0649014],[121.5958693,25.0648993],[121.5958518,25.0648964],[121.595828,25.0648924],[121.5958152,25.0648922],[121.595791,25.0648917],[121.5957733,25.0648914],[121.5957625,25.0648906],[121.5957517,25.0648915],[121.5957411,25.0648939],[121.5957312,25.0648978],[121.5957256,25.0649011],[121.5957244,25.0649019],[121.5957221,25.0649032],[121.5957199,25.0649053],[121.5957151,25.0649098],[121.5957108,25.0649138],[121.5957091,25.0649176],[121.5957058,25.064925],[121.5957029,25.0649352],[121.5957024,25.0649368],[121.5957022,25.0649212],[121.5957016,25.064897],[121.5957015,25.064897],[121.5956938,25.0649001],[121.5956509,25.0649173],[121.595643,25.0649204],[121.5955864,25.0649423],[121.5955835,25.0649434],[121.5955832,25.0649435],[121.5955841,25.0649993],[121.5955842,25.0650042],[121.5955825,25.0649971],[121.5955796,25.0649903],[121.5955756,25.0649841],[121.5955704,25.0649786],[121.5955644,25.0649739],[121.5955575,25.0649702],[121.5955501,25.0649676],[121.5955423,25.0649661],[121.5955344,25.0649658],[121.5955265,25.0649668],[121.5955189,25.0649689],[121.5951,25.0651239],[121.5950994,25.0651242],[121.5950032,25.0651598],[121.5949822,25.0651678],[121.5948096,25.0652322],[121.5948017,25.0652352],[121.5944125,25.0653813],[121.5942962,25.0654246],[121.5942945,25.0654252],[121.5942465,25.065443],[121.5941994,25.0654605],[121.5941993,25.0654606],[121.5941427,25.0653614],[121.5941402,25.0653569],[121.5939359,25.0650945],[121.5939099,25.0650612],[121.5938894,25.0650349],[121.5935523,25.0646019],[121.5935402,25.0645865],[121.5935171,25.0645798],[121.5934621,25.064564],[121.5934036,25.0645474],[121.5932042,25.06449],[121.5931192,25.0644655],[121.5930942,25.064475],[121.5928753,25.0645602],[121.592764,25.0646042],[121.5926649,25.0646432],[121.592558,25.0646773],[121.5925013,25.0646954],[121.5924634,25.0647066],[121.5924419,25.0647138],[121.5922064,25.0647877],[121.5921878,25.0647985],[121.5920227,25.0648916],[121.5919857,25.0649124],[121.5919508,25.0649322],[121.5918508,25.0649886],[121.5918479,25.0649902],[121.5918363,25.0649966],[121.5918033,25.0650154],[121.5917883,25.0650239],[121.5917802,25.0650288],[121.5916423,25.0650913],[121.5915391,25.0651382],[121.5914006,25.065201],[121.5913695,25.065215],[121.5913346,25.0652306],[121.5913344,25.0652307],[121.5913325,25.0652315],[121.5913263,25.065234],[121.5911607,25.0653004],[121.5911605,25.0653006],[121.5911405,25.0653256],[121.5910715,25.0654117],[121.5910208,25.0654755],[121.5909126,25.0656136],[121.5908469,25.0656968],[121.5907933,25.0659158],[121.5907927,25.0659181],[121.5907875,25.0659399],[121.5907868,25.0659432],[121.5907815,25.0659609],[121.5907723,25.0660004],[121.5907638,25.0660337],[121.5907634,25.0660357],[121.5907631,25.0660368],[121.5906718,25.0660413],[121.5906703,25.0660414],[121.5906715,25.0660651],[121.5906737,25.0661036],[121.590677,25.0661416],[121.59068,25.0661794],[121.5906836,25.0662172],[121.5906874,25.0662542],[121.5906932,25.0663039],[121.5906981,25.0663441],[121.5907063,25.0664052],[121.590732,25.066599],[121.5907391,25.0666543],[121.590745,25.0666974],[121.5907528,25.0667527],[121.5907702,25.0668799],[121.5907811,25.0669592],[121.590791,25.0670309],[121.5907983,25.0670871],[121.5908225,25.0672694],[121.5908269,25.0673025],[121.590842,25.0674136],[121.5908494,25.0674687],[121.5908511,25.0674839],[121.5908565,25.0675251],[121.5908637,25.0675771],[121.5908655,25.0675924],[121.5908706,25.0676307],[121.5908781,25.0676866],[121.5908927,25.0677958],[121.5908986,25.0678399],[121.5909052,25.0678898],[121.5909164,25.0679734],[121.5909187,25.0679905],[121.5909205,25.0680042],[121.5909226,25.0680161],[121.5909241,25.0680273],[121.5909289,25.0680629],[121.5909364,25.0681228],[121.5909741,25.0683999],[121.5909783,25.0684308],[121.5910157,25.0687295],[121.5910264,25.068815],[121.5909989,25.0690866],[121.5908668,25.0693934],[121.5908082,25.0695294],[121.5907972,25.0695546],[121.5907929,25.0695644],[121.5907858,25.0695806],[121.5906305,25.0699361],[121.5906092,25.0699823],[121.590614,25.0699822],[121.5906454,25.0699815],[121.5910041,25.0699729],[121.5911204,25.0699576],[121.5911282,25.0699557],[121.5911681,25.0699463],[121.5912341,25.0699308],[121.5912628,25.0699221]],[[121.5914406,25.0697957],[121.5915437,25.0697322],[121.5914953,25.0697663],[121.5914895,25.0697699],[121.5914406,25.0697957]],[[121.5912501,25.0698784],[121.5913998,25.0698172],[121.5913735,25.0698311],[121.5912501,25.0698784]],[[121.5915822,25.0697049],[121.5917008,25.0696006],[121.591604,25.0696896],[121.5915822,25.0697049]]]}},{"type":"Feature","id":290,"properties":{"sectionCode":"0513","sectionName":"大佳段一小段","districtName":"中山區","fullName":"中山區大佳段一小段"},"geometry":{"type":"Polygon","coordinates":[[[121.5340113,25.0759745],[121.5342218,25.0759328],[121.5342408,25.0759345],[121.5343715,25.0759424],[121.5344137,25.0759392],[121.5344173,25.075939],[121.5345632,25.0759329],[121.5347123,25.0759266],[121.5347816,25.0759236],[121.5348023,25.0759227],[121.5351738,25.0758945],[121.5355395,25.0758523],[121.53568,25.0758358],[121.5357021,25.075833],[121.5358189,25.0758212],[121.5358919,25.0758168],[121.5360893,25.0758033],[121.5366825,25.0757632],[121.5368521,25.0757514],[121.5368839,25.0757495],[121.5369202,25.0757468],[121.5370548,25.0757378],[121.5371487,25.0757317],[121.5372964,25.0757249],[121.5376426,25.0757085],[121.5378023,25.0757005],[121.5378387,25.0756987],[121.538016,25.075688],[121.5380692,25.0756849],[121.5381802,25.0756787],[121.538431,25.075638],[121.5384179,25.0755244],[121.5384596,25.075532],[121.5385294,25.0755595],[121.5385145,25.0756464],[121.5385488,25.0756707],[121.5387297,25.0756663],[121.5388416,25.0756317],[121.539101,25.075609],[121.5391823,25.0756018],[121.5393771,25.0756177],[121.5394347,25.0756219],[121.5394456,25.0756271],[121.5395132,25.0756631],[121.5395546,25.075667],[121.5396326,25.075658],[121.539656,25.0756547],[121.5396654,25.0756533],[121.5396875,25.0756512],[121.5398257,25.0756367],[121.5398451,25.0756346],[121.5400005,25.0756175],[121.5400044,25.0756172],[121.5400612,25.0756155],[121.5400739,25.0756149],[121.540083,25.0756145],[121.5402422,25.075614],[121.5402507,25.0756141],[121.5403426,25.0756134],[121.5403881,25.0756133],[121.5404082,25.0756131],[121.5405084,25.0756142],[121.5405577,25.075615],[121.5406237,25.0756159],[121.5406678,25.0756153],[121.5407598,25.0756132],[121.540764,25.0756133],[121.5408155,25.0756114],[121.5408868,25.0756082],[121.5409567,25.0756049],[121.5410094,25.0756022],[121.5410675,25.075599],[121.5412658,25.07559],[121.5413688,25.0755853],[121.5413917,25.0755844],[121.5414199,25.0755833],[121.5414453,25.0755821],[121.5415387,25.0755605],[121.5416011,25.0755447],[121.5416866,25.0755249],[121.5417622,25.0755211],[121.5418651,25.0755159],[121.541941,25.0755159],[121.5422399,25.0755149],[121.5423911,25.0755417],[121.5424397,25.0755327],[121.5424398,25.0755812],[121.5425426,25.0755766],[121.5426013,25.0755755],[121.5427087,25.0755738],[121.5428572,25.07554],[121.5428901,25.0755322],[121.5429282,25.0755281],[121.5430676,25.0755199],[121.5430715,25.0755218],[121.5431179,25.0755476],[121.5431446,25.075561],[121.543215,25.0755498],[121.5432537,25.0755506],[121.5433632,25.0755444],[121.543404,25.0755413],[121.5435935,25.0755354],[121.543624,25.0755345],[121.5436946,25.0755358],[121.5437755,25.0755209],[121.543881,25.0755461],[121.5439955,25.0755719],[121.5439954,25.0755708],[121.5442266,25.0755459],[121.5442601,25.075526],[121.544298,25.0755226],[121.5443052,25.0754986],[121.54436,25.0754974],[121.5444618,25.0754958],[121.5446201,25.0754907],[121.544676,25.0754891],[121.5446835,25.0754889],[121.5448389,25.0755231],[121.5449479,25.0755202],[121.5452959,25.0755229],[121.5453913,25.0755245],[121.5455171,25.0755206],[121.5456551,25.0755186],[121.5457383,25.0755191],[121.5458993,25.0755209],[121.5460128,25.0755248],[121.5462586,25.075527],[121.5463172,25.0755269],[121.5466881,25.0755227],[121.5467652,25.0755219],[121.5469161,25.075521],[121.5471419,25.0755199],[121.5471457,25.0755193],[121.5472613,25.0755085],[121.5472755,25.075496],[121.5473847,25.075529],[121.5474117,25.075532],[121.5479209,25.0755033],[121.5483736,25.0754928],[121.5485817,25.0755144],[121.5486935,25.0754886],[121.548959,25.0755167],[121.5491349,25.0755501],[121.5492196,25.0755487],[121.5492951,25.0755647],[121.5493443,25.0755499],[121.5494331,25.0755501],[121.5495736,25.0755215],[121.5496424,25.0755264],[121.5496942,25.0755201],[121.5497011,25.0754927],[121.5497431,25.0754953],[121.5498088,25.0754824],[121.5498626,25.0754925],[121.549921,25.0754793],[121.5499563,25.075478],[121.549984,25.0755129],[121.550101,25.0755233],[121.5501187,25.0755126],[121.5503041,25.0754909],[121.5503064,25.0755266],[121.5507749,25.0755284],[121.5507773,25.0754857],[121.5509708,25.0754677],[121.5509851,25.075502],[121.5510966,25.075492],[121.5512442,25.0754714],[121.55125,25.075429],[121.5513661,25.0754295],[121.5515864,25.075436],[121.5516794,25.0754224],[121.5517573,25.0754236],[121.5518685,25.0754221],[121.5519743,25.075418],[121.5520432,25.0753977],[121.5522528,25.0754168],[121.5522526,25.0754186],[121.5522594,25.0755151],[121.5523966,25.0755225],[121.5523868,25.0733371],[121.5521644,25.0731479],[121.5517828,25.0728284],[121.5516996,25.0727594],[121.5516766,25.0727592],[121.5516665,25.0727591],[121.5515129,25.072758],[121.551452,25.0727575],[121.5512802,25.0727627],[121.5512795,25.0727627],[121.5511342,25.0727667],[121.5510559,25.0727688],[121.5509728,25.0727711],[121.5508889,25.0727734],[121.550803,25.0727757],[121.550668,25.0727795],[121.5505824,25.0727818],[121.5504758,25.0727848],[121.5504752,25.0727848],[121.5503103,25.0727895],[121.5502752,25.0727905],[121.550185,25.072793],[121.5501052,25.0727953],[121.5501042,25.0727953],[121.5499998,25.0728],[121.549907,25.0728042],[121.5499062,25.0728042],[121.5498795,25.0728059],[121.5497477,25.072814],[121.5497332,25.0728149],[121.5497035,25.0728167],[121.5496135,25.0728222],[121.5496087,25.0728225],[121.549579,25.072823],[121.549564,25.0728232],[121.54947,25.0728248],[121.5492063,25.0728286],[121.5492007,25.0728287],[121.5491152,25.0728316],[121.5490907,25.0728325],[121.5490859,25.0728327],[121.5489665,25.0728371],[121.5486428,25.072849],[121.5486197,25.0728498],[121.5480639,25.0728706],[121.5479238,25.0728758],[121.5475599,25.0728895],[121.5474811,25.0728924],[121.5471332,25.0729026],[121.5469099,25.0729116],[121.5467996,25.072916],[121.5467166,25.0729193],[121.5466357,25.0729226],[121.5462366,25.0729375],[121.5461481,25.0729408],[121.5460074,25.0729459],[121.5457746,25.0729543],[121.5456755,25.072958],[121.545506,25.0729668],[121.5454774,25.0729678],[121.5452892,25.0729742],[121.5451512,25.072979],[121.5450931,25.0729812],[121.5450658,25.0729822],[121.5448983,25.0729883],[121.5447614,25.0729934],[121.5445189,25.0730023],[121.5445105,25.0730026],[121.5445119,25.0731425],[121.5444324,25.0730929],[121.5443622,25.0731777],[121.5443137,25.0731781],[121.5441781,25.0731795],[121.5441244,25.0731801],[121.5441234,25.0731175],[121.5441224,25.0730172],[121.5436536,25.073025],[121.5435238,25.0730271],[121.5434855,25.0730279],[121.5433926,25.0730299],[121.5431713,25.0730346],[121.54308,25.0730366],[121.5429807,25.0730387],[121.5429009,25.0730404],[121.5428111,25.0730424],[121.5427888,25.0730427],[121.5426946,25.0730443],[121.542608,25.0730458],[121.5424093,25.0730476],[121.5421662,25.0730497],[121.5420489,25.0730507],[121.5422245,25.0728523],[121.5422653,25.0726545],[121.5422655,25.0726538],[121.5422672,25.0726463],[121.5420036,25.0726536],[121.5420029,25.0726572],[121.5419755,25.0727982],[121.5418717,25.072869],[121.5417871,25.0729085],[121.541749,25.0729263],[121.5416818,25.0729564],[121.5416255,25.0729681],[121.5415411,25.0729858],[121.5414771,25.0729957],[121.5414579,25.0729987],[121.5414094,25.0730061],[121.5413311,25.0730123],[121.5412253,25.0730208],[121.5411963,25.0730231],[121.5410862,25.0730296],[121.5410645,25.0730308],[121.5408666,25.0730298],[121.540724,25.0730291],[121.5405956,25.0730284],[121.5405026,25.0730279],[121.5404084,25.0730275],[121.5404052,25.0730274],[121.5403192,25.073027],[121.5402357,25.0730265],[121.5401545,25.0730261],[121.5401474,25.0730261],[121.5399323,25.073028],[121.5398324,25.0730249],[121.5396345,25.0730137],[121.5395587,25.0730093],[121.5394222,25.0730013],[121.5393294,25.0729959],[121.5392467,25.072991],[121.5392394,25.0729906],[121.5391419,25.0729807],[121.5390615,25.0729726],[121.5389823,25.0729647],[121.5388992,25.0729564],[121.5388176,25.0729482],[121.5387378,25.0729401],[121.5387376,25.0729401],[121.5385686,25.0729189],[121.5384093,25.072899],[121.5381155,25.0728622],[121.5375751,25.0727944],[121.5372339,25.0727541],[121.5372339,25.0727415],[121.5370733,25.0727456],[121.5367168,25.0727367],[121.5358148,25.0726296],[121.5358365,25.0725903],[121.5359278,25.0724251],[121.5358399,25.0724072],[121.5357772,25.0723908],[121.5355127,25.0723219],[121.53543,25.0723008],[121.5353591,25.0722823],[121.5351471,25.0721987],[121.5350682,25.0721676],[121.5349842,25.0721344],[121.5348309,25.0720455],[121.5348199,25.0720393],[121.5347016,25.0719709],[121.5344177,25.0717845],[121.534222,25.0715897],[121.5341413,25.0714945],[121.5341064,25.0714537],[121.533986,25.0713114],[121.5339707,25.0712841],[121.53389,25.0711424],[121.533772,25.0709366],[121.5337568,25.07089],[121.5337317,25.0708129],[121.5337151,25.0707623],[121.5336253,25.0704875],[121.5336147,25.0703134],[121.533548,25.0703153],[121.5335473,25.0703153],[121.5335473,25.0703174],[121.5335553,25.0707621],[121.5335655,25.0713259],[121.5335696,25.0715529],[121.5335769,25.0719556],[121.5335785,25.0720422],[121.5335711,25.0720704],[121.5335655,25.0722395],[121.5335685,25.0723924],[121.5335686,25.0723942],[121.5335952,25.0737605],[121.5335952,25.0737612],[121.5335997,25.0740412],[121.5335998,25.0740494],[121.5335989,25.0741662],[121.5335989,25.0741673],[121.5335991,25.074189],[121.533603,25.0746862],[121.5336032,25.0747097],[121.5336033,25.0747122],[121.5336043,25.0747325],[121.5336093,25.074813],[121.5336212,25.0749818],[121.533623,25.075047],[121.5336231,25.0750499],[121.5336261,25.0751005],[121.5336281,25.075135],[121.5336305,25.0751782],[121.533643,25.0754018],[121.533649,25.0755163],[121.5336594,25.0756985],[121.5336699,25.0758838],[121.5336747,25.0759669],[121.533683,25.075966],[121.533739,25.0759594],[121.5338771,25.075957],[121.5339205,25.0759563],[121.5340113,25.0759745]]]}},{"type":"Feature","id":291,"properties":{"sectionCode":"0513","sectionName":"大佳段一小段","districtName":"中山區","fullName":"中山區大佳段一小段"},"geometry":{"type":"Polygon","coordinates":[[[121.5376378,25.0760177],[121.5376286,25.0758808],[121.5374585,25.0758889],[121.537452,25.0757986],[121.5371917,25.0757973],[121.5371926,25.075813],[121.5371055,25.0758169],[121.53711,25.0759043],[121.5369879,25.0759094],[121.536996,25.0760467],[121.5376378,25.0760177]]]}},{"type":"Feature","id":292,"properties":{"sectionCode":"0514","sectionName":"大佳段二小段","districtName":"中山區","fullName":"中山區大佳段二小段"},"geometry":{"type":"Polygon","coordinates":[[[121.5443622,25.0731777],[121.5444324,25.0730929],[121.5445119,25.0731425],[121.5445105,25.0730026],[121.5445189,25.0730023],[121.5447614,25.0729934],[121.5448983,25.0729883],[121.5450658,25.0729822],[121.5450931,25.0729812],[121.5451512,25.072979],[121.5452892,25.0729742],[121.5454774,25.0729678],[121.545506,25.0729668],[121.5456755,25.072958],[121.5457746,25.0729543],[121.5460074,25.0729459],[121.5461481,25.0729408],[121.5462366,25.0729375],[121.5466357,25.0729226],[121.5467166,25.0729193],[121.5467996,25.072916],[121.5469099,25.0729116],[121.5471332,25.0729026],[121.5474811,25.0728924],[121.5475599,25.0728895],[121.5479238,25.0728758],[121.5480639,25.0728706],[121.5486197,25.0728498],[121.5486428,25.072849],[121.5489665,25.0728371],[121.5490859,25.0728327],[121.5490907,25.0728325],[121.5491152,25.0728316],[121.5492007,25.0728287],[121.5492063,25.0728286],[121.54947,25.0728248],[121.549564,25.0728232],[121.549579,25.072823],[121.5496087,25.0728225],[121.5496135,25.0728222],[121.5497035,25.0728167],[121.5497332,25.0728149],[121.5497477,25.072814],[121.5498795,25.0728059],[121.5499062,25.0728042],[121.549907,25.0728042],[121.5499998,25.0728],[121.5501042,25.0727953],[121.5501052,25.0727953],[121.550185,25.072793],[121.5502752,25.0727905],[121.5503103,25.0727895],[121.5504752,25.0727848],[121.5504758,25.0727848],[121.5505824,25.0727818],[121.550668,25.0727795],[121.550803,25.0727757],[121.5508889,25.0727734],[121.5509728,25.0727711],[121.5510559,25.0727688],[121.5511342,25.0727667],[121.5512795,25.0727627],[121.5512802,25.0727627],[121.551452,25.0727575],[121.5515129,25.072758],[121.5516665,25.0727591],[121.5514137,25.0725397],[121.5500448,25.0720196],[121.5499854,25.0720023],[121.549884,25.0719849],[121.5498684,25.0719826],[121.5498451,25.0718374],[121.5498159,25.0716564],[121.549815,25.0716516],[121.5497385,25.0711687],[121.5497252,25.0710844],[121.5495731,25.0710871],[121.549461,25.0710894],[121.5494325,25.0710829],[121.5493742,25.0710852],[121.5492395,25.0710894],[121.5492101,25.07109],[121.5489794,25.0710967],[121.5488278,25.0711013],[121.5487399,25.0711038],[121.5483195,25.0711167],[121.5481737,25.0711213],[121.548048,25.0711247],[121.5478632,25.0711305],[121.5478065,25.0711323],[121.5476778,25.0711364],[121.5474855,25.0711421],[121.5474126,25.0711435],[121.547177,25.07115],[121.5470693,25.0711525],[121.5468865,25.0711579],[121.5465282,25.0711695],[121.5465204,25.0711699],[121.5465107,25.0711701],[121.5464107,25.0711734],[121.546312,25.0711766],[121.5461215,25.0711827],[121.5459372,25.0711887],[121.5457699,25.0711942],[121.545417,25.0712072],[121.5451107,25.0712185],[121.5448633,25.0712263],[121.5445198,25.0712383],[121.5444436,25.0712409],[121.5444172,25.0712418],[121.5444011,25.0712422],[121.5443124,25.0712456],[121.5443124,25.0712454],[121.5443093,25.0685439],[121.5443093,25.0685432],[121.5443079,25.067371],[121.5443079,25.0673694],[121.5443094,25.0667049],[121.5443094,25.0667041],[121.5443094,25.0666386],[121.5443094,25.0666374],[121.5443094,25.0665848],[121.5443094,25.0665841],[121.5443105,25.0662293],[121.5443105,25.0662282],[121.5443103,25.0662149],[121.5443057,25.0658687],[121.5443057,25.0658686],[121.5443053,25.0658362],[121.544305,25.0658364],[121.544305,25.0658364],[121.5443015,25.0658382],[121.5442223,25.0658791],[121.5441718,25.0659307],[121.5441577,25.0659371],[121.5441593,25.0660601],[121.5441631,25.0662377],[121.5441646,25.0663138],[121.544142,25.0663613],[121.5436288,25.0667661],[121.5432466,25.0670689],[121.5432349,25.0670565],[121.5431638,25.0671138],[121.5431479,25.0671272],[121.543157,25.067137],[121.5429116,25.0673319],[121.5427778,25.0674382],[121.5427084,25.067493],[121.542635,25.0675455],[121.5425724,25.0675867],[121.5424981,25.0676325],[121.5424484,25.0676605],[121.542401,25.0676855],[121.542385,25.0676941],[121.5423144,25.0677282],[121.5422615,25.0677528],[121.5422608,25.0677531],[121.5422471,25.0677595],[121.5422463,25.0677599],[121.542215,25.0677727],[121.5422137,25.0677733],[121.5421514,25.0677977],[121.5421268,25.0678073],[121.5421004,25.0678176],[121.5420752,25.0678262],[121.5420366,25.0678388],[121.5420301,25.0678408],[121.5419439,25.067867],[121.5419293,25.0678715],[121.5419239,25.0678728],[121.541875,25.0678855],[121.5418537,25.067891],[121.5418408,25.0678943],[121.5418393,25.0678947],[121.541823,25.0678984],[121.5417801,25.067908],[121.5417725,25.0679098],[121.5417555,25.0679131],[121.541718,25.0679204],[121.5416778,25.0679282],[121.5416651,25.0679299],[121.541612,25.0679369],[121.5415691,25.0679426],[121.5415589,25.0679439],[121.5415063,25.0679504],[121.5414894,25.0679525],[121.5414704,25.0679548],[121.5414663,25.0679551],[121.5414605,25.0679553],[121.5414528,25.0679557],[121.5413989,25.0679582],[121.5413212,25.0679619],[121.5413212,25.0679619],[121.5412865,25.0679635],[121.5412491,25.0679646],[121.5412426,25.0679648],[121.5411937,25.0679663],[121.5411243,25.0679684],[121.5411232,25.0679685],[121.5410992,25.067969],[121.5409053,25.0679733],[121.5405823,25.0679779],[121.5405402,25.0679785],[121.5404912,25.0679792],[121.5404412,25.0679799],[121.5403916,25.0679806],[121.5403421,25.0679813],[121.5402928,25.067982],[121.5402429,25.0679828],[121.5401917,25.0679835],[121.5400222,25.0679859],[121.5398337,25.0679886],[121.539744,25.0679903],[121.5396251,25.0679925],[121.5393952,25.0679967],[121.5393951,25.0679967],[121.5393621,25.0679973],[121.538338,25.0680141],[121.5382498,25.0680155],[121.5379366,25.0680206],[121.537687,25.0680247],[121.5376722,25.068025],[121.5376721,25.068025],[121.5375548,25.0680269],[121.5355711,25.0680629],[121.5335047,25.0680935],[121.5335052,25.0681197],[121.5335057,25.068145],[121.5335063,25.0681786],[121.5335064,25.0681822],[121.5335085,25.0682958],[121.5335094,25.0683395],[121.5335098,25.0683644],[121.53351,25.0683708],[121.5335163,25.0686994],[121.5335171,25.068741],[121.53354,25.069937],[121.5335406,25.0699673],[121.5335467,25.0702844],[121.5335473,25.0703153],[121.533548,25.0703153],[121.5336147,25.0703134],[121.5336253,25.0704875],[121.5337151,25.0707623],[121.5337317,25.0708129],[121.5337568,25.07089],[121.533772,25.0709366],[121.53389,25.0711424],[121.5339707,25.0712841],[121.533986,25.0713114],[121.5341064,25.0714537],[121.5341413,25.0714945],[121.534222,25.0715897],[121.5344177,25.0717845],[121.5347016,25.0719709],[121.5348199,25.0720393],[121.5348309,25.0720455],[121.5349842,25.0721344],[121.5350682,25.0721676],[121.5351471,25.0721987],[121.5353591,25.0722823],[121.53543,25.0723008],[121.5355127,25.0723219],[121.5357772,25.0723908],[121.5358399,25.0724072],[121.5359278,25.0724251],[121.5358365,25.0725903],[121.5358148,25.0726296],[121.5367168,25.0727367],[121.5370733,25.0727456],[121.5372339,25.0727415],[121.5372339,25.0727541],[121.5375751,25.0727944],[121.5381155,25.0728622],[121.5384093,25.072899],[121.5385686,25.0729189],[121.5387376,25.0729401],[121.5387378,25.0729401],[121.5388176,25.0729482],[121.5388992,25.0729564],[121.5389823,25.0729647],[121.5390615,25.0729726],[121.5391419,25.0729807],[121.5392394,25.0729906],[121.5392467,25.072991],[121.5393294,25.0729959],[121.5394222,25.0730013],[121.5395587,25.0730093],[121.5396345,25.0730137],[121.5398324,25.0730249],[121.5399323,25.073028],[121.5401474,25.0730261],[121.5401545,25.0730261],[121.5402357,25.0730265],[121.5403192,25.073027],[121.5404052,25.0730274],[121.5404084,25.0730275],[121.5405026,25.0730279],[121.5405956,25.0730284],[121.540724,25.0730291],[121.5408666,25.0730298],[121.5410645,25.0730308],[121.5410862,25.0730296],[121.5411963,25.0730231],[121.5412253,25.0730208],[121.5413311,25.0730123],[121.5414094,25.0730061],[121.5414579,25.0729987],[121.5414771,25.0729957],[121.5415411,25.0729858],[121.5416255,25.0729681],[121.5416818,25.0729564],[121.541749,25.0729263],[121.5417871,25.0729085],[121.5418717,25.072869],[121.5419755,25.0727982],[121.5420029,25.0726572],[121.5420036,25.0726536],[121.5422672,25.0726463],[121.5422655,25.0726538],[121.5422653,25.0726545],[121.5422245,25.0728523],[121.5420489,25.0730507],[121.5421662,25.0730497],[121.5424093,25.0730476],[121.542608,25.0730458],[121.5426946,25.0730443],[121.5427888,25.0730427],[121.5428111,25.0730424],[121.5429009,25.0730404],[121.5429807,25.0730387],[121.54308,25.0730366],[121.5431713,25.0730346],[121.5433926,25.0730299],[121.5434855,25.0730279],[121.5435238,25.0730271],[121.5436536,25.073025],[121.5441224,25.0730172],[121.5441234,25.0731175],[121.5441244,25.0731801],[121.5441781,25.0731795],[121.5443137,25.0731781],[121.5443622,25.0731777]]]}},{"type":"Feature","id":293,"properties":{"sectionCode":"0516","sectionName":"東湖段八小段","districtName":"內湖區","fullName":"內湖區東湖段八小段"},"geometry":{"type":"Polygon","coordinates":[[[121.6105338,25.0759736],[121.6102595,25.0754116],[121.6101191,25.0751801],[121.6099371,25.074974],[121.6098223,25.0748746],[121.6096232,25.0747399],[121.6094951,25.0746556],[121.6093789,25.074558],[121.6092738,25.0744451],[121.6091847,25.0743212],[121.6090883,25.0741305],[121.6090397,25.0739737],[121.6090149,25.0738123],[121.6090143,25.0736494],[121.6090211,25.0735815],[121.6090308,25.0735087],[121.609065,25.0732519],[121.6090822,25.0729446],[121.6090523,25.0726382],[121.6089759,25.0723386],[121.6089501,25.0722625],[121.6088553,25.072086],[121.6085569,25.0722229],[121.6082338,25.0723658],[121.6081269,25.0724132],[121.6079799,25.0724783],[121.6079641,25.0724853],[121.6079392,25.0724963],[121.607901,25.0725132],[121.6078828,25.0725212],[121.6076862,25.0726083],[121.6075075,25.0726874],[121.6069948,25.0729144],[121.6070022,25.0729284],[121.6070945,25.0729569],[121.6071031,25.0729592],[121.6071593,25.0729743],[121.6072201,25.0729906],[121.6072206,25.0729907],[121.6072602,25.0730038],[121.6073002,25.073017],[121.6073397,25.07303],[121.6073807,25.0730435],[121.6074197,25.0730564],[121.607459,25.0730693],[121.6074985,25.0730824],[121.6075393,25.0730958],[121.6075991,25.0731155],[121.6076603,25.0731357],[121.6076586,25.0731704],[121.6076423,25.0733022],[121.6076318,25.0733383],[121.6072425,25.0732191],[121.6071941,25.0731963],[121.6071451,25.07319],[121.6071403,25.0731814],[121.6070178,25.0731439],[121.6068544,25.073094],[121.6068513,25.0731015],[121.6067568,25.0730315],[121.6067469,25.0730242],[121.6067413,25.0730267],[121.6065741,25.0731007],[121.6065114,25.0731285],[121.606396,25.0731796],[121.606353,25.0731987],[121.6063429,25.0732041],[121.6063427,25.0732042],[121.6063404,25.073206],[121.606334,25.0732109],[121.6063336,25.0732112],[121.6063312,25.0732137],[121.6063263,25.0732189],[121.6063258,25.0732194],[121.6063238,25.0732225],[121.6063202,25.0732279],[121.6063196,25.0732287],[121.6063181,25.0732322],[121.6063157,25.0732377],[121.6063152,25.0732388],[121.6063147,25.073241],[121.6063131,25.0732476],[121.6063127,25.0732494],[121.6063126,25.0732511],[121.6063122,25.073258],[121.6063121,25.0732603],[121.6063122,25.0732612],[121.6063134,25.0732711],[121.6063142,25.0732792],[121.6063162,25.0732997],[121.6063185,25.0733246],[121.6063198,25.0733376],[121.6063196,25.0733436],[121.6063171,25.0734044],[121.6063005,25.0734864],[121.6062993,25.0734927],[121.6062981,25.0734956],[121.6062955,25.0735022],[121.6062884,25.0735199],[121.6062736,25.0735574],[121.6062657,25.0735771],[121.6062624,25.0735825],[121.6062174,25.0736553],[121.606211,25.0736645],[121.6062063,25.0736745],[121.6062034,25.0736851],[121.6062023,25.0736959],[121.6062032,25.0737068],[121.606206,25.0737174],[121.6062105,25.0737274],[121.6062168,25.0737367],[121.6063628,25.0739196],[121.6065407,25.0741426],[121.6065525,25.0741574],[121.6069428,25.0746465],[121.6069685,25.0746794],[121.6070339,25.0747698],[121.6071699,25.0750021],[121.6071886,25.0750485],[121.607202,25.0750818],[121.6072099,25.0751014],[121.6072584,25.0752217],[121.6072828,25.0752821],[121.607288,25.075305],[121.6073495,25.0755742],[121.6073621,25.0756826],[121.6073601,25.076019],[121.6073387,25.0762403],[121.6073328,25.076302],[121.6073225,25.0764088],[121.6076035,25.0764097],[121.6076209,25.0764098],[121.6080091,25.0764109],[121.6080144,25.076411],[121.6080137,25.0763512],[121.6080106,25.0760602],[121.6080084,25.0758577],[121.6080078,25.0757989],[121.6080074,25.0757664],[121.6080324,25.0757675],[121.6081226,25.0757716],[121.608221,25.0758335],[121.6084913,25.0760034],[121.6085896,25.0760653],[121.6086102,25.0760782],[121.6086764,25.0761199],[121.6087958,25.076195],[121.6090407,25.0763491],[121.6090422,25.07635],[121.609281,25.0764136],[121.6093067,25.0764204],[121.6101481,25.0766446],[121.6102568,25.0766735],[121.6108222,25.0771229],[121.6108096,25.0768055],[121.6108095,25.076801],[121.6107909,25.0763308],[121.6106464,25.0761617],[121.6105338,25.0759736]]]}},{"type":"Feature","id":294,"properties":{"sectionCode":"0517","sectionName":"文德段五小段","districtName":"內湖區","fullName":"內湖區文德段五小段"},"geometry":{"type":"Polygon","coordinates":[[[121.5818847,25.0678982],[121.5827983,25.0675435],[121.5831756,25.0673718],[121.583052,25.0673555],[121.5830163,25.0673507],[121.5829059,25.0673361],[121.5827064,25.0673096],[121.5823831,25.0672498],[121.5820706,25.0671919],[121.581998,25.0671785],[121.5817169,25.067096],[121.5813382,25.0669848],[121.5813099,25.0669765],[121.5812811,25.0669663],[121.5807949,25.0667936],[121.5803808,25.0666465],[121.5789177,25.0660474],[121.5785495,25.0658827],[121.5775393,25.0654147],[121.577536,25.0654126],[121.5772937,25.0652744],[121.5770289,25.0651765],[121.5767494,25.0651219],[121.5764638,25.065112],[121.5761806,25.0651474],[121.5759083,25.0652268],[121.5758698,25.0652416],[121.5757971,25.065276],[121.575615,25.0653622],[121.5756103,25.0653654],[121.5755192,25.0654276],[121.5753852,25.065519],[121.5753746,25.0655291],[121.575293,25.0656067],[121.5751866,25.065708],[121.5751725,25.0657267],[121.5751055,25.065816],[121.5750245,25.0659239],[121.5750099,25.0659526],[121.57496,25.0660502],[121.5749034,25.0661611],[121.5748913,25.0662004],[121.5748495,25.0663374],[121.5748263,25.0664131],[121.5748239,25.0664337],[121.5748024,25.0666155],[121.5747955,25.0666732],[121.5746985,25.070178],[121.5746956,25.070269],[121.5746956,25.0702694],[121.5746606,25.0706175],[121.5746605,25.0706178],[121.5745431,25.0711175],[121.5745224,25.0712056],[121.5745015,25.0712561],[121.5744738,25.0713233],[121.5743655,25.0715857],[121.5742901,25.0717683],[121.5742707,25.0717999],[121.5740546,25.072153],[121.5739687,25.0722933],[121.5723739,25.074493],[121.5726453,25.0746034],[121.5727308,25.0746382],[121.5729076,25.0747102],[121.573095,25.0747865],[121.5732574,25.0748525],[121.5735189,25.0749589],[121.5738111,25.0750779],[121.5739574,25.0751374],[121.5739911,25.0751544],[121.5741728,25.0752459],[121.574182,25.0752505],[121.5742485,25.075299],[121.5743671,25.0753855],[121.5743824,25.0753966],[121.57448,25.0754943],[121.5745224,25.0755367],[121.57453,25.0755443],[121.5746526,25.0757099],[121.5746645,25.0757289],[121.5749036,25.0761085],[121.5749359,25.0761598],[121.5751031,25.0764219],[121.5751056,25.076426],[121.575102,25.0764156],[121.5751019,25.0764069],[121.5751036,25.0764001],[121.5751042,25.0763978],[121.5751058,25.0763956],[121.5751094,25.0763904],[121.5751105,25.0763888],[121.5751113,25.0763882],[121.5751186,25.0763826],[121.5751204,25.0763812],[121.5755527,25.0761078],[121.5769519,25.0752427],[121.5770007,25.0752148],[121.5781278,25.0745171],[121.5782341,25.0744512],[121.5782772,25.0744245],[121.5785872,25.0742325],[121.5788975,25.0740403],[121.5791987,25.0738537],[121.5792339,25.0738319],[121.5792507,25.0738215],[121.5793224,25.0737529],[121.5818358,25.0713487],[121.5821975,25.0709951],[121.5821975,25.070995],[121.5822276,25.0709656],[121.582403,25.0707941],[121.5824862,25.0707128],[121.58255,25.0706504],[121.5827566,25.0704485],[121.5827874,25.0704183],[121.5828805,25.0703274],[121.5829938,25.0702165],[121.5830713,25.0701408],[121.5830919,25.0701207],[121.5832144,25.0700009],[121.5834629,25.069758],[121.5835567,25.0696663],[121.5836354,25.0695893],[121.5838975,25.0693331],[121.583899,25.0693316],[121.5840003,25.0692326],[121.5840124,25.0692208],[121.5840327,25.0692009],[121.5842901,25.0689492],[121.5843183,25.0689217],[121.5844255,25.0688169],[121.5845463,25.0686988],[121.5844619,25.0686811],[121.5842971,25.0686321],[121.5830515,25.0682851],[121.5829095,25.0682456],[121.5820147,25.0679924],[121.5819764,25.0679817],[121.581835,25.0679258],[121.5818847,25.0678982]],[[121.5755447,25.0676278],[121.575411,25.0675981],[121.5755928,25.0676336],[121.5755447,25.0676278]],[[121.575685,25.0676447],[121.5756399,25.0676393],[121.5758265,25.0676477],[121.575685,25.0676447]]]}},{"type":"Feature","id":295,"properties":{"sectionCode":"0518","sectionName":"西湖段四小段","districtName":"內湖區","fullName":"內湖區西湖段四小段"},"geometry":{"type":"Polygon","coordinates":[[[121.5705677,25.0814908],[121.5706674,25.0814568],[121.5706676,25.0814568],[121.5707581,25.0814244],[121.5707824,25.0814157],[121.5709647,25.0813596],[121.571631,25.0811551],[121.5717252,25.0811262],[121.5719034,25.0810715],[121.5719918,25.0810444],[121.5720802,25.0810172],[121.572117,25.0810059],[121.5722224,25.0809735],[121.5722576,25.0809613],[121.5722632,25.0809594],[121.5723123,25.0809422],[121.5723539,25.0809277],[121.5723595,25.0809258],[121.5723676,25.0809229],[121.5724294,25.0809014],[121.5724552,25.0808924],[121.5724927,25.0808794],[121.5724984,25.0808774],[121.5726644,25.0808196],[121.5730562,25.0806831],[121.5736351,25.0804816],[121.5738252,25.0804155],[121.5739301,25.0803789],[121.5742095,25.0802816],[121.5742124,25.0802806],[121.5741928,25.0802832],[121.574177,25.0802825],[121.5741736,25.0802824],[121.5741547,25.0802781],[121.574147,25.0802747],[121.5741453,25.0802739],[121.5741374,25.0802703],[121.5741325,25.0802673],[121.5741321,25.080267],[121.574123,25.0802613],[121.5741093,25.0802484],[121.5736289,25.0791566],[121.5736258,25.0791475],[121.5736245,25.0791381],[121.573625,25.0791286],[121.5736273,25.0791193],[121.5736312,25.0791105],[121.5736368,25.0791024],[121.5736438,25.0790953],[121.573652,25.0790895],[121.5736612,25.0790849],[121.5736619,25.0790846],[121.5741033,25.0789095],[121.5741251,25.0789008],[121.5742509,25.0788509],[121.5742762,25.0788409],[121.5743737,25.0788022],[121.5743898,25.0787958],[121.5749135,25.078588],[121.57521,25.0784699],[121.5752995,25.0784342],[121.5755978,25.0783154],[121.5758188,25.0782273],[121.5759241,25.0781853],[121.5760334,25.0781418],[121.5761524,25.0780944],[121.576093,25.0780001],[121.5760797,25.0779788],[121.5758719,25.0776486],[121.5758518,25.0776165],[121.5757946,25.0775256],[121.575278,25.0767013],[121.5752224,25.0766125],[121.5751348,25.0764728],[121.5751056,25.0764262],[121.5751034,25.0764227],[121.5749348,25.0761583],[121.5746524,25.0757101],[121.5745224,25.0755367],[121.5745182,25.0755311],[121.57448,25.0754943],[121.5743671,25.0753855],[121.5743548,25.0753736],[121.5742485,25.075299],[121.5741728,25.0752459],[121.5741662,25.0752413],[121.5739911,25.0751544],[121.5739572,25.0751376],[121.573811,25.075078],[121.5735188,25.0749591],[121.5730948,25.0747866],[121.5726451,25.0746036],[121.5723737,25.0744931],[121.5722353,25.074684],[121.57121,25.0760985],[121.570955,25.0763923],[121.570649,25.0766425],[121.5703008,25.0768419],[121.5699206,25.0769847],[121.5657152,25.0781935],[121.5651809,25.078386],[121.5646818,25.0786454],[121.5644966,25.0787583],[121.5644903,25.0787621],[121.5644769,25.0787709],[121.564319,25.0788742],[121.5641875,25.0789779],[121.5640471,25.0790888],[121.5640102,25.079118],[121.5637922,25.0793365],[121.5637354,25.0793935],[121.5628643,25.0803811],[121.5625482,25.0808012],[121.5625178,25.0808416],[121.562511,25.0808543],[121.5622516,25.0813444],[121.561946,25.0820549],[121.5611275,25.0839503],[121.5610466,25.0841013],[121.5609405,25.0842387],[121.5608118,25.0843591],[121.5606638,25.0844594],[121.5605003,25.084537],[121.5605903,25.0845042],[121.5606028,25.0844996],[121.5606428,25.084485],[121.5606746,25.0844738],[121.5607294,25.0844545],[121.5607772,25.0844376],[121.5608833,25.0844002],[121.5612347,25.0842688],[121.5613248,25.0842295],[121.561407,25.0841888],[121.5622654,25.0837403],[121.5627084,25.083509],[121.5627542,25.0834852],[121.5630042,25.0833547],[121.5631708,25.0832677],[121.5633127,25.0831936],[121.5634439,25.0831254],[121.5634741,25.0831095],[121.5635163,25.0830874],[121.5635562,25.0830664],[121.5636125,25.0830369],[121.5638052,25.0829361],[121.5639026,25.082885],[121.5640001,25.082834],[121.5640115,25.082828],[121.5641306,25.0827672],[121.5643481,25.0826633],[121.564459,25.0826138],[121.5645709,25.0825662],[121.5647961,25.0824772],[121.5649895,25.0824062],[121.5650467,25.0823869],[121.5651173,25.0823638],[121.5652799,25.0823136],[121.5653985,25.082282],[121.5655169,25.0822498],[121.565564,25.0822364],[121.5656057,25.0822266],[121.565632,25.0822205],[121.5656566,25.0822147],[121.565659,25.0822138],[121.5657385,25.082195],[121.5658363,25.0821731],[121.5659077,25.0821582],[121.565983,25.0821428],[121.5660918,25.0821228],[121.566159,25.0821112],[121.5662162,25.0821014],[121.5663248,25.0820831],[121.5663553,25.0820779],[121.5663956,25.0820725],[121.566427,25.0820682],[121.5664603,25.0820639],[121.5665169,25.0820566],[121.5666083,25.0820504],[121.5666572,25.0820473],[121.5667116,25.0820438],[121.566761,25.0820405],[121.5667613,25.0820405],[121.5667755,25.0820394],[121.5668196,25.0820361],[121.5668503,25.082034],[121.5668967,25.0820309],[121.5669824,25.0820262],[121.5670481,25.0820232],[121.5672193,25.0820182],[121.5672366,25.082018],[121.5673718,25.0820159],[121.567704,25.082011],[121.5678564,25.0820087],[121.568202,25.0820035],[121.5683026,25.0820019],[121.5684215,25.0820002],[121.568485,25.0819992],[121.5685192,25.0819987],[121.5685583,25.0819981],[121.5689439,25.0819706],[121.5692883,25.081909],[121.5696232,25.0818131],[121.5696582,25.0818011],[121.5700435,25.0816697],[121.5704498,25.0815311],[121.5705037,25.0815126],[121.5705677,25.0814908]],[[121.5723705,25.0757104],[121.5723899,25.0757094],[121.5723631,25.0757114],[121.5723705,25.0757104]],[[121.5723513,25.075713],[121.572357,25.0757122],[121.5723397,25.075716],[121.5723513,25.075713]],[[121.5723238,25.07572],[121.5723273,25.0757191],[121.5723115,25.075725],[121.5723238,25.07572]],[[121.5722977,25.0757305],[121.5723003,25.0757295],[121.5722848,25.0757379],[121.5722977,25.0757305]],[[121.5722736,25.0757443],[121.5722752,25.0757434],[121.5722597,25.075755],[121.5722736,25.0757443]],[[121.5722518,25.075761],[121.5722525,25.0757605],[121.5722329,25.0757804],[121.5722518,25.075761]]]}},{"type":"Feature","id":296,"properties":{"sectionCode":"0519","sectionName":"石潭段四小段","districtName":"內湖區","fullName":"內湖區石潭段四小段"},"geometry":{"type":"Polygon","coordinates":[[[121.606109,25.0744543],[121.606042,25.074439],[121.6057391,25.0743702],[121.6055519,25.0743276],[121.6052982,25.0742697],[121.6052967,25.0742693],[121.605298,25.0740645],[121.6052996,25.0739281],[121.6054845,25.0738482],[121.6054188,25.0738164],[121.6053577,25.0737777],[121.6053501,25.0737716],[121.6053497,25.0737713],[121.6053294,25.0737549],[121.6053142,25.0737426],[121.605302,25.0737328],[121.6052582,25.0736851],[121.6052553,25.0736814],[121.6052428,25.073665],[121.6052191,25.0736341],[121.6052179,25.0736321],[121.6051992,25.0736016],[121.6051928,25.0735912],[121.605191,25.0735871],[121.6051592,25.0735142],[121.6051572,25.0735096],[121.6051567,25.0735076],[121.6051364,25.0734239],[121.6051315,25.0733435],[121.605131,25.0733363],[121.6051311,25.0733353],[121.6051368,25.0732848],[121.6051401,25.0732548],[121.6051414,25.0732502],[121.6051527,25.0732106],[121.6051626,25.0731755],[121.6051663,25.0731678],[121.6051819,25.0731346],[121.605198,25.0731002],[121.6052064,25.0730873],[121.6052146,25.0730747],[121.6052285,25.0730531],[121.605264,25.0730089],[121.6053291,25.0729468],[121.6054039,25.0728951],[121.6054042,25.0728949],[121.6053773,25.0728567],[121.6052929,25.0727368],[121.6052053,25.0726123],[121.6051917,25.0725931],[121.6051849,25.0725834],[121.6051631,25.0725525],[121.6049689,25.0722744],[121.6048996,25.0721752],[121.6047529,25.0719663],[121.6044214,25.0714942],[121.6044056,25.0714718],[121.6041841,25.0711573],[121.6036853,25.070447],[121.6035555,25.0702626],[121.6033695,25.0699974],[121.6032436,25.0700675],[121.6032425,25.0700681],[121.6031653,25.0701111],[121.6027512,25.0703418],[121.6027262,25.0703556],[121.6024391,25.0705154],[121.6024374,25.0705574],[121.6024339,25.0706437],[121.602432,25.0706921],[121.6025531,25.0706997],[121.6026307,25.0707045],[121.6026329,25.0707046],[121.6028798,25.0707201],[121.6029704,25.0707257],[121.6032183,25.0707414],[121.6033497,25.0709224],[121.6033824,25.0709675],[121.603674,25.0713692],[121.6036775,25.071375],[121.6036799,25.0713811],[121.6036813,25.0713875],[121.6036815,25.071394],[121.6036806,25.0714005],[121.6036786,25.0714068],[121.6036755,25.0714127],[121.6036714,25.0714181],[121.6036534,25.0714384],[121.6034878,25.071624],[121.6033961,25.0717267],[121.6033042,25.0718297],[121.6033027,25.0718314],[121.6031556,25.0719962],[121.6031494,25.0720033],[121.6031474,25.0720264],[121.6031443,25.0720622],[121.6031412,25.0720972],[121.6030783,25.0728169],[121.6030767,25.0728352],[121.6030677,25.072939],[121.6030614,25.0730113],[121.6030812,25.0730111],[121.6030702,25.073137],[121.6030492,25.0733777],[121.6030477,25.0733839],[121.6030477,25.0733841],[121.6030466,25.0733866],[121.6030451,25.0733901],[121.6030451,25.0733903],[121.6030435,25.0733927],[121.6030416,25.0733957],[121.6030414,25.073396],[121.6030395,25.0733981],[121.6030371,25.0734008],[121.6030368,25.0734011],[121.6030347,25.0734028],[121.6030317,25.0734052],[121.6030314,25.0734055],[121.6030296,25.0734065],[121.6030268,25.0734082],[121.603026,25.0734086],[121.6030252,25.0734091],[121.6030221,25.0734103],[121.6030192,25.0734114],[121.6030186,25.0734117],[121.6030147,25.0734126],[121.603012,25.0734132],[121.6030115,25.0734133],[121.6030074,25.0734137],[121.6029971,25.0734135],[121.6024492,25.0733409],[121.6022847,25.0733194],[121.6020998,25.0732951],[121.6019663,25.0732776],[121.601947,25.0732751],[121.601761,25.0732491],[121.6017615,25.073245],[121.6017676,25.0731985],[121.6018468,25.0725909],[121.6018197,25.0725228],[121.6014893,25.0716631],[121.601437,25.071636],[121.6013676,25.0716001],[121.6010569,25.0714392],[121.6007787,25.0716208],[121.6006701,25.0727133],[121.6001986,25.0727992],[121.5999143,25.072851],[121.5998479,25.0728133],[121.5998414,25.0728097],[121.5998289,25.0727994],[121.599805,25.0727799],[121.5997865,25.0727648],[121.5997775,25.0727575],[121.5997715,25.0727506],[121.5997604,25.0727377],[121.5997403,25.0727145],[121.5997244,25.072696],[121.59972,25.0726886],[121.5996964,25.0726486],[121.5996837,25.0726271],[121.5996818,25.0726218],[121.5996644,25.072574],[121.5996567,25.0725529],[121.5996563,25.0725501],[121.5996442,25.0724755],[121.5997681,25.0713495],[121.5997777,25.0712619],[121.5994794,25.0706018],[121.5996007,25.0706408],[121.5997748,25.0706968],[121.5997549,25.0706119],[121.5996965,25.0703623],[121.5996679,25.0702399],[121.5996674,25.0702378],[121.5996423,25.0701304],[121.5996421,25.0701294],[121.5996019,25.0699574],[121.5996,25.0699491],[121.5995114,25.0695701],[121.5994777,25.0694258],[121.5994706,25.0693956],[121.5994522,25.0693846],[121.5990349,25.0691352],[121.5989191,25.069066],[121.5988611,25.0690313],[121.5985551,25.068885],[121.5984574,25.0687608],[121.5984387,25.0687323],[121.5979771,25.0680276],[121.598183,25.0678773],[121.5982918,25.067798],[121.598196,25.0676348],[121.5981826,25.0676119],[121.5980846,25.067445],[121.5980933,25.0674411],[121.5983418,25.0673302],[121.5983667,25.067319],[121.5986167,25.0672074],[121.5987384,25.0671531],[121.598804,25.0671238],[121.5988088,25.0673473],[121.5988111,25.0674525],[121.5988112,25.0674591],[121.5988134,25.0675604],[121.5989416,25.0677419],[121.5990133,25.0678435],[121.5990828,25.067942],[121.599084,25.0679436],[121.5990869,25.0679436],[121.599206,25.067943],[121.5992955,25.0679426],[121.5994425,25.067942],[121.5994709,25.0678984],[121.5994714,25.0678977],[121.5996986,25.0675496],[121.5997152,25.0675242],[121.5997851,25.0675324],[121.5998242,25.067537],[121.5999301,25.0675495],[121.6000244,25.0675606],[121.600028,25.067561],[121.6000992,25.0675694],[121.6001642,25.0675771],[121.6001868,25.0675796],[121.6001999,25.0675913],[121.6002663,25.0676504],[121.6003135,25.0676924],[121.6004347,25.0678003],[121.6004482,25.0678124],[121.6005534,25.0679061],[121.6005739,25.0679244],[121.6006331,25.0680273],[121.6006952,25.0681355],[121.6007207,25.06818],[121.6007516,25.0682338],[121.6007684,25.0682632],[121.6007701,25.0682661],[121.6008402,25.0683163],[121.6008961,25.0683562],[121.6009508,25.0683953],[121.6010083,25.0684364],[121.6011774,25.0685574],[121.6013988,25.0687158],[121.6010373,25.0695199],[121.6010184,25.0695623],[121.6009814,25.0696452],[121.601032,25.0696568],[121.6010332,25.0696569],[121.6010507,25.0696585],[121.6010839,25.0696614],[121.6010863,25.0696613],[121.6011073,25.0696603],[121.601136,25.0696589],[121.6011396,25.0696582],[121.6011865,25.0696494],[121.6011871,25.0696493],[121.6011924,25.0696475],[121.6012319,25.0696342],[121.6012361,25.0696328],[121.6012465,25.0696275],[121.6012818,25.0696098],[121.6013635,25.0695318],[121.6013709,25.0695247],[121.6013915,25.0695051],[121.601402,25.0694951],[121.6014225,25.0694754],[121.6014281,25.0694702],[121.6014391,25.0694219],[121.601445,25.0693966],[121.6014722,25.0692777],[121.6015194,25.0692044],[121.6015829,25.0691057],[121.6017001,25.0690616],[121.6017443,25.069045],[121.6018286,25.0690133],[121.6019383,25.0690688],[121.601977,25.0690884],[121.601998,25.0690846],[121.6021063,25.0690648],[121.6021672,25.0689827],[121.6021616,25.06874],[121.6021612,25.0687206],[121.6024808,25.0684327],[121.6025777,25.0683459],[121.602594,25.0683313],[121.6026457,25.068285],[121.6027241,25.0682148],[121.602837,25.0681136],[121.6027558,25.0673185],[121.6022007,25.0667773],[121.6021736,25.0667508],[121.6021168,25.066783],[121.6020015,25.0668483],[121.6019591,25.0668723],[121.6018868,25.0669133],[121.6018674,25.0669242],[121.6017448,25.0669936],[121.6017099,25.0670134],[121.6016383,25.0670539],[121.6016015,25.0670748],[121.6015797,25.0670872],[121.6015576,25.0670997],[121.6015237,25.0671189],[121.601499,25.0671329],[121.6014378,25.0671675],[121.6012985,25.0672464],[121.601164,25.0671369],[121.6011591,25.0671329],[121.6010093,25.067031],[121.6010151,25.0670098],[121.6012058,25.0663069],[121.6012114,25.0662864],[121.6012201,25.0662542],[121.6012074,25.066251],[121.6011345,25.0662322],[121.6010764,25.0662172],[121.6010287,25.0662049],[121.601018,25.0662021],[121.6008422,25.0661567],[121.6007366,25.0661295],[121.6005513,25.066188],[121.6001783,25.0663059],[121.6001642,25.0663103],[121.5999058,25.066392],[121.5997616,25.0664376],[121.5995674,25.0664992],[121.5993923,25.066437],[121.5993091,25.0664075],[121.5992844,25.0663988],[121.5986105,25.0661598],[121.5986007,25.0661563],[121.5982488,25.0660315],[121.5982091,25.0660174],[121.5981694,25.0660033],[121.5977487,25.0658545],[121.597732,25.0658486],[121.5977174,25.0658434],[121.5976876,25.0658328],[121.5976855,25.065832],[121.5976839,25.0658315],[121.5974894,25.0657623],[121.5974721,25.0657562],[121.5957896,25.0651579],[121.5957079,25.0651893],[121.5955989,25.0652311],[121.59559,25.0652345],[121.5955588,25.0652462],[121.595027,25.0654447],[121.5949894,25.0654587],[121.5948975,25.065493],[121.5948884,25.0654964],[121.5948188,25.0655224],[121.594805,25.0655275],[121.5947728,25.0655395],[121.5946293,25.0655931],[121.5946095,25.0656005],[121.5945941,25.0656062],[121.5945434,25.0656252],[121.5943893,25.0656827],[121.5943013,25.0657155],[121.5942226,25.065745],[121.5941717,25.0657641],[121.5938151,25.0658976],[121.5937481,25.0659227],[121.5937174,25.0659342],[121.5935704,25.0659893],[121.5934761,25.0660246],[121.5934174,25.0660466],[121.5933295,25.0660795],[121.5930176,25.0661963],[121.5929257,25.0662308],[121.5928649,25.0662536],[121.592816,25.0662719],[121.5927958,25.0662794],[121.5927356,25.066302],[121.5926109,25.0663487],[121.5925353,25.066377],[121.592031,25.0665661],[121.5913945,25.0668051],[121.591264,25.066854],[121.5912715,25.0669096],[121.5912796,25.0669699],[121.5913241,25.0673015],[121.5913385,25.067409],[121.5913444,25.0674533],[121.5913588,25.067561],[121.591704,25.06754],[121.5917124,25.0675402],[121.5917206,25.0675416],[121.5917284,25.0675443],[121.5917355,25.0675483],[121.5917418,25.0675533],[121.5917471,25.0675592],[121.5917511,25.0675658],[121.5917539,25.067573],[121.5917552,25.0675805],[121.5917688,25.0677498],[121.5917702,25.0677669],[121.5917712,25.0677783],[121.591782,25.0679129],[121.5917705,25.0679951],[121.5917693,25.0680043],[121.5917714,25.0680303],[121.5917727,25.0680465],[121.5917844,25.0681905],[121.5917991,25.0683729],[121.5918629,25.0684625],[121.5919037,25.0685333],[121.5919584,25.0686594],[121.5919939,25.0687911],[121.59201,25.068926],[121.5920059,25.0690617],[121.5919759,25.0692163],[121.5919743,25.0692243],[121.5919584,25.0692653],[121.5919269,25.0693467],[121.5919203,25.0693637],[121.591914,25.06938],[121.5918805,25.0694355],[121.5918362,25.0695089],[121.5918267,25.0695247],[121.591784,25.0695741],[121.5917398,25.0696252],[121.5917256,25.0696417],[121.5917146,25.0696544],[121.5916872,25.0696772],[121.5916034,25.069747],[121.5915808,25.0697658],[121.5915568,25.06978],[121.591516,25.0698042],[121.5914581,25.0698385],[121.5914289,25.0698558],[121.5914138,25.0698618],[121.5912628,25.0699221],[121.5912345,25.0699293],[121.5911681,25.0699463],[121.5911352,25.0699548],[121.5911282,25.0699557],[121.5910041,25.0699729],[121.5906454,25.0699815],[121.590614,25.0699822],[121.5906092,25.0699823],[121.5905894,25.0700278],[121.5905086,25.0702135],[121.5904278,25.0703993],[121.5904189,25.0704196],[121.5903877,25.070491],[121.5903888,25.070491],[121.5903907,25.0704909],[121.5913885,25.0704625],[121.5918832,25.0704484],[121.591897,25.0707643],[121.592147,25.0707583],[121.5922481,25.0707559],[121.59269,25.0707455],[121.5927078,25.070745],[121.5927556,25.0707439],[121.5928277,25.0707422],[121.5928873,25.0707407],[121.5930032,25.070738],[121.5941606,25.0707106],[121.5941621,25.0704121],[121.5941622,25.0703871],[121.5941624,25.0702581],[121.5941626,25.070148],[121.5941628,25.0699933],[121.5942162,25.0699876],[121.5942372,25.0699853],[121.5948622,25.0699182],[121.5949996,25.0699035],[121.5951144,25.0698911],[121.595108,25.0698618],[121.595054,25.0696154],[121.5950464,25.0695809],[121.5949985,25.0693626],[121.594961,25.0691921],[121.5949402,25.0690975],[121.5948848,25.0688451],[121.5952984,25.068691],[121.5954791,25.0686099],[121.5957829,25.0694549],[121.5958241,25.0695696],[121.5963618,25.0710649],[121.5963816,25.07112],[121.5966564,25.0710827],[121.5968545,25.0710559],[121.5969133,25.0710479],[121.5973844,25.0717019],[121.5976981,25.0715922],[121.5977484,25.0715746],[121.5981118,25.0714475],[121.59816,25.0713908],[121.5983591,25.0711563],[121.5982345,25.0710208],[121.5981115,25.070887],[121.5980801,25.0708529],[121.5980869,25.0704504],[121.5980881,25.0703844],[121.5980923,25.0701344],[121.5980948,25.0699878],[121.5980971,25.0698519],[121.5981016,25.0695871],[121.5981834,25.0695797],[121.5983167,25.0695677],[121.5984526,25.0695554],[121.5984909,25.0695519],[121.5986067,25.0695414],[121.5987475,25.0694771],[121.5987553,25.0694742],[121.5987635,25.0694724],[121.5987719,25.0694718],[121.5987803,25.0694725],[121.5987885,25.0694743],[121.5987963,25.0694773],[121.5988035,25.0694813],[121.5988099,25.0694864],[121.5988153,25.0694922],[121.5988914,25.0695885],[121.5990275,25.0697899],[121.5990379,25.0698053],[121.5990635,25.0698586],[121.5991343,25.0700064],[121.5991497,25.0700386],[121.5991654,25.0700903],[121.5991886,25.0701664],[121.5992235,25.0702811],[121.5992244,25.0702838],[121.5992245,25.0702848],[121.5992248,25.070287],[121.5992606,25.0705362],[121.5993065,25.0712468],[121.5994034,25.072743],[121.5994029,25.0727623],[121.5993989,25.0727813],[121.5993916,25.0727995],[121.5993811,25.0728163],[121.5993677,25.0728312],[121.5993518,25.072844],[121.5993338,25.0728543],[121.5993141,25.0728617],[121.5992935,25.072866],[121.5992723,25.0728672],[121.5992512,25.0728653],[121.5992307,25.0728601],[121.5991124,25.072821],[121.5984385,25.0725625],[121.5984128,25.0725527],[121.5983604,25.0725327],[121.5981805,25.0724639],[121.5979471,25.0723746],[121.59794,25.0723725],[121.5979326,25.0723714],[121.5979251,25.0723714],[121.5979177,25.0723725],[121.5979106,25.0723747],[121.5979039,25.0723779],[121.5978979,25.0723819],[121.5978927,25.0723868],[121.5978884,25.0723924],[121.5978852,25.0723986],[121.597683,25.0728745],[121.5976734,25.0728971],[121.5975662,25.0731493],[121.5974989,25.0733077],[121.5969439,25.0732385],[121.5969268,25.0732364],[121.5967521,25.0732146],[121.5965512,25.0735431],[121.5965056,25.0736177],[121.5962092,25.0741025],[121.5963776,25.0741181],[121.5966015,25.0741388],[121.5975163,25.0742236],[121.5976817,25.074239],[121.5977198,25.0742425],[121.5978017,25.0742501],[121.5978339,25.0742531],[121.5981087,25.0742785],[121.5982632,25.0742929],[121.5982718,25.0742936],[121.5984749,25.0743123],[121.5985791,25.0743219],[121.5988765,25.0743492],[121.5992492,25.0743835],[121.5992926,25.0743875],[121.5993235,25.074384],[121.5994266,25.0743724],[121.6003893,25.0742641],[121.6004259,25.07426],[121.6004629,25.0742558],[121.600535,25.0742477],[121.6006214,25.074238],[121.6006299,25.0742371],[121.6006699,25.0742326],[121.6009133,25.0742054],[121.6012647,25.0741662],[121.6013795,25.0741534],[121.6014081,25.0741501],[121.6014126,25.0741496],[121.6014345,25.0741472],[121.6015678,25.0741324],[121.6015893,25.0741301],[121.6016094,25.0741278],[121.6016513,25.0741232],[121.6016953,25.0741183],[121.6017127,25.0741164],[121.6017265,25.0741149],[121.6019783,25.0741268],[121.602087,25.0741166],[121.6021325,25.0741124],[121.6022584,25.0741006],[121.6023227,25.0740946],[121.6023316,25.0740938],[121.6024236,25.0740852],[121.6024699,25.0740809],[121.6028734,25.0740432],[121.6031232,25.0740199],[121.6032804,25.0740052],[121.6033701,25.0739968],[121.6033933,25.0740003],[121.6034013,25.0740115],[121.6035036,25.0741529],[121.603716,25.0744474],[121.6037452,25.0744878],[121.6037849,25.0744884],[121.6038317,25.0744867],[121.6038355,25.0744866],[121.6040583,25.0744805],[121.6042621,25.0744749],[121.6045275,25.0744676],[121.6047212,25.0744623],[121.6050814,25.0744525],[121.6051942,25.0744509],[121.6056537,25.0745717],[121.6058609,25.0746261],[121.6062445,25.0747269],[121.6064303,25.0747757],[121.6065549,25.0748085],[121.6066204,25.0748256],[121.6067415,25.0748575],[121.6066666,25.0747627],[121.6065624,25.0746308],[121.6064916,25.0745412],[121.6064909,25.0745411],[121.606291,25.0744956],[121.606109,25.0744543]]]}},{"type":"Feature","id":297,"properties":{"sectionCode":"0520","sectionName":"金泰段","districtName":"中山區","fullName":"中山區金泰段"},"geometry":{"type":"Polygon","coordinates":[[[121.5617932,25.0759183],[121.5617466,25.0757308],[121.5614458,25.0758324],[121.5614493,25.0759923],[121.5617932,25.0759183]]]}},{"type":"Feature","id":298,"properties":{"sectionCode":"0520","sectionName":"金泰段","districtName":"中山區","fullName":"中山區金泰段"},"geometry":{"type":"Polygon","coordinates":[[[121.5532714,25.0854611],[121.5538686,25.0852863],[121.5543572,25.0851423],[121.5551973,25.0848946],[121.5558087,25.0847147],[121.5561801,25.0846055],[121.5562928,25.0845722],[121.5566214,25.0844751],[121.5566549,25.0844652],[121.5566571,25.0844647],[121.556811,25.0844316],[121.5569508,25.0844016],[121.5569626,25.0843991],[121.5569764,25.0843982],[121.5572779,25.084379],[121.5575927,25.0844055],[121.5575938,25.0844058],[121.557715,25.0844344],[121.5578757,25.0844725],[121.5578762,25.0844726],[121.5578987,25.0844779],[121.5579032,25.0844797],[121.5581879,25.0845943],[121.5584957,25.0847467],[121.5584975,25.0847476],[121.5585462,25.0847725],[121.5587047,25.0848536],[121.5587893,25.0848882],[121.5588785,25.0849113],[121.5589705,25.0849226],[121.5590633,25.0849217],[121.559155,25.0849087],[121.5591749,25.0849033],[121.5591797,25.084902],[121.5592807,25.0848778],[121.5592845,25.084877],[121.5596511,25.0847976],[121.5596724,25.0847929],[121.5597701,25.0847718],[121.5598184,25.0847618],[121.5598511,25.0847553],[121.5598583,25.0847538],[121.559913,25.0847425],[121.559933,25.0847381],[121.5600984,25.0846837],[121.5601438,25.0846662],[121.5602438,25.0846295],[121.5603523,25.0845894],[121.5604602,25.0845503],[121.5605003,25.084537],[121.5606638,25.0844594],[121.5608118,25.0843591],[121.5609405,25.0842387],[121.5610466,25.0841013],[121.5611275,25.0839503],[121.5614575,25.0831851],[121.5619436,25.0820553],[121.5619633,25.0820095],[121.5622493,25.0813443],[121.5622676,25.0813019],[121.5624784,25.080901],[121.562511,25.0808543],[121.5625482,25.0808012],[121.5627405,25.0805261],[121.5628617,25.0803815],[121.5628827,25.0803576],[121.5637336,25.0793935],[121.5637922,25.0793365],[121.5640471,25.0790888],[121.5640876,25.0790494],[121.5641875,25.0789779],[121.5644769,25.0787709],[121.5644948,25.0787581],[121.5646793,25.0786456],[121.5651783,25.078386],[121.5657126,25.0781933],[121.5664761,25.0779736],[121.566489,25.0779699],[121.566495,25.0779682],[121.5686712,25.077342],[121.569919,25.076983],[121.5699193,25.0769829],[121.5698752,25.0768536],[121.5698751,25.0768536],[121.5698304,25.0767245],[121.5698303,25.0767244],[121.5697694,25.0765473],[121.5697694,25.0765473],[121.5697222,25.0765726],[121.5696638,25.0765706],[121.5696714,25.0765471],[121.5695093,25.0765189],[121.5694334,25.0765307],[121.5694224,25.0765505],[121.5692658,25.0765307],[121.5692655,25.0765252],[121.5690126,25.0764008],[121.5690149,25.0763973],[121.5688778,25.0763163],[121.5688016,25.0762948],[121.5685948,25.0762296],[121.5686059,25.076175],[121.5683259,25.0760331],[121.5682137,25.0760002],[121.5682129,25.076077],[121.5679392,25.0759675],[121.5678932,25.0759498],[121.5677298,25.0758637],[121.567708,25.0758383],[121.5675553,25.0756734],[121.5673791,25.0756242],[121.5672819,25.0756213],[121.5671699,25.0756056],[121.5670952,25.0755825],[121.5669959,25.07554],[121.5670063,25.0755083],[121.5667063,25.0753803],[121.5665013,25.0752896],[121.5662317,25.0751403],[121.5661505,25.0751208],[121.5659239,25.0749769],[121.5657393,25.074882],[121.565539,25.0747921],[121.5651339,25.0746108],[121.5651274,25.0746072],[121.564911,25.0744606],[121.5648157,25.0744315],[121.5646288,25.0743281],[121.5644787,25.0742439],[121.5643623,25.074132],[121.5642521,25.0741095],[121.5641815,25.0740786],[121.5641256,25.0740918],[121.5640822,25.0740788],[121.5639997,25.0740287],[121.5639779,25.0739994],[121.5639313,25.0739365],[121.5638526,25.0738616],[121.5638007,25.0737871],[121.563559,25.0736505],[121.5634889,25.073605],[121.5633254,25.0735341],[121.5633214,25.0735324],[121.5632098,25.0734503],[121.5631472,25.0734426],[121.5630228,25.0733568],[121.5629459,25.0733033],[121.5624135,25.0730772],[121.5624024,25.0729975],[121.5621906,25.0729108],[121.5620015,25.0728813],[121.5618013,25.0728827],[121.561737,25.0728831],[121.5614736,25.0731178],[121.5614625,25.0734027],[121.5615131,25.0735757],[121.5615472,25.0736961],[121.5615828,25.0738081],[121.5616968,25.0741125],[121.5617062,25.074136],[121.5618902,25.0745689],[121.5620147,25.0748604],[121.5621038,25.0750833],[121.5621093,25.0751154],[121.5622053,25.0756652],[121.5622436,25.0756804],[121.5622881,25.0758771],[121.5621043,25.0758948],[121.5619232,25.0759279],[121.5617225,25.0759707],[121.5610442,25.0761152],[121.5610278,25.0759924],[121.5609948,25.0758415],[121.560996,25.0757776],[121.5610342,25.0757874],[121.5610407,25.0757049],[121.5610636,25.0756267],[121.5610281,25.0755921],[121.5610273,25.075456],[121.5609941,25.075426],[121.5610051,25.0753691],[121.5610059,25.075329],[121.5609586,25.0752523],[121.560908,25.074954],[121.5608563,25.0748365],[121.5608685,25.0747966],[121.5608695,25.0747405],[121.5608094,25.0745754],[121.5608008,25.0745056],[121.5607785,25.0744423],[121.56077,25.0743927],[121.5607445,25.0743512],[121.5607247,25.0743426],[121.5607035,25.0743446],[121.5606451,25.0743622],[121.5606276,25.0742709],[121.56067,25.0742601],[121.5606932,25.0742201],[121.5606778,25.0741604],[121.5606603,25.0741373],[121.5606496,25.0740447],[121.5606296,25.0740151],[121.560614,25.0739661],[121.5606188,25.0739418],[121.5605878,25.0738702],[121.5605703,25.0738446],[121.5605137,25.0738377],[121.5604238,25.0737317],[121.5603889,25.0736754],[121.5603608,25.0736602],[121.5603564,25.0736338],[121.5603661,25.0736175],[121.5603844,25.0735558],[121.56038,25.0734923],[121.5603647,25.073472],[121.5603388,25.0734531],[121.560352,25.073433],[121.5603724,25.0733315],[121.5603265,25.0731909],[121.5603209,25.0731068],[121.5603347,25.0730321],[121.5603284,25.0729722],[121.5601324,25.0730668],[121.5600638,25.0730999],[121.5567385,25.0747045],[121.5563077,25.0748358],[121.556067,25.0749091],[121.5556185,25.0750458],[121.554495,25.0753292],[121.5544624,25.0753374],[121.554178,25.0754091],[121.5530361,25.0755649],[121.5529084,25.0755823],[121.5529829,25.0755926],[121.5530326,25.0755856],[121.5530225,25.0756488],[121.5534482,25.0758269],[121.5536209,25.0759011],[121.5535916,25.0759397],[121.553778,25.0761042],[121.5540443,25.0764655],[121.5540826,25.0765465],[121.5541772,25.0767467],[121.5542585,25.076962],[121.5533527,25.0769844],[121.5531954,25.0769883],[121.5531906,25.0767018],[121.5530556,25.076612],[121.5528871,25.0764993],[121.5526248,25.076419],[121.5523456,25.0764017],[121.5517435,25.0764331],[121.5517046,25.0764427],[121.5516732,25.0764652],[121.5513534,25.0764999],[121.5511895,25.0765227],[121.550963,25.0765619],[121.5507194,25.0766242],[121.5505866,25.0766529],[121.5504492,25.0766827],[121.5501887,25.0767255],[121.5501415,25.0767332],[121.5501415,25.0767335],[121.5501666,25.0771485],[121.5501667,25.0771485],[121.5502046,25.0771473],[121.5504522,25.0771538],[121.5506973,25.0771858],[121.5508945,25.0772344],[121.5508998,25.0772357],[121.5509014,25.0772361],[121.5509723,25.0772535],[121.5510881,25.0772974],[121.5511621,25.0773254],[121.5512352,25.0773531],[121.5514759,25.0774794],[121.5515323,25.0775184],[121.5516456,25.0775967],[121.5516972,25.0776324],[121.5517596,25.0776882],[121.5518579,25.0777762],[121.5518953,25.0778097],[121.5519442,25.0778646],[121.5519538,25.0778754],[121.5520337,25.0779653],[121.552106,25.0780612],[121.5522043,25.0782147],[121.5522871,25.0783756],[121.5523386,25.0784998],[121.5523639,25.078572],[121.5523773,25.0786185],[121.5523911,25.0786664],[121.5524003,25.0786983],[121.552434,25.0788651],[121.5524505,25.079012],[121.5524549,25.0791098],[121.5524538,25.0792137],[121.5524495,25.079286],[121.5524478,25.0792964],[121.5524038,25.0795605],[121.5523979,25.0795958],[121.5523869,25.0796347],[121.5523862,25.0796372],[121.5523725,25.0796854],[121.5523501,25.0797529],[121.552332,25.0798044],[121.5523246,25.0798251],[121.5523246,25.0798252],[121.5522225,25.0801145],[121.5522041,25.0801667],[121.5521587,25.0802954],[121.5521116,25.0804287],[121.5520393,25.0806332],[121.5519877,25.0807793],[121.5519166,25.0809805],[121.5518583,25.0811455],[121.551849,25.0811717],[121.5518162,25.0812648],[121.551804,25.0812992],[121.5517336,25.0814985],[121.5516633,25.0816975],[121.5515931,25.081896],[121.5515548,25.0820044],[121.5514486,25.0823051],[121.5514116,25.0824097],[121.5513556,25.0825684],[121.5512694,25.0828123],[121.5512472,25.0828752],[121.551213,25.082972],[121.5511259,25.0832185],[121.5510761,25.0833595],[121.5510414,25.0834655],[121.5510067,25.0836168],[121.5509958,25.0836878],[121.5509862,25.0838017],[121.550985,25.0838886],[121.5509961,25.084046],[121.5510068,25.0841166],[121.5510398,25.0842604],[121.5510874,25.0844009],[121.5511929,25.0846159],[121.55123,25.0846695],[121.5513097,25.0847846],[121.5513175,25.0847959],[121.5513267,25.084806],[121.5514589,25.0849497],[121.5514675,25.0849591],[121.5514738,25.0849643],[121.5516329,25.0850963],[121.5516402,25.0851024],[121.5516574,25.0851132],[121.5517927,25.0851982],[121.5518326,25.0852232],[121.5519003,25.0852567],[121.5519547,25.0852835],[121.552031,25.0853156],[121.5521959,25.0853717],[121.5523109,25.0854009],[121.5523662,25.0854123],[121.5524235,25.0854222],[121.5524492,25.0854261],[121.5525358,25.0854365],[121.5526544,25.0854443],[121.5527723,25.0854447],[121.5528943,25.0854374],[121.5529188,25.085435],[121.5530155,25.0854223],[121.5532201,25.0853623],[121.5532643,25.0853494],[121.5532714,25.0854611]]]}},{"type":"Feature","id":299,"properties":{"sectionCode":"0521","sectionName":"舊宗段","districtName":"內湖區","fullName":"內湖區舊宗段"},"geometry":{"type":"Polygon","coordinates":[[[121.5706474,25.0766408],[121.5709534,25.0763905],[121.5712084,25.0760966],[121.5739685,25.072291],[121.5740546,25.072153],[121.5742604,25.0718232],[121.5742707,25.0717999],[121.5743655,25.0715857],[121.5744812,25.071324],[121.5745015,25.0712561],[121.5745431,25.0711175],[121.5745961,25.0709406],[121.5746078,25.0708907],[121.5746614,25.0706176],[121.5746614,25.0706173],[121.5746965,25.0702692],[121.5746965,25.0702689],[121.5747963,25.0666725],[121.5748024,25.0666155],[121.5748201,25.0664482],[121.5748239,25.0664337],[121.5748495,25.0663374],[121.5748782,25.0662291],[121.5748913,25.0662004],[121.57496,25.0660502],[121.5749947,25.0659742],[121.5750099,25.0659526],[121.5751055,25.065816],[121.5751577,25.0657415],[121.5751725,25.0657267],[121.575293,25.0656067],[121.5753623,25.0655378],[121.5753746,25.0655291],[121.5755192,25.0654276],[121.5756023,25.0653692],[121.5756103,25.0653654],[121.5757971,25.065276],[121.5758706,25.0652408],[121.5759084,25.0652236],[121.5761808,25.0651441],[121.5764642,25.0651087],[121.57675,25.0651185],[121.5770297,25.0651732],[121.5772947,25.0652712],[121.5775371,25.0654096],[121.5775407,25.065412],[121.5780991,25.0656708],[121.5783298,25.0657777],[121.5785497,25.0658796],[121.5790128,25.0660816],[121.5791903,25.0661563],[121.5794107,25.0662465],[121.5799213,25.0664555],[121.5802146,25.0665756],[121.5803827,25.0666444],[121.5807949,25.0667936],[121.5811924,25.0669375],[121.5812811,25.0669663],[121.5813382,25.0669848],[121.5814961,25.0670361],[121.5817169,25.067096],[121.5820706,25.0671919],[121.5820951,25.0671985],[121.5823831,25.0672498],[121.5827085,25.0673076],[121.5829059,25.0673361],[121.5830141,25.0673517],[121.5830163,25.0673507],[121.5836635,25.0670689],[121.5837399,25.0670399],[121.5838767,25.0669868],[121.5839642,25.0669529],[121.5840701,25.0669116],[121.5841124,25.0668953],[121.5841598,25.0668787],[121.5846609,25.0667048],[121.5847221,25.0666876],[121.5848331,25.066656],[121.5848646,25.0666471],[121.5849022,25.066636],[121.5850461,25.0665963],[121.5854924,25.0663974],[121.5855117,25.0663862],[121.5856551,25.0663101],[121.5856745,25.0662348],[121.585744,25.0657529],[121.5857213,25.0652673],[121.5856069,25.0647925],[121.5855144,25.0645223],[121.58547,25.0643928],[121.5853746,25.0641146],[121.5853746,25.0641146],[121.5850341,25.0632995],[121.5846717,25.0626629],[121.584639,25.0626054],[121.5841636,25.0619543],[121.5840744,25.0618469],[121.5837474,25.061494],[121.5833772,25.0611784],[121.5832861,25.0611095],[121.5826325,25.0606148],[121.581553,25.0597977],[121.5814767,25.05974],[121.5807794,25.0592123],[121.5806968,25.059138],[121.5806291,25.0590521],[121.5805783,25.058957],[121.5805459,25.0588555],[121.5805328,25.0587504],[121.5805394,25.0586448],[121.5805655,25.0585417],[121.5806103,25.0584442],[121.5807724,25.0581617],[121.5811967,25.057422],[121.5813059,25.0572317],[121.5813161,25.057214],[121.5812112,25.0571628],[121.5808369,25.0569624],[121.5789799,25.0559684],[121.574657,25.0536526],[121.5746564,25.0536523],[121.574255,25.0534372],[121.5743552,25.0533527],[121.5744633,25.0532785],[121.5744643,25.0532779],[121.5744643,25.0532779],[121.5746051,25.0533533],[121.5746612,25.0533271],[121.5747356,25.0532924],[121.5748734,25.0532465],[121.5748754,25.0532461],[121.5748756,25.053246],[121.5749924,25.0532215],[121.575015,25.0532167],[121.5750162,25.0532164],[121.5751099,25.0532666],[121.5753484,25.0533944],[121.575694,25.0535795],[121.5757024,25.0535832],[121.5757027,25.0535833],[121.5757113,25.0535857],[121.5757206,25.0535867],[121.5757299,25.0535864],[121.5757391,25.0535847],[121.5757478,25.0535817],[121.5757559,25.0535774],[121.5757631,25.053572],[121.5757663,25.0535687],[121.5757693,25.0535656],[121.5757742,25.0535584],[121.5758592,25.0534081],[121.5759089,25.0533202],[121.576035,25.053097],[121.5760567,25.0530585],[121.5761349,25.0529203],[121.576143,25.0529116],[121.5761526,25.0529041],[121.5761633,25.0528981],[121.5761635,25.052898],[121.5761651,25.0528974],[121.576175,25.0528937],[121.5761873,25.0528911],[121.5761999,25.0528903],[121.5762124,25.0528914],[121.5762579,25.0529017],[121.5762579,25.0529017],[121.5763223,25.052916],[121.5763223,25.052916],[121.5764858,25.052952],[121.5765162,25.0529588],[121.5766895,25.0529974],[121.5767336,25.0530072],[121.5767856,25.0530183],[121.5768245,25.0530272],[121.5769004,25.0530434],[121.5769889,25.0530634],[121.576989,25.0530635],[121.5771391,25.0530979],[121.5771394,25.053098],[121.577734,25.0532314],[121.5777439,25.0532336],[121.5777439,25.0532336],[121.5779494,25.0532751],[121.5788871,25.0534697],[121.5788961,25.0534715],[121.5789649,25.0534857],[121.5790687,25.0535071],[121.5790778,25.053509],[121.5791349,25.0535208],[121.579176,25.0535292],[121.5792091,25.0535361],[121.5792092,25.0535361],[121.579221,25.0535385],[121.5792211,25.0535385],[121.5792688,25.0535484],[121.5793204,25.053559],[121.5794543,25.0535866],[121.5801548,25.0537311],[121.5801891,25.0537382],[121.580275,25.0537559],[121.5803647,25.0537744],[121.5804642,25.0537949],[121.5804766,25.0537974],[121.5805148,25.0538053],[121.5805501,25.0538126],[121.5805516,25.0538129],[121.5807159,25.0538468],[121.5807647,25.0538568],[121.5809629,25.0538969],[121.580995,25.0539038],[121.581047,25.0539143],[121.5810733,25.0539228],[121.5810986,25.0539335],[121.5810993,25.053934],[121.5811697,25.0539815],[121.5811762,25.0539859],[121.5811901,25.0540019],[121.5812102,25.0540251],[121.5812106,25.0540255],[121.5812661,25.0541051],[121.581318,25.0541843],[121.5813397,25.0542174],[121.5813718,25.0542634],[121.5814365,25.0543562],[121.5814485,25.0543706],[121.5814629,25.0543832],[121.5814793,25.0543934],[121.5814973,25.0544012],[121.5815264,25.0544111],[121.5815342,25.0544138],[121.5815731,25.0544271],[121.5815803,25.0544295],[121.5815838,25.0544307],[121.5816071,25.0544387],[121.5816318,25.0544471],[121.5819567,25.0545581],[121.5823086,25.054678],[121.5823616,25.0546961],[121.582385,25.054704],[121.5823861,25.0547044],[121.5823862,25.0547045],[121.5823918,25.0547054],[121.5823918,25.0547054],[121.5823975,25.0547056],[121.5823976,25.0547056],[121.5824033,25.0547049],[121.5824089,25.0547034],[121.5824141,25.0547012],[121.5824188,25.0546983],[121.5824231,25.0546947],[121.5824266,25.0546905],[121.5824293,25.0546862],[121.5824294,25.054686],[121.5824302,25.0546831],[121.5824369,25.0546586],[121.5824639,25.0545702],[121.5826111,25.0540976],[121.5817397,25.0539463],[121.5812542,25.0538459],[121.5811868,25.053822],[121.5811171,25.0538042],[121.5762144,25.0527797],[121.5760283,25.0527556],[121.5758405,25.0527609],[121.5756292,25.0527101],[121.575287,25.0526518],[121.5746589,25.0525386],[121.5746794,25.0524426],[121.574492,25.0523592],[121.5742242,25.0522751],[121.5739095,25.0522423],[121.5736695,25.0521749],[121.5736431,25.0521673],[121.5736135,25.0521639],[121.5736691,25.05208],[121.5735843,25.0520636],[121.5734207,25.0520441],[121.5732393,25.0520429],[121.5730618,25.0520333],[121.5730611,25.0520336],[121.5727971,25.0521686],[121.5727963,25.052169],[121.572643,25.0522474],[121.5726425,25.0522477],[121.5726346,25.0522517],[121.5723678,25.0524469],[121.5723674,25.0524472],[121.5723315,25.0524734],[121.571977,25.0528712],[121.5719251,25.0529778],[121.5719252,25.052978],[121.5719572,25.0531443],[121.5720766,25.0533038],[121.5721176,25.0532864],[121.5722657,25.0535564],[121.5724891,25.0538056],[121.5725595,25.0539564],[121.5726769,25.0541176],[121.5728086,25.054269],[121.5729686,25.0543883],[121.573183,25.0545844],[121.5735748,25.0549741],[121.5735911,25.0549879],[121.573394,25.0561554],[121.5732282,25.0560625],[121.5732282,25.0560534],[121.5731763,25.0560181],[121.5730921,25.0559454],[121.5730913,25.0559297],[121.5730589,25.0559095],[121.5730423,25.0559118],[121.573001,25.0558855],[121.5729461,25.0558224],[121.572827,25.0557466],[121.5728061,25.0557252],[121.5727431,25.0557082],[121.572702,25.0556596],[121.5727006,25.0556412],[121.5727044,25.0556248],[121.5727014,25.0556072],[121.5726864,25.055578],[121.5726197,25.0555178],[121.5725831,25.0554891],[121.5725288,25.0554535],[121.5725027,25.0554284],[121.572475,25.0553855],[121.572456,25.0553405],[121.5724495,25.0553345],[121.5724349,25.0553336],[121.5724253,25.0553391],[121.5724006,25.0553347],[121.5723722,25.055333],[121.5723579,25.0553343],[121.572302,25.0553489],[121.572286,25.055284],[121.5722672,25.0552477],[121.5722117,25.0551894],[121.5719885,25.0549727],[121.5719088,25.0549623],[121.571851,25.0549618],[121.5718492,25.0549212],[121.5717283,25.0546657],[121.5716796,25.0546099],[121.5716142,25.0545045],[121.5716076,25.054707],[121.5716047,25.0547959],[121.5716083,25.0552297],[121.5716083,25.0552298],[121.5716087,25.0552648],[121.5716087,25.0552649],[121.571611,25.0555457],[121.571611,25.0555458],[121.5716132,25.055798],[121.5715945,25.0559531],[121.5715202,25.0565676],[121.5715178,25.0565879],[121.5714591,25.0570946],[121.571427,25.0573717],[121.5713055,25.0581437],[121.5713029,25.0581602],[121.5712941,25.0582158],[121.5712233,25.0585596],[121.5712087,25.0586304],[121.5712087,25.0586304],[121.5711632,25.0588511],[121.5711571,25.0588762],[121.5711048,25.0590902],[121.5710529,25.0593027],[121.5710424,25.0593383],[121.5708658,25.0599348],[121.5708581,25.0599611],[121.5708457,25.0599964],[121.5704993,25.0609845],[121.5700301,25.0621781],[121.5700299,25.0621785],[121.5702216,25.0620954],[121.5702502,25.0621452],[121.5704422,25.0620823],[121.5705751,25.0620313],[121.5706851,25.0620003],[121.5707997,25.0619933],[121.5708529,25.0619692],[121.5708705,25.0619298],[121.5709807,25.0619371],[121.5710035,25.0619092],[121.5711605,25.0618697],[121.5711623,25.0619471],[121.571299,25.0619404],[121.5713711,25.0619287],[121.5714312,25.0619111],[121.5715135,25.0619126],[121.5715343,25.0619201],[121.5716997,25.0619012],[121.5717211,25.0619044],[121.5718862,25.0618999],[121.571944,25.0619222],[121.5720336,25.0619175],[121.5721474,25.0618913],[121.5723164,25.061886],[121.5724243,25.0618969],[121.5723475,25.0623506],[121.5722378,25.0629988],[121.5719002,25.06298],[121.5715479,25.0629616],[121.5705934,25.0630345],[121.5704324,25.0630501],[121.5701327,25.0631597],[121.5698165,25.0633855],[121.5698297,25.0638419],[121.5698308,25.0638798],[121.5698357,25.0640503],[121.5698951,25.0641904],[121.5700168,25.0644776],[121.570454,25.0650689],[121.5705425,25.065198],[121.5706579,25.0654038],[121.5709459,25.0658256],[121.5710223,25.0659245],[121.5710244,25.0659502],[121.5710691,25.0662377],[121.5712601,25.0665469],[121.5713751,25.0668362],[121.5715604,25.0673023],[121.5716595,25.067548],[121.5717514,25.0678087],[121.5718857,25.0677739],[121.5719277,25.0678303],[121.5719582,25.0679284],[121.5719477,25.0680058],[121.5719717,25.0680398],[121.5720038,25.0680491],[121.5719181,25.0681065],[121.5719708,25.0682417],[121.5720104,25.0683031],[121.5720906,25.0683048],[121.5721231,25.0683271],[121.5721484,25.0683868],[121.5722058,25.0684104],[121.5722161,25.0684411],[121.5722115,25.0684796],[121.5721672,25.0685147],[121.5722009,25.0686531],[121.5722579,25.0686962],[121.5722828,25.06875],[121.5722849,25.0687885],[121.5723293,25.0688615],[121.5723204,25.0688924],[121.5723478,25.0689103],[121.5723245,25.0690315],[121.5723478,25.0690741],[121.5723509,25.0691313],[121.5723809,25.0692597],[121.5724042,25.0692981],[121.5723952,25.0693521],[121.5724385,25.0694599],[121.572466,25.0697332],[121.5724869,25.0697786],[121.5724973,25.0698445],[121.5724978,25.0698774],[121.5725306,25.0700707],[121.5725318,25.0701436],[121.5725502,25.0702003],[121.572534,25.0704869],[121.5725816,25.0706238],[121.5725934,25.0706578],[121.5725244,25.0707456],[121.5725029,25.0709039],[121.5725194,25.070972],[121.5724622,25.0711176],[121.5724622,25.071121],[121.5724571,25.0714256],[121.5724238,25.0716856],[121.5724127,25.071771],[121.5723865,25.0718846],[121.5723355,25.0719553],[121.5722921,25.0720477],[121.5723119,25.0721755],[121.5723078,25.0724226],[121.5722795,25.0725202],[121.572252,25.0728023],[121.5722108,25.0728497],[121.5721653,25.0729882],[121.572148,25.073182],[121.5721142,25.0734129],[121.5721102,25.0734391],[121.5721175,25.0735232],[121.5721293,25.0736655],[121.572056,25.0739572],[121.5719184,25.073908],[121.5718593,25.0740755],[121.5717939,25.07426],[121.5717652,25.0743333],[121.5717454,25.0743843],[121.571748,25.0744671],[121.5717481,25.0744807],[121.571746,25.0744879],[121.5717378,25.0745073],[121.5717171,25.0745557],[121.5716967,25.0746037],[121.5716775,25.0746489],[121.5716752,25.0746518],[121.5716433,25.0746994],[121.5716146,25.0747425],[121.5716132,25.0747473],[121.5715987,25.0747944],[121.5715953,25.0748047],[121.5716118,25.0748103],[121.5716024,25.0748324],[121.5715937,25.0748555],[121.5715702,25.0749159],[121.5715661,25.0749244],[121.571539,25.0749943],[121.5714877,25.0751248],[121.5714858,25.0751348],[121.5714227,25.0753098],[121.5713464,25.075415],[121.571335,25.0754125],[121.5712745,25.0755142],[121.5709597,25.0759481],[121.5709567,25.0759523],[121.5708733,25.0759998],[121.5708326,25.0760783],[121.5707715,25.0760919],[121.5707236,25.0761411],[121.5707588,25.0761834],[121.5705255,25.076384],[121.5702616,25.0765502],[121.5700796,25.0764026],[121.5700403,25.0764878],[121.5700371,25.076488],[121.5700271,25.0764876],[121.5699724,25.0764853],[121.5698919,25.0764817],[121.5697694,25.0765473],[121.5697692,25.0765475],[121.5698301,25.0767245],[121.5698301,25.0767246],[121.5698749,25.0768536],[121.5698749,25.0768537],[121.569919,25.076983],[121.569919,25.0769831],[121.5702992,25.0768402],[121.5706474,25.0766408]]]}},{"type":"Feature","id":300,"properties":{"sectionCode":"0522","sectionName":"安康段","districtName":"內湖區","fullName":"內湖區安康段"},"geometry":{"type":"Polygon","coordinates":[[[121.5966898,25.0609023],[121.5967165,25.0607792],[121.5967182,25.0607718],[121.5967393,25.0606744],[121.5967568,25.0605942],[121.5967849,25.0605113],[121.5968168,25.06047],[121.5968529,25.0604348],[121.5968547,25.060433],[121.5968919,25.0604092],[121.5969565,25.0603779],[121.5969638,25.0603743],[121.5969713,25.0603719],[121.5970229,25.0603551],[121.5970405,25.0603494],[121.5970654,25.0603523],[121.5972191,25.0603701],[121.5973733,25.0603881],[121.5975839,25.0604126],[121.5976993,25.0604261],[121.597748,25.0604317],[121.5977787,25.0604353],[121.5979222,25.060452],[121.5980869,25.0604712],[121.5981516,25.0604787],[121.5983451,25.0605013],[121.5985089,25.0605203],[121.5986335,25.0605348],[121.5986469,25.0605364],[121.5988021,25.0605545],[121.5990005,25.0605775],[121.5990301,25.060581],[121.5990615,25.0605846],[121.599376,25.0606214],[121.599441,25.060629],[121.5996948,25.0606588],[121.5999489,25.0606886],[121.6001406,25.0607111],[121.6001809,25.0607159],[121.6003046,25.0607304],[121.6005543,25.0607597],[121.6007094,25.0607779],[121.6010043,25.0608125],[121.6011211,25.0608262],[121.6012337,25.0608394],[121.6013304,25.0608507],[121.6013969,25.0608585],[121.6015761,25.0608795],[121.6019985,25.0609288],[121.6021264,25.0609438],[121.6026148,25.0610009],[121.6028117,25.0610239],[121.6028241,25.0609338],[121.602829,25.0608978],[121.6028689,25.0606074],[121.6029139,25.0602805],[121.6029224,25.0602182],[121.6029264,25.0601892],[121.6029384,25.0601016],[121.6028404,25.0600889],[121.6027774,25.0600807],[121.6027702,25.0600736],[121.6027406,25.0600044],[121.6027115,25.059937],[121.602687,25.0598971],[121.6026408,25.059847],[121.6024493,25.0598191],[121.6022788,25.0598056],[121.6022158,25.0598055],[121.6020369,25.0597934],[121.6019685,25.059789],[121.6016499,25.059777],[121.601591,25.059782],[121.6014746,25.0597754],[121.6010742,25.0597832],[121.6009498,25.0597716],[121.6008361,25.0597607],[121.6008233,25.0597827],[121.6006568,25.0597501],[121.6005703,25.0597453],[121.6004996,25.0597105],[121.600511,25.0596934],[121.6001874,25.0595727],[121.6001781,25.0595687],[121.5999902,25.0594791],[121.5998722,25.0594437],[121.5998615,25.0594717],[121.5996817,25.0594551],[121.5995897,25.0593925],[121.5995029,25.0593562],[121.5994741,25.0593478],[121.5993793,25.0593196],[121.5993412,25.0593344],[121.5993187,25.0593087],[121.5992285,25.0592526],[121.5991001,25.0591737],[121.5986715,25.0589085],[121.5986712,25.0589085],[121.5984966,25.0589631],[121.5984964,25.0589632],[121.5981128,25.0590716],[121.5981125,25.0590717],[121.5975506,25.0592717],[121.5975504,25.0592718],[121.596891,25.059519],[121.5962696,25.0597507],[121.5961675,25.0597911],[121.5961684,25.059793],[121.5961957,25.0598521],[121.5962454,25.060016],[121.5963621,25.0603332],[121.5963908,25.0604146],[121.5964386,25.0605006],[121.5964279,25.0605171],[121.5961564,25.0606286],[121.5960154,25.0606836],[121.5958546,25.0607393],[121.5957228,25.0607795],[121.5955557,25.0608239],[121.5954668,25.0608446],[121.5954269,25.060689],[121.5954099,25.0606233],[121.595409,25.0606185],[121.595409,25.0606115],[121.595403,25.060604],[121.5952795,25.060265],[121.5952612,25.0601451],[121.5952625,25.0600962],[121.5952499,25.0600565],[121.595165,25.060034],[121.594901,25.0600409],[121.5948998,25.060041],[121.5947022,25.060047],[121.5944148,25.060031],[121.5942065,25.0600112],[121.5938915,25.0599532],[121.5937162,25.0599101],[121.5934334,25.0598203],[121.593215,25.0597342],[121.5929415,25.0595997],[121.5929415,25.0595999],[121.5929363,25.0596139],[121.593018,25.0597269],[121.5933703,25.0604847],[121.5934637,25.0608088],[121.593424,25.0607983],[121.5932279,25.0607402],[121.5928115,25.060581],[121.5922998,25.0603074],[121.5921403,25.0602012],[121.5920821,25.0601555],[121.5918005,25.0599498],[121.5917223,25.0598935],[121.5917116,25.0599013],[121.5917763,25.0599939],[121.5917632,25.0600152],[121.5917616,25.060018],[121.5917145,25.0600998],[121.5916895,25.0601431],[121.5915988,25.0603188],[121.5915255,25.0605012],[121.5914973,25.0605833],[121.5914932,25.0606027],[121.5914922,25.0606225],[121.5914943,25.0606422],[121.5914993,25.0606615],[121.5916081,25.0607558],[121.5917524,25.0608761],[121.5922046,25.0612531],[121.592482,25.0614842],[121.5926076,25.0615969],[121.5926951,25.0616904],[121.5927075,25.0617037],[121.5927687,25.0617692],[121.5927977,25.0618037],[121.5932868,25.0623853],[121.5933535,25.0624455],[121.5934295,25.0624956],[121.5935131,25.0625346],[121.5936022,25.0625614],[121.5936948,25.0625754],[121.5947784,25.0626133],[121.5948475,25.0626197],[121.5949781,25.0626317],[121.5950436,25.0626377],[121.5951441,25.0626623],[121.595245,25.0626971],[121.5952479,25.0626983],[121.5952508,25.0626995],[121.5952852,25.0627134],[121.5953604,25.0627434],[121.5954652,25.0627747],[121.5954977,25.0627843],[121.5955964,25.0628138],[121.5956234,25.0628198],[121.595651,25.0628219],[121.5956787,25.06282],[121.5957057,25.0628143],[121.5957315,25.0628048],[121.5957553,25.0627918],[121.5957766,25.0627756],[121.5957948,25.0627566],[121.5958097,25.0627352],[121.5958265,25.062711],[121.595831,25.0627045],[121.595838,25.0626944],[121.5958465,25.0626821],[121.5958629,25.0626585],[121.5958873,25.0626332],[121.5958941,25.0626261],[121.5959041,25.0626158],[121.59591,25.0626096],[121.5959131,25.0626065],[121.595914,25.0626055],[121.5959287,25.0625903],[121.5959449,25.0625779],[121.5959846,25.0625479],[121.5960053,25.0625322],[121.5960442,25.0625105],[121.5960664,25.0624981],[121.596077,25.0624922],[121.596149,25.0624578],[121.596208,25.0624245],[121.5962125,25.062422],[121.5962439,25.0623983],[121.5962574,25.0623881],[121.5962699,25.0623786],[121.5963045,25.0623478],[121.5963086,25.0623442],[121.5963383,25.0623084],[121.5963412,25.0623049],[121.596367,25.0622616],[121.5963712,25.0622493],[121.5964253,25.0620905],[121.5964431,25.062038],[121.5964521,25.0619968],[121.5964747,25.0618924],[121.59659,25.0613619],[121.5965965,25.0613317],[121.5966028,25.0613027],[121.5966247,25.061202],[121.5966701,25.0609931],[121.5966811,25.0609422],[121.5966898,25.0609023]]]}},{"type":"Feature","id":301,"properties":{"sectionCode":"0523","sectionName":"潭美段五小段","districtName":"內湖區","fullName":"內湖區潭美段五小段"},"geometry":{"type":"Polygon","coordinates":[[[121.5905257,25.0634187],[121.5905331,25.0633559],[121.590622,25.0633642],[121.5906499,25.063367],[121.590653,25.0633407],[121.5906583,25.0632931],[121.5906709,25.063185],[121.5906771,25.0631308],[121.5906809,25.0630977],[121.5906815,25.0630924],[121.5906861,25.063054],[121.5906905,25.0630176],[121.5907067,25.0628773],[121.5907262,25.0627069],[121.5907405,25.0625735],[121.5907443,25.0624804],[121.5907451,25.0624546],[121.5907532,25.0622388],[121.5907494,25.0622373],[121.5907221,25.0622243],[121.5906234,25.0621779],[121.5905097,25.0621237],[121.5903202,25.0620306],[121.5903084,25.0620248],[121.5898199,25.0617787],[121.5893813,25.0615477],[121.5892659,25.0614871],[121.5889271,25.0613108],[121.5886222,25.0611501],[121.587386,25.0604869],[121.5850546,25.0592362],[121.5848941,25.0591499],[121.5848788,25.059142],[121.5847832,25.0590914],[121.5842427,25.0588061],[121.5826675,25.057962],[121.581486,25.0573288],[121.5814596,25.0573146],[121.5813069,25.0572323],[121.5813059,25.0572317],[121.5811967,25.057422],[121.5807724,25.0581617],[121.5806103,25.0584442],[121.5805655,25.0585417],[121.5805394,25.0586448],[121.5805328,25.0587504],[121.5805459,25.0588555],[121.5805783,25.058957],[121.5806291,25.0590521],[121.5806968,25.059138],[121.5807794,25.0592123],[121.5814767,25.05974],[121.581553,25.0597977],[121.5826325,25.0606148],[121.5832861,25.0611095],[121.5833772,25.0611784],[121.5837474,25.061494],[121.5840744,25.0618469],[121.5841636,25.0619543],[121.5846717,25.0626629],[121.5847046,25.0627088],[121.5850341,25.0632995],[121.5853746,25.0641146],[121.5853746,25.0641146],[121.58547,25.0643928],[121.5855144,25.0645223],[121.5856069,25.0647925],[121.5857213,25.0652673],[121.585744,25.0657529],[121.5856745,25.0662348],[121.5856551,25.0663101],[121.5856561,25.0663095],[121.5856567,25.0663092],[121.5856567,25.0663092],[121.5856968,25.066288],[121.5857729,25.0662475],[121.5858113,25.0662272],[121.585841,25.0662114],[121.5858651,25.0661986],[121.5858975,25.0661814],[121.5859114,25.0661781],[121.5861459,25.0661217],[121.586164,25.0661174],[121.586397,25.0660614],[121.5865316,25.0659946],[121.586945,25.0657894],[121.5872965,25.065615],[121.5877262,25.0654016],[121.5878592,25.0653222],[121.5881257,25.0651632],[121.5881515,25.0651478],[121.588272,25.0650861],[121.5885094,25.0649646],[121.5886024,25.0649182],[121.5886293,25.0649051],[121.5889908,25.06473],[121.5890185,25.0647166],[121.5890239,25.0647163],[121.5893439,25.0645657],[121.589474,25.0645043],[121.5899363,25.0642999],[121.5900264,25.0642777],[121.5900361,25.0642666],[121.590152,25.0641387],[121.5901618,25.0641282],[121.5902613,25.0640192],[121.5902718,25.0640073],[121.5904045,25.0638613],[121.5904977,25.0635209],[121.5905257,25.0634187]]]}},{"type":"Feature","id":302,"properties":{"sectionCode":"0524","sectionName":"石潭段五小段","districtName":"內湖區","fullName":"內湖區石潭段五小段"},"geometry":{"type":"Polygon","coordinates":[[[121.5976854,25.0652536],[121.59767,25.0647683],[121.5976693,25.0647468],[121.5976667,25.0646635],[121.5976614,25.0644843],[121.5976614,25.0644842],[121.5976607,25.0644585],[121.5976606,25.0644585],[121.5975547,25.0644655],[121.5975547,25.0644655],[121.5975472,25.0644665],[121.5975472,25.0644665],[121.5975126,25.0644688],[121.5975126,25.0644688],[121.5974647,25.0644722],[121.5972285,25.0644894],[121.5970382,25.0644615],[121.597009,25.064457],[121.5969899,25.064454],[121.5969439,25.0644719],[121.5968912,25.0644926],[121.5967523,25.0645473],[121.5967107,25.0645317],[121.5967107,25.0645317],[121.5965143,25.0644551],[121.5965142,25.0644551],[121.59648,25.064447],[121.5964799,25.064447],[121.5964261,25.0644333],[121.5963061,25.0644031],[121.5962646,25.0643928],[121.5962646,25.0643928],[121.5962467,25.0643879],[121.5962467,25.0643879],[121.5960915,25.0643489],[121.5959509,25.0643139],[121.5959167,25.0643058],[121.5958562,25.0642915],[121.5957235,25.0642594],[121.5957235,25.0642594],[121.5956871,25.0642509],[121.5956609,25.0642444],[121.5956593,25.064244],[121.5956593,25.064244],[121.5956407,25.0642135],[121.5956176,25.0641858],[121.5955903,25.0641614],[121.5955595,25.0641407],[121.5955183,25.0641225],[121.5954742,25.064111],[121.5954287,25.0641065],[121.5954286,25.0641065],[121.5950385,25.0641131],[121.5948123,25.0641347],[121.5945372,25.064161],[121.5940672,25.0643089],[121.5935991,25.0643782],[121.5934034,25.0644072],[121.5934034,25.0644072],[121.5934051,25.0644094],[121.5934219,25.0644314],[121.5934251,25.0644356],[121.5934552,25.0644751],[121.5934791,25.0645057],[121.5934911,25.0645213],[121.5935402,25.0645846],[121.5935432,25.0645885],[121.5938424,25.0649738],[121.5939099,25.0650612],[121.5939358,25.0650946],[121.5941427,25.0653614],[121.5941994,25.0654605],[121.5942882,25.0654285],[121.594295,25.065426],[121.5944128,25.0653818],[121.5948019,25.0652358],[121.5948099,25.0652328],[121.5949825,25.0651681],[121.5950035,25.0651602],[121.5950994,25.0651242],[121.5951,25.0651239],[121.59552,25.0649677],[121.5955273,25.0649656],[121.5955348,25.0649646],[121.5955424,25.0649647],[121.5955499,25.0649659],[121.595557,25.0649682],[121.5955637,25.0649716],[121.5955697,25.0649758],[121.5955748,25.0649809],[121.595579,25.0649866],[121.5955822,25.0649929],[121.5955841,25.0649993],[121.5955842,25.0649996],[121.5955849,25.0650065],[121.5955836,25.0649441],[121.5955865,25.0649429],[121.595643,25.0649204],[121.5956938,25.0649001],[121.5957015,25.064897],[121.595702,25.0649212],[121.595702,25.0649214],[121.5957024,25.0649389],[121.5957025,25.0649424],[121.5957029,25.0649352],[121.5957029,25.0649345],[121.5957047,25.0649268],[121.5957079,25.0649194],[121.5957091,25.0649176],[121.5957124,25.0649127],[121.5957151,25.0649098],[121.595718,25.0649067],[121.5957199,25.0649053],[121.5957244,25.0649019],[121.5957247,25.0649016],[121.5957256,25.0649011],[121.5957321,25.0648976],[121.5957402,25.0648948],[121.5957487,25.0648933],[121.595791,25.0648917],[121.5958064,25.0648912],[121.5958152,25.0648922],[121.5958518,25.0648964],[121.5958636,25.0648977],[121.5958693,25.0648993],[121.5959084,25.0649099],[121.5959188,25.0649128],[121.5959598,25.0649274],[121.5962032,25.0650141],[121.5975059,25.0654773],[121.597554,25.0654944],[121.5976947,25.0655444],[121.5976916,25.0654486],[121.5976899,25.0653938],[121.5976892,25.065372],[121.5976854,25.0652536]]]}}]}